appointment_id,date,start_time,hour,provider,service,status,duration_min,wait_min,revenue,payer,patient_ref
APT-000004,2025-01-06,08:42,8,Dr. Almeida,Physio session,kept,48.6,9.3,84.97,Insurance,PT-2078
APT-000015,2025-01-06,09:04,9,Dr. Chandra,Filling,kept,54.4,4.9,157.9,Corporate plan,PT-1286
APT-000035,2025-01-06,09:06,9,Dr. Almeida,Root canal,kept,90.3,8.8,679.71,Private,PT-2660
APT-000018,2025-01-06,09:09,9,"K. Duarte, PT",Exam & imaging,kept,19.3,5.2,83.9,Insurance,PT-1497
APT-000047,2025-01-06,09:09,9,"K. Duarte, PT",Hygiene recall,kept,42.5,9.6,122.57,Corporate plan,PT-1556
APT-000044,2025-01-06,09:28,9,"K. Duarte, PT",Hygiene recall,kept,35.0,11.1,102.81,Insurance,PT-1132
APT-000000,2025-01-06,09:36,9,Dr. Almeida,Root canal,rescheduled,81.5,9.7,0.0,Corporate plan,PT-2328
APT-000008,2025-01-06,09:41,9,Dr. Chandra,Hygiene recall,kept,41.2,7.6,98.51,Corporate plan,PT-1430
APT-000017,2025-01-06,10:10,10,"K. Duarte, PT",Filling,kept,53.3,5.6,179.91,Insurance,PT-2022
APT-000009,2025-01-06,10:11,10,Dr. Almeida,Physio assessment,kept,58.4,4.6,124.6,Insurance,PT-1625
APT-000039,2025-01-06,10:18,10,"K. Duarte, PT",Physio assessment,cancelled,61.9,2.7,19.64,Private,PT-2951
APT-000029,2025-01-06,10:21,10,Dr. Benitez,Hygiene recall,kept,50.1,4.8,102.73,Corporate plan,PT-2661
APT-000049,2025-01-06,10:27,10,Dr. Almeida,Hygiene recall,kept,47.7,8.9,104.5,Corporate plan,PT-1306
APT-000048,2025-01-06,10:28,10,Dr. Chandra,Crown fit,kept,65.4,6.1,815.77,Insurance,PT-1982
APT-000032,2025-01-06,10:45,10,Dr. Almeida,Physio session,kept,43.7,2.9,103.11,Private,PT-1472
APT-000038,2025-01-06,11:15,11,Dr. Almeida,Hygiene recall,kept,36.5,7.3,121.77,Insurance,PT-1473
APT-000006,2025-01-06,11:32,11,Dr. Benitez,Hygiene recall,kept,49.6,9.3,130.87,Private,PT-2097
APT-000023,2025-01-06,11:44,11,Dr. Almeida,Exam & imaging,kept,33.3,7.2,56.35,Public scheme,PT-1617
APT-000016,2025-01-06,11:47,11,Dr. Chandra,Physio session,no_show,38.2,10.2,0.0,Insurance,PT-2342
APT-000040,2025-01-06,11:52,11,Dr. Almeida,Hygiene recall,no_show,52.3,6.6,0.0,Insurance,PT-2180
APT-000014,2025-01-06,11:56,11,"K. Duarte, PT",Root canal,kept,75.0,5.1,629.36,Private,PT-3085
APT-000011,2025-01-06,12:28,12,Dr. Benitez,Follow-up consult,kept,28.7,6.9,66.42,Insurance,PT-1115
APT-000012,2025-01-06,12:29,12,"K. Duarte, PT",Filling,rescheduled,38.8,16.4,0.0,Insurance,PT-2886
APT-000031,2025-01-06,12:58,12,Dr. Almeida,Exam & imaging,kept,17.1,5.8,96.56,Private,PT-1562
APT-000005,2025-01-06,13:02,13,Dr. Almeida,Physio session,kept,44.4,10.8,92.33,Corporate plan,PT-1363
APT-000036,2025-01-06,13:26,13,Dr. Benitez,Physio session,kept,35.8,15.6,94.69,Private,PT-2904
APT-000041,2025-01-06,13:46,13,Dr. Chandra,Hygiene recall,kept,37.1,11.6,90.31,Public scheme,PT-3019
APT-000028,2025-01-06,13:52,13,Dr. Almeida,Hygiene recall,kept,40.1,18.8,131.47,Insurance,PT-2775
APT-000043,2025-01-06,14:00,14,Dr. Benitez,Root canal,kept,84.3,8.7,511.79,Insurance,PT-1683
APT-000024,2025-01-06,14:28,14,Dr. Benitez,Physio session,cancelled,34.4,10.6,11.28,Insurance,PT-1839
APT-000019,2025-01-06,14:29,14,Dr. Benitez,Filling,kept,37.7,10.9,175.52,Insurance,PT-1784
APT-000021,2025-01-06,14:31,14,Dr. Benitez,Crown fit,kept,69.8,16.3,818.44,Insurance,PT-2291
APT-000022,2025-01-06,14:35,14,Dr. Benitez,Crown fit,kept,58.8,21.5,859.28,Private,PT-2613
APT-000030,2025-01-06,14:35,14,"K. Duarte, PT",Exam & imaging,kept,26.5,14.3,74.58,Insurance,PT-2698
APT-000026,2025-01-06,14:41,14,Dr. Almeida,Exam & imaging,kept,17.9,19.1,80.18,Insurance,PT-1570
APT-000033,2025-01-06,14:45,14,Dr. Almeida,Hygiene recall,kept,42.1,11.0,139.97,Private,PT-1890
APT-000001,2025-01-06,14:50,14,"K. Duarte, PT",Filling,kept,37.8,20.0,241.45,Private,PT-2455
APT-000027,2025-01-06,15:08,15,Dr. Almeida,Hygiene recall,kept,33.7,9.7,129.41,Private,PT-1728
APT-000042,2025-01-06,15:15,15,Dr. Benitez,Physio assessment,kept,57.8,10.6,170.13,Private,PT-1857
APT-000007,2025-01-06,15:19,15,"K. Duarte, PT",Exam & imaging,kept,33.4,12.5,104.52,Private,PT-1306
APT-000025,2025-01-06,15:26,15,Dr. Chandra,Physio assessment,cancelled,55.9,9.7,16.6,Private,PT-1074
APT-000010,2025-01-06,15:29,15,Dr. Almeida,Physio session,kept,41.4,28.6,100.67,Private,PT-3136
APT-000037,2025-01-06,15:48,15,Dr. Almeida,Exam & imaging,kept,30.5,13.3,94.34,Private,PT-1894
APT-000002,2025-01-06,16:10,16,Dr. Benitez,Physio assessment,kept,56.0,14.8,127.91,Insurance,PT-1537
APT-000046,2025-01-06,16:32,16,"K. Duarte, PT",Physio session,kept,37.4,26.4,91.6,Private,PT-2090
APT-000034,2025-01-06,16:48,16,Dr. Benitez,Physio session,kept,38.2,9.0,99.27,Private,PT-1940
APT-000045,2025-01-06,16:52,16,Dr. Almeida,Hygiene recall,kept,35.1,10.0,124.26,Private,PT-2619
APT-000003,2025-01-06,16:54,16,Dr. Benitez,Hygiene recall,kept,48.7,12.8,129.24,Private,PT-2117
APT-000013,2025-01-06,17:55,17,Dr. Benitez,Root canal,cancelled,81.0,8.9,60.59,Corporate plan,PT-1476
APT-000020,2025-01-06,17:58,17,Dr. Almeida,Hygiene recall,rescheduled,48.0,11.0,0.0,Insurance,PT-1894
APT-000088,2025-01-07,08:08,8,Dr. Benitez,Exam & imaging,kept,29.2,6.9,80.35,Private,PT-3117
APT-000077,2025-01-07,08:15,8,Dr. Benitez,Hygiene recall,kept,52.6,7.9,103.88,Corporate plan,PT-1295
APT-000062,2025-01-07,09:12,9,Dr. Almeida,Hygiene recall,kept,44.7,5.8,128.52,Insurance,PT-2231
APT-000059,2025-01-07,09:20,9,Dr. Almeida,Hygiene recall,cancelled,49.2,9.4,15.97,Private,PT-2142
APT-000086,2025-01-07,09:26,9,"M. Ellis, PT",Crown fit,kept,79.4,4.1,686.43,Corporate plan,PT-2523
APT-000058,2025-01-07,09:38,9,"K. Duarte, PT",Hygiene recall,cancelled,45.8,10.9,17.48,Private,PT-1108
APT-000083,2025-01-07,09:40,9,"M. Ellis, PT",Hygiene recall,kept,50.1,19.2,124.05,Private,PT-1929
APT-000068,2025-01-07,09:41,9,Dr. Almeida,Exam & imaging,rescheduled,18.6,14.1,0.0,Private,PT-2988
APT-000075,2025-01-07,10:04,10,Dr. Almeida,Hygiene recall,kept,45.9,4.7,102.29,Insurance,PT-1579
APT-000094,2025-01-07,10:10,10,Dr. Almeida,Exam & imaging,kept,21.4,3.9,74.0,Insurance,PT-3072
APT-000055,2025-01-07,10:17,10,Dr. Chandra,Exam & imaging,kept,38.5,4.5,79.64,Insurance,PT-2146
APT-000069,2025-01-07,10:32,10,Dr. Chandra,Filling,kept,34.5,7.0,172.35,Corporate plan,PT-3029
APT-000079,2025-01-07,10:37,10,"M. Ellis, PT",Hygiene recall,kept,49.0,7.2,123.34,Insurance,PT-1414
APT-000087,2025-01-07,10:58,10,Dr. Benitez,Exam & imaging,kept,28.6,14.9,91.57,Insurance,PT-1452
APT-000070,2025-01-07,11:29,11,Dr. Chandra,Filling,kept,46.1,9.9,192.86,Insurance,PT-2604
APT-000054,2025-01-07,11:34,11,"K. Duarte, PT",Physio assessment,kept,73.3,14.2,108.26,Corporate plan,PT-1826
APT-000090,2025-01-07,11:38,11,Dr. Chandra,Hygiene recall,cancelled,46.6,7.5,12.79,Corporate plan,PT-1808
APT-000092,2025-01-07,11:48,11,Dr. Benitez,Hygiene recall,kept,40.3,2.9,126.22,Private,PT-2707
APT-000065,2025-01-07,12:03,12,Dr. Almeida,Exam & imaging,kept,15.1,3.3,64.61,Corporate plan,PT-1282
APT-000084,2025-01-07,12:03,12,"M. Ellis, PT",Filling,kept,36.3,9.9,205.06,Insurance,PT-1252
APT-000080,2025-01-07,12:04,12,"M. Ellis, PT",Filling,kept,46.8,9.6,212.35,Private,PT-2896
APT-000097,2025-01-07,12:12,12,Dr. Chandra,Physio session,rescheduled,51.8,7.1,0.0,Private,PT-2989
APT-000098,2025-01-07,12:37,12,"K. Duarte, PT",Exam & imaging,kept,33.5,7.5,83.09,Insurance,PT-3090
APT-000051,2025-01-07,13:17,13,Dr. Chandra,Hygiene recall,kept,42.2,14.7,142.06,Private,PT-2931
APT-000082,2025-01-07,13:34,13,Dr. Chandra,Physio session,kept,41.0,15.0,107.79,Private,PT-1550
APT-000064,2025-01-07,13:35,13,"M. Ellis, PT",Hygiene recall,kept,51.5,9.6,130.53,Private,PT-1757
APT-000057,2025-01-07,13:43,13,"M. Ellis, PT",Filling,kept,41.9,13.8,206.42,Private,PT-1440
APT-000091,2025-01-07,13:48,13,Dr. Chandra,Filling,kept,36.4,10.5,137.32,Public scheme,PT-1636
APT-000089,2025-01-07,13:53,13,"K. Duarte, PT",Hygiene recall,kept,41.9,10.9,140.16,Private,PT-2462
APT-000063,2025-01-07,13:55,13,Dr. Benitez,Filling,kept,58.0,10.3,208.04,Private,PT-1276
APT-000093,2025-01-07,14:10,14,Dr. Benitez,Hygiene recall,cancelled,46.8,9.3,11.5,Corporate plan,PT-1878
APT-000061,2025-01-07,14:36,14,Dr. Almeida,Physio assessment,kept,58.7,12.2,160.44,Private,PT-1639
APT-000074,2025-01-07,14:49,14,"M. Ellis, PT",Physio session,kept,48.1,9.3,110.96,Private,PT-1593
APT-000072,2025-01-07,14:56,14,"K. Duarte, PT",Crown fit,kept,64.2,8.9,744.21,Insurance,PT-3036
APT-000085,2025-01-07,14:57,14,Dr. Benitez,Filling,kept,46.2,14.8,165.95,Corporate plan,PT-1944
APT-000073,2025-01-07,15:21,15,"K. Duarte, PT",Hygiene recall,kept,44.6,22.0,134.33,Private,PT-1029
APT-000078,2025-01-07,15:25,15,"K. Duarte, PT",Follow-up consult,kept,25.5,8.9,58.11,Insurance,PT-3129
APT-000050,2025-01-07,15:44,15,Dr. Chandra,Hygiene recall,kept,51.4,11.8,111.17,Insurance,PT-1602
APT-000071,2025-01-07,16:22,16,Dr. Chandra,Hygiene recall,kept,36.2,16.0,112.07,Insurance,PT-1312
APT-000076,2025-01-07,16:32,16,"K. Duarte, PT",Hygiene recall,kept,63.8,8.7,83.76,Public scheme,PT-2636
APT-000052,2025-01-07,16:34,16,"M. Ellis, PT",Hygiene recall,kept,43.7,14.9,105.79,Private,PT-1141
APT-000053,2025-01-07,16:48,16,Dr. Almeida,Exam & imaging,kept,22.8,9.1,52.98,Public scheme,PT-2368
APT-000099,2025-01-07,16:52,16,"K. Duarte, PT",Hygiene recall,kept,35.7,10.4,144.63,Private,PT-1541
APT-000095,2025-01-07,16:58,16,Dr. Almeida,Hygiene recall,kept,40.9,11.7,135.05,Private,PT-2019
APT-000081,2025-01-07,17:05,17,Dr. Benitez,Follow-up consult,cancelled,17.5,14.5,7.15,Corporate plan,PT-2283
APT-000066,2025-01-07,17:16,17,"M. Ellis, PT",Filling,no_show,38.7,8.5,0.0,Private,PT-1247
APT-000096,2025-01-07,17:25,17,"K. Duarte, PT",Hygiene recall,no_show,62.2,11.0,0.0,Insurance,PT-2540
APT-000060,2025-01-07,17:33,17,"M. Ellis, PT",Crown fit,kept,57.9,20.0,838.72,Private,PT-3097
APT-000056,2025-01-07,17:45,17,Dr. Almeida,Exam & imaging,cancelled,21.2,15.7,12.79,Private,PT-2333
APT-000067,2025-01-07,17:48,17,"K. Duarte, PT",Hygiene recall,cancelled,47.1,12.7,14.95,Private,PT-2762
APT-000133,2025-01-08,09:05,9,"M. Ellis, PT",Physio session,kept,36.2,19.5,97.83,Insurance,PT-3102
APT-000129,2025-01-08,09:19,9,Dr. Benitez,Exam & imaging,kept,21.3,6.5,74.72,Insurance,PT-2362
APT-000101,2025-01-08,09:24,9,Dr. Benitez,Physio assessment,kept,46.3,3.9,110.75,Corporate plan,PT-1074
APT-000127,2025-01-08,09:33,9,Dr. Benitez,Physio assessment,kept,66.7,12.7,141.58,Private,PT-1995
APT-000136,2025-01-08,09:44,9,Dr. Faber,Root canal,kept,71.2,5.1,566.66,Insurance,PT-1217
APT-000105,2025-01-08,09:54,9,"M. Ellis, PT",Filling,kept,47.7,3.5,177.59,Insurance,PT-2090
APT-000121,2025-01-08,09:54,9,"M. Ellis, PT",Hygiene recall,no_show,51.1,4.2,0.0,Corporate plan,PT-1875
APT-000138,2025-01-08,10:08,10,Dr. Benitez,Physio assessment,kept,44.5,19.6,153.49,Insurance,PT-2600
APT-000120,2025-01-08,10:22,10,Dr. Almeida,Exam & imaging,kept,30.4,10.2,76.03,Corporate plan,PT-1131
APT-000132,2025-01-08,11:00,11,"K. Duarte, PT",Exam & imaging,cancelled,36.9,7.1,10.76,Private,PT-2851
APT-000123,2025-01-08,11:23,11,"K. Duarte, PT",Hygiene recall,kept,40.4,3.0,132.53,Private,PT-2552
APT-000111,2025-01-08,11:28,11,Dr. Benitez,Exam & imaging,cancelled,16.0,4.8,8.94,Corporate plan,PT-2451
APT-000112,2025-01-08,11:47,11,Dr. Faber,Crown fit,kept,49.6,5.1,968.32,Private,PT-1001
APT-000107,2025-01-08,11:48,11,Dr. Almeida,Exam & imaging,kept,18.3,5.2,88.03,Insurance,PT-2954
APT-000100,2025-01-08,11:51,11,"M. Ellis, PT",Exam & imaging,kept,26.0,13.7,92.58,Private,PT-2566
APT-000102,2025-01-08,12:03,12,Dr. Faber,Hygiene recall,rescheduled,43.8,4.2,0.0,Private,PT-1644
APT-000137,2025-01-08,12:05,12,"M. Ellis, PT",Hygiene recall,cancelled,58.3,3.5,10.99,Corporate plan,PT-1808
APT-000135,2025-01-08,12:12,12,Dr. Benitez,Physio session,kept,33.8,3.6,96.95,Insurance,PT-3184
APT-000106,2025-01-08,12:33,12,"K. Duarte, PT",Physio session,kept,44.0,6.6,111.98,Private,PT-2965
APT-000116,2025-01-08,12:58,12,Dr. Almeida,Hygiene recall,kept,46.6,3.5,120.89,Corporate plan,PT-3117
APT-000118,2025-01-08,12:58,12,"K. Duarte, PT",Filling,kept,48.9,6.3,163.02,Corporate plan,PT-2680
APT-000126,2025-01-08,13:56,13,"K. Duarte, PT",Filling,kept,50.8,9.4,203.18,Private,PT-3128
APT-000109,2025-01-08,14:09,14,Dr. Faber,Hygiene recall,kept,44.4,11.1,133.75,Insurance,PT-1544
APT-000108,2025-01-08,14:14,14,Dr. Almeida,Exam & imaging,no_show,19.5,9.8,0.0,Private,PT-3060
APT-000125,2025-01-08,14:15,14,"K. Duarte, PT",Exam & imaging,rescheduled,29.2,17.0,0.0,Private,PT-2381
APT-000113,2025-01-08,14:29,14,Dr. Almeida,Exam & imaging,kept,21.8,23.5,95.3,Insurance,PT-1583
APT-000104,2025-01-08,14:36,14,"K. Duarte, PT",Crown fit,kept,64.9,16.1,640.25,Corporate plan,PT-2980
APT-000117,2025-01-08,15:05,15,"K. Duarte, PT",Follow-up consult,kept,13.2,13.0,74.73,Private,PT-1752
APT-000128,2025-01-08,15:30,15,"M. Ellis, PT",Physio session,kept,45.3,10.0,99.57,Insurance,PT-2575
APT-000115,2025-01-08,15:59,15,Dr. Almeida,Physio session,kept,44.3,16.5,97.19,Insurance,PT-2956
APT-000134,2025-01-08,16:04,16,"M. Ellis, PT",Hygiene recall,kept,61.4,11.0,103.75,Corporate plan,PT-1788
APT-000122,2025-01-08,16:10,16,"M. Ellis, PT",Filling,no_show,50.4,14.5,0.0,Corporate plan,PT-2545
APT-000103,2025-01-08,16:38,16,Dr. Benitez,Filling,kept,47.9,9.1,219.71,Private,PT-2822
APT-000114,2025-01-08,16:47,16,Dr. Almeida,Physio session,kept,36.9,8.6,64.93,Public scheme,PT-1852
APT-000124,2025-01-08,16:49,16,Dr. Almeida,Exam & imaging,kept,25.9,13.0,78.09,Insurance,PT-3017
APT-000131,2025-01-08,16:55,16,Dr. Almeida,Hygiene recall,kept,43.3,9.1,112.69,Private,PT-3045
APT-000130,2025-01-08,17:07,17,"K. Duarte, PT",Filling,kept,39.6,13.0,138.14,Public scheme,PT-2898
APT-000119,2025-01-08,17:30,17,Dr. Benitez,Hygiene recall,rescheduled,59.3,12.2,0.0,Insurance,PT-2198
APT-000110,2025-01-08,17:38,17,Dr. Almeida,Physio session,kept,41.5,11.8,86.79,Insurance,PT-1563
APT-000152,2025-01-09,08:05,8,Dr. Almeida,Physio session,kept,40.0,4.8,99.06,Insurance,PT-2214
APT-000164,2025-01-09,09:21,9,"K. Duarte, PT",Physio assessment,rescheduled,58.7,6.1,0.0,Private,PT-2485
APT-000183,2025-01-09,10:01,10,Dr. Almeida,Exam & imaging,kept,27.7,4.0,80.52,Insurance,PT-1564
APT-000146,2025-01-09,10:05,10,Dr. Faber,Hygiene recall,kept,47.9,9.2,123.64,Insurance,PT-2105
APT-000172,2025-01-09,10:18,10,Dr. Faber,Hygiene recall,no_show,56.0,11.0,0.0,Private,PT-2848
APT-000166,2025-01-09,10:30,10,Dr. Almeida,Physio session,kept,51.7,4.7,87.12,Corporate plan,PT-3167
APT-000163,2025-01-09,10:34,10,"K. Duarte, PT",Root canal,no_show,87.2,7.9,0.0,Insurance,PT-1350
APT-000160,2025-01-09,10:47,10,Dr. Chandra,Physio session,no_show,37.1,7.1,0.0,Private,PT-2994
APT-000156,2025-01-09,10:51,10,"K. Duarte, PT",Exam & imaging,kept,29.4,9.5,86.16,Insurance,PT-1056
APT-000147,2025-01-09,11:00,11,Dr. Faber,Hygiene recall,kept,37.5,11.6,101.93,Insurance,PT-1768
APT-000182,2025-01-09,11:08,11,Dr. Faber,Filling,cancelled,43.0,6.9,25.03,Private,PT-2510
APT-000178,2025-01-09,11:13,11,"K. Duarte, PT",Root canal,kept,72.0,6.5,531.22,Insurance,PT-2044
APT-000181,2025-01-09,11:23,11,"K. Duarte, PT",Filling,no_show,26.7,5.9,0.0,Corporate plan,PT-2573
APT-000161,2025-01-09,11:35,11,Dr. Almeida,Hygiene recall,kept,46.5,18.9,108.29,Insurance,PT-2217
APT-000151,2025-01-09,11:47,11,Dr. Faber,Physio assessment,kept,64.6,13.3,133.38,Insurance,PT-3032
APT-000185,2025-01-09,11:49,11,Dr. Almeida,Crown fit,kept,63.8,8.2,883.22,Private,PT-2717
APT-000150,2025-01-09,11:57,11,Dr. Almeida,Hygiene recall,kept,33.6,3.9,116.1,Insurance,PT-1311
APT-000165,2025-01-09,12:24,12,"K. Duarte, PT",Filling,kept,51.2,9.7,181.77,Insurance,PT-1086
APT-000159,2025-01-09,12:43,12,Dr. Almeida,Root canal,kept,77.4,17.2,535.42,Insurance,PT-1321
APT-000154,2025-01-09,12:45,12,"M. Ellis, PT",Filling,kept,47.9,5.4,188.47,Insurance,PT-2394
APT-000186,2025-01-09,12:51,12,Dr. Chandra,Exam & imaging,kept,25.6,6.1,70.74,Corporate plan,PT-2494
APT-000184,2025-01-09,12:57,12,"M. Ellis, PT",Hygiene recall,cancelled,44.3,5.9,15.83,Insurance,PT-1982
APT-000180,2025-01-09,13:56,13,Dr. Almeida,Root canal,kept,74.4,12.6,578.61,Insurance,PT-1115
APT-000171,2025-01-09,14:09,14,Dr. Almeida,Root canal,cancelled,85.7,10.6,54.01,Corporate plan,PT-1417
APT-000141,2025-01-09,14:23,14,Dr. Faber,Crown fit,kept,70.1,8.2,584.36,Public scheme,PT-1433
APT-000148,2025-01-09,14:23,14,Dr. Benitez,Hygiene recall,kept,42.6,11.1,153.66,Private,PT-3187
APT-000145,2025-01-09,14:30,14,Dr. Benitez,Exam & imaging,kept,25.8,23.9,99.93,Private,PT-1228
APT-000158,2025-01-09,14:30,14,Dr. Almeida,Exam & imaging,kept,24.4,8.0,83.15,Insurance,PT-2000
APT-000157,2025-01-09,14:42,14,"K. Duarte, PT",Filling,kept,46.0,10.2,175.79,Insurance,PT-2585
APT-000179,2025-01-09,14:54,14,Dr. Benitez,Hygiene recall,kept,51.6,14.9,79.77,Public scheme,PT-1025
APT-000176,2025-01-09,15:20,15,"K. Duarte, PT",Root canal,kept,70.5,8.9,645.93,Private,PT-1648
APT-000175,2025-01-09,15:23,15,Dr. Chandra,Physio assessment,kept,50.1,15.4,152.01,Private,PT-2434
APT-000162,2025-01-09,15:26,15,Dr. Chandra,Physio session,kept,44.3,11.1,93.57,Private,PT-3010
APT-000144,2025-01-09,15:30,15,Dr. Faber,Exam & imaging,kept,22.3,16.2,68.07,Corporate plan,PT-2704
APT-000188,2025-01-09,15:38,15,"K. Duarte, PT",Exam & imaging,no_show,22.3,9.6,0.0,Private,PT-2901
APT-000155,2025-01-09,15:43,15,"K. Duarte, PT",Physio session,kept,27.7,11.6,78.81,Insurance,PT-3179
APT-000167,2025-01-09,15:44,15,Dr. Benitez,Exam & imaging,kept,41.1,9.1,86.86,Insurance,PT-3076
APT-000153,2025-01-09,15:46,15,Dr. Almeida,Exam & imaging,kept,19.5,20.1,87.02,Insurance,PT-2179
APT-000189,2025-01-09,15:46,15,Dr. Faber,Hygiene recall,kept,34.3,12.5,122.85,Private,PT-2178
APT-000174,2025-01-09,15:59,15,Dr. Chandra,Physio assessment,kept,67.6,13.2,138.28,Insurance,PT-2616
APT-000149,2025-01-09,16:02,16,Dr. Benitez,Exam & imaging,cancelled,16.8,17.8,9.94,Insurance,PT-1895
APT-000168,2025-01-09,16:11,16,"M. Ellis, PT",Crown fit,kept,60.7,10.9,842.41,Private,PT-2944
APT-000142,2025-01-09,16:13,16,"K. Duarte, PT",Exam & imaging,kept,28.3,14.2,73.35,Corporate plan,PT-1978
APT-000170,2025-01-09,16:18,16,Dr. Chandra,Filling,kept,61.7,16.3,185.87,Private,PT-2533
APT-000173,2025-01-09,16:18,16,Dr. Almeida,Hygiene recall,kept,36.3,9.2,136.81,Insurance,PT-1223
APT-000177,2025-01-09,16:23,16,Dr. Faber,Exam & imaging,kept,27.6,12.9,99.38,Private,PT-2014
APT-000139,2025-01-09,16:35,16,Dr. Almeida,Root canal,kept,76.5,8.8,581.23,Insurance,PT-1941
APT-000187,2025-01-09,16:35,16,Dr. Chandra,Physio assessment,kept,49.6,10.4,120.8,Insurance,PT-2074
APT-000143,2025-01-09,17:08,17,Dr. Chandra,Exam & imaging,kept,35.8,11.5,92.93,Private,PT-1233
APT-000169,2025-01-09,17:25,17,Dr. Almeida,Hygiene recall,kept,53.0,18.7,113.76,Insurance,PT-1743
APT-000140,2025-01-09,17:59,17,Dr. Benitez,Exam & imaging,kept,19.2,15.6,85.59,Insurance,PT-2817
APT-000197,2025-01-10,08:11,8,Dr. Almeida,Physio session,kept,38.5,9.6,75.38,Insurance,PT-2445
APT-000204,2025-01-10,08:13,8,Dr. Benitez,Follow-up consult,kept,21.1,9.3,66.83,Private,PT-1191
APT-000218,2025-01-10,09:39,9,Dr. Benitez,Filling,kept,48.6,9.2,155.3,Corporate plan,PT-1134
APT-000200,2025-01-10,09:47,9,Dr. Faber,Hygiene recall,kept,43.7,5.5,112.14,Insurance,PT-2911
APT-000195,2025-01-10,10:29,10,Dr. Chandra,Exam & imaging,kept,22.6,4.4,88.9,Private,PT-1043
APT-000205,2025-01-10,10:42,10,Dr. Benitez,Hygiene recall,kept,39.3,4.7,130.42,Private,PT-2410
APT-000215,2025-01-10,10:43,10,"K. Duarte, PT",Physio session,kept,47.3,4.7,120.38,Private,PT-2016
APT-000214,2025-01-10,10:45,10,"K. Duarte, PT",Hygiene recall,kept,28.8,4.3,119.67,Insurance,PT-2210
APT-000199,2025-01-10,10:47,10,Dr. Benitez,Hygiene recall,kept,48.5,3.9,124.28,Private,PT-2645
APT-000210,2025-01-10,10:50,10,Dr. Almeida,Exam & imaging,no_show,23.1,6.6,0.0,Corporate plan,PT-2741
APT-000217,2025-01-10,11:09,11,Dr. Almeida,Crown fit,kept,59.7,13.1,999.81,Private,PT-1378
APT-000221,2025-01-10,11:15,11,Dr. Faber,Hygiene recall,kept,45.9,4.2,126.81,Private,PT-1756
APT-000223,2025-01-10,11:15,11,Dr. Almeida,Hygiene recall,kept,44.8,4.1,111.43,Insurance,PT-2441
APT-000202,2025-01-10,11:29,11,"M. Ellis, PT",Physio session,cancelled,48.7,3.1,9.12,Corporate plan,PT-1735
APT-000201,2025-01-10,11:30,11,"K. Duarte, PT",Hygiene recall,kept,32.8,4.9,158.19,Private,PT-2706
APT-000222,2025-01-10,11:33,11,"K. Duarte, PT",Hygiene recall,kept,48.4,4.4,109.43,Insurance,PT-1660
APT-000219,2025-01-10,11:41,11,Dr. Benitez,Hygiene recall,cancelled,42.8,6.8,14.19,Corporate plan,PT-2185
APT-000196,2025-01-10,11:43,11,Dr. Benitez,Filling,kept,34.4,7.7,174.58,Corporate plan,PT-1799
APT-000216,2025-01-10,11:52,11,Dr. Almeida,Exam & imaging,kept,33.0,7.6,74.24,Insurance,PT-1774
APT-000220,2025-01-10,12:21,12,"K. Duarte, PT",Hygiene recall,kept,50.5,12.0,121.91,Private,PT-3163
APT-000213,2025-01-10,13:40,13,"K. Duarte, PT",Exam & imaging,kept,25.4,17.2,72.14,Corporate plan,PT-1589
APT-000208,2025-01-10,14:26,14,Dr. Chandra,Root canal,rescheduled,71.6,17.1,0.0,Insurance,PT-2273
APT-000209,2025-01-10,14:50,14,"M. Ellis, PT",Hygiene recall,kept,53.4,9.6,96.33,Corporate plan,PT-1079
APT-000212,2025-01-10,15:16,15,Dr. Chandra,Root canal,kept,76.1,22.1,550.15,Insurance,PT-3183
APT-000203,2025-01-10,15:27,15,"K. Duarte, PT",Filling,kept,41.8,8.3,188.37,Corporate plan,PT-1283
APT-000193,2025-01-10,15:37,15,"M. Ellis, PT",Filling,kept,39.2,11.7,157.51,Corporate plan,PT-1873
APT-000194,2025-01-10,15:44,15,Dr. Almeida,Exam & imaging,kept,29.4,24.1,99.6,Private,PT-2613
APT-000198,2025-01-10,16:08,16,Dr. Almeida,Exam & imaging,cancelled,11.2,12.9,9.84,Insurance,PT-2093
APT-000206,2025-01-10,16:22,16,Dr. Chandra,Exam & imaging,kept,16.6,11.3,69.22,Corporate plan,PT-1277
APT-000207,2025-01-10,16:45,16,Dr. Benitez,Physio assessment,kept,49.8,10.7,155.85,Private,PT-2844
APT-000211,2025-01-10,16:48,16,Dr. Benitez,Filling,kept,38.1,16.2,176.84,Corporate plan,PT-1425
APT-000192,2025-01-10,17:09,17,Dr. Faber,Physio session,kept,49.9,10.3,95.7,Insurance,PT-1869
APT-000191,2025-01-10,17:22,17,"K. Duarte, PT",Physio assessment,kept,64.6,13.9,156.76,Private,PT-1264
APT-000190,2025-01-10,17:43,17,Dr. Chandra,Hygiene recall,kept,40.3,11.9,114.02,Insurance,PT-2293
APT-000232,2025-01-11,09:03,9,"K. Duarte, PT",Hygiene recall,kept,38.2,8.5,132.59,Private,PT-2524
APT-000226,2025-01-11,10:07,10,"K. Duarte, PT",Hygiene recall,kept,46.3,8.9,134.6,Private,PT-2647
APT-000231,2025-01-11,10:14,10,"M. Ellis, PT",Exam & imaging,kept,17.0,9.9,70.11,Corporate plan,PT-2483
APT-000224,2025-01-11,10:41,10,"K. Duarte, PT",Hygiene recall,kept,48.6,7.9,119.77,Insurance,PT-1614
APT-000228,2025-01-11,10:54,10,"M. Ellis, PT",Follow-up consult,kept,20.0,8.7,64.32,Insurance,PT-2875
APT-000241,2025-01-11,11:18,11,"K. Duarte, PT",Physio assessment,kept,45.8,3.4,121.86,Corporate plan,PT-1914
APT-000235,2025-01-11,12:06,12,"K. Duarte, PT",Hygiene recall,kept,46.3,6.7,94.87,Public scheme,PT-2875
APT-000234,2025-01-11,12:07,12,"K. Duarte, PT",Physio session,kept,42.2,7.0,104.99,Private,PT-1996
APT-000237,2025-01-11,12:12,12,"K. Duarte, PT",Exam & imaging,rescheduled,21.0,4.6,0.0,Private,PT-1945
APT-000239,2025-01-11,12:31,12,"K. Duarte, PT",Root canal,kept,84.3,20.2,552.74,Insurance,PT-1993
APT-000238,2025-01-11,12:36,12,"K. Duarte, PT",Hygiene recall,kept,34.6,11.1,107.86,Insurance,PT-2531
APT-000240,2025-01-11,12:42,12,"M. Ellis, PT",Physio assessment,kept,45.4,4.7,155.02,Private,PT-2466
APT-000233,2025-01-11,14:46,14,"K. Duarte, PT",Physio session,no_show,49.9,9.6,0.0,Private,PT-3138
APT-000225,2025-01-11,15:09,15,"M. Ellis, PT",Exam & imaging,kept,22.0,9.3,100.35,Private,PT-1528
APT-000229,2025-01-11,15:15,15,"M. Ellis, PT",Hygiene recall,kept,52.1,14.9,123.24,Insurance,PT-2104
APT-000236,2025-01-11,15:32,15,"K. Duarte, PT",Exam & imaging,kept,23.9,14.4,98.38,Private,PT-2814
APT-000227,2025-01-11,16:17,16,"M. Ellis, PT",Hygiene recall,kept,49.5,15.5,107.24,Insurance,PT-1821
APT-000230,2025-01-11,16:56,16,"K. Duarte, PT",Filling,cancelled,47.0,13.8,21.78,Insurance,PT-2746
APT-000267,2025-01-13,09:23,9,Dr. Almeida,Physio session,kept,39.9,10.4,93.23,Private,PT-1507
APT-000287,2025-01-13,09:29,9,Dr. Almeida,Filling,kept,52.8,8.7,192.46,Insurance,PT-2974
APT-000244,2025-01-13,09:43,9,Dr. Almeida,Hygiene recall,kept,36.2,6.7,104.8,Corporate plan,PT-1592
APT-000259,2025-01-13,09:52,9,"K. Duarte, PT",Filling,kept,48.8,3.7,169.8,Corporate plan,PT-1808
APT-000280,2025-01-13,09:59,9,Dr. Benitez,Crown fit,kept,69.1,8.6,623.55,Corporate plan,PT-1240
APT-000262,2025-01-13,10:19,10,Dr. Benitez,Exam & imaging,kept,37.2,4.1,72.55,Insurance,PT-2888
APT-000256,2025-01-13,10:35,10,"K. Duarte, PT",Physio assessment,kept,56.4,11.6,131.59,Corporate plan,PT-2628
APT-000242,2025-01-13,10:52,10,Dr. Almeida,Physio session,kept,36.0,13.7,95.75,Insurance,PT-1273
APT-000288,2025-01-13,11:01,11,Dr. Chandra,Hygiene recall,no_show,49.3,14.4,0.0,Private,PT-2740
APT-000248,2025-01-13,11:02,11,Dr. Benitez,Hygiene recall,kept,41.6,3.5,153.54,Private,PT-1715
APT-000249,2025-01-13,11:14,11,"K. Duarte, PT",Exam & imaging,kept,9.0,3.4,77.35,Corporate plan,PT-1571
APT-000273,2025-01-13,11:28,11,Dr. Benitez,Physio session,kept,37.9,8.5,99.17,Private,PT-1140
APT-000284,2025-01-13,11:44,11,Dr. Almeida,Crown fit,no_show,73.6,4.2,0.0,Corporate plan,PT-2119
APT-000243,2025-01-13,11:51,11,"K. Duarte, PT",Exam & imaging,cancelled,27.4,17.4,10.14,Insurance,PT-2659
APT-000289,2025-01-13,12:08,12,Dr. Benitez,Hygiene recall,kept,45.9,9.9,135.68,Private,PT-1977
APT-000261,2025-01-13,12:15,12,Dr. Almeida,Exam & imaging,kept,19.5,3.0,82.27,Insurance,PT-1979
APT-000251,2025-01-13,12:18,12,Dr. Chandra,Hygiene recall,kept,41.5,5.1,125.03,Insurance,PT-2761
APT-000253,2025-01-13,12:33,12,"K. Duarte, PT",Physio assessment,kept,51.9,7.2,127.62,Insurance,PT-3006
APT-000285,2025-01-13,12:35,12,"K. Duarte, PT",Follow-up consult,kept,8.5,9.4,56.67,Corporate plan,PT-2394
APT-000282,2025-01-13,12:52,12,"K. Duarte, PT",Physio assessment,kept,52.5,4.9,99.57,Public scheme,PT-1862
APT-000246,2025-01-13,12:56,12,Dr. Chandra,Exam & imaging,cancelled,25.5,8.3,6.32,Public scheme,PT-2564
APT-000268,2025-01-13,13:33,13,Dr. Almeida,Exam & imaging,cancelled,28.0,7.9,7.18,Public scheme,PT-2235
APT-000257,2025-01-13,13:52,13,"K. Duarte, PT",Hygiene recall,cancelled,34.5,9.7,12.48,Corporate plan,PT-2104
APT-000254,2025-01-13,14:08,14,Dr. Almeida,Hygiene recall,kept,45.4,9.1,88.95,Corporate plan,PT-2857
APT-000272,2025-01-13,14:11,14,Dr. Chandra,Exam & imaging,kept,24.8,10.9,77.77,Insurance,PT-2650
APT-000274,2025-01-13,14:18,14,"K. Duarte, PT",Exam & imaging,kept,41.9,14.3,79.96,Corporate plan,PT-2734
APT-000265,2025-01-13,14:38,14,Dr. Almeida,Hygiene recall,kept,52.5,15.3,120.04,Insurance,PT-2091
APT-000252,2025-01-13,14:40,14,Dr. Almeida,Hygiene recall,no_show,43.7,14.0,0.0,Private,PT-1818
APT-000247,2025-01-13,14:49,14,Dr. Chandra,Follow-up consult,kept,8.9,10.0,68.26,Private,PT-1319
APT-000271,2025-01-13,14:53,14,"K. Duarte, PT",Hygiene recall,kept,41.3,12.7,79.1,Public scheme,PT-1837
APT-000275,2025-01-13,14:54,14,"K. Duarte, PT",Filling,kept,54.3,10.5,208.24,Insurance,PT-2034
APT-000250,2025-01-13,15:07,15,Dr. Benitez,Follow-up consult,kept,37.4,15.0,51.51,Corporate plan,PT-1251
APT-000245,2025-01-13,15:16,15,Dr. Almeida,Hygiene recall,kept,41.0,11.8,143.36,Private,PT-2631
APT-000258,2025-01-13,15:18,15,"K. Duarte, PT",Filling,kept,50.7,11.7,193.5,Insurance,PT-1935
APT-000283,2025-01-13,15:18,15,Dr. Benitez,Follow-up consult,kept,19.2,15.4,71.52,Private,PT-2948
APT-000278,2025-01-13,15:41,15,"K. Duarte, PT",Physio assessment,kept,54.1,12.1,131.55,Insurance,PT-2768
APT-000263,2025-01-13,15:44,15,Dr. Almeida,Hygiene recall,kept,52.7,22.4,147.11,Private,PT-1388
APT-000281,2025-01-13,15:45,15,"K. Duarte, PT",Physio assessment,kept,70.1,19.4,132.74,Insurance,PT-3145
APT-000269,2025-01-13,15:46,15,Dr. Benitez,Crown fit,kept,77.2,9.0,524.93,Public scheme,PT-1356
APT-000277,2025-01-13,16:07,16,"K. Duarte, PT",Hygiene recall,kept,34.7,9.5,112.52,Corporate plan,PT-2531
APT-000279,2025-01-13,16:09,16,Dr. Chandra,Hygiene recall,kept,48.9,10.4,129.97,Private,PT-2433
APT-000276,2025-01-13,16:10,16,Dr. Benitez,Physio session,kept,36.7,9.3,83.72,Insurance,PT-2872
APT-000270,2025-01-13,16:15,16,Dr. Almeida,Exam & imaging,kept,27.9,10.5,96.12,Private,PT-2719
APT-000266,2025-01-13,16:24,16,Dr. Benitez,Physio session,cancelled,42.4,9.7,11.28,Insurance,PT-1619
APT-000286,2025-01-13,16:25,16,Dr. Chandra,Hygiene recall,kept,43.4,10.8,119.84,Insurance,PT-1399
APT-000255,2025-01-13,16:39,16,Dr. Benitez,Physio session,kept,43.7,14.6,100.23,Insurance,PT-2914
APT-000264,2025-01-13,16:41,16,"K. Duarte, PT",Hygiene recall,no_show,45.8,8.3,0.0,Insurance,PT-1804
APT-000260,2025-01-13,17:39,17,Dr. Almeida,Crown fit,kept,57.9,14.9,761.78,Insurance,PT-2380
APT-000321,2025-01-14,08:22,8,"K. Duarte, PT",Hygiene recall,kept,41.6,6.7,103.21,Corporate plan,PT-1021
APT-000293,2025-01-14,08:51,8,"M. Ellis, PT",Filling,kept,42.3,7.3,187.69,Corporate plan,PT-1042
APT-000296,2025-01-14,09:16,9,"K. Duarte, PT",Filling,kept,36.6,6.8,210.33,Private,PT-1848
APT-000307,2025-01-14,09:20,9,"K. Duarte, PT",Hygiene recall,kept,60.9,5.3,112.13,Private,PT-2057
APT-000299,2025-01-14,09:22,9,Dr. Almeida,Filling,kept,42.4,8.5,198.18,Private,PT-2827
APT-000291,2025-01-14,09:27,9,Dr. Benitez,Exam & imaging,kept,22.8,5.9,70.98,Insurance,PT-1809
APT-000328,2025-01-14,09:30,9,Dr. Almeida,Hygiene recall,kept,46.0,5.3,119.51,Insurance,PT-1761
APT-000322,2025-01-14,09:41,9,Dr. Benitez,Exam & imaging,no_show,18.6,4.8,0.0,Public scheme,PT-2678
APT-000308,2025-01-14,09:48,9,"K. Duarte, PT",Follow-up consult,cancelled,24.5,6.2,8.8,Private,PT-2612
APT-000323,2025-01-14,10:28,10,Dr. Almeida,Physio session,kept,47.1,7.6,102.22,Insurance,PT-3053
APT-000320,2025-01-14,10:37,10,"K. Duarte, PT",Hygiene recall,kept,33.8,10.4,147.01,Private,PT-2264
APT-000302,2025-01-14,11:47,11,Dr. Benitez,Hygiene recall,rescheduled,29.2,4.2,0.0,Insurance,PT-2450
APT-000316,2025-01-14,11:59,11,"M. Ellis, PT",Physio assessment,kept,62.5,12.0,132.54,Private,PT-1313
APT-000292,2025-01-14,12:09,12,Dr. Chandra,Physio session,kept,47.8,8.2,104.31,Private,PT-1746
APT-000318,2025-01-14,12:10,12,Dr. Chandra,Filling,kept,43.4,5.6,162.12,Insurance,PT-1533
APT-000317,2025-01-14,12:15,12,"K. Duarte, PT",Follow-up consult,kept,15.9,7.0,58.77,Insurance,PT-1063
APT-000327,2025-01-14,12:43,12,"K. Duarte, PT",Hygiene recall,cancelled,54.9,12.6,15.37,Private,PT-1726
APT-000300,2025-01-14,13:09,13,Dr. Benitez,Exam & imaging,kept,34.3,16.5,78.08,Corporate plan,PT-2970
APT-000306,2025-01-14,13:10,13,Dr. Chandra,Hygiene recall,kept,34.7,9.7,128.06,Insurance,PT-2196
APT-000314,2025-01-14,13:18,13,Dr. Benitez,Physio assessment,kept,52.3,10.9,121.95,Insurance,PT-2760
APT-000303,2025-01-14,13:37,13,"M. Ellis, PT",Exam & imaging,kept,30.9,9.5,76.06,Insurance,PT-2149
APT-000312,2025-01-14,14:03,14,Dr. Almeida,Hygiene recall,cancelled,45.0,17.0,13.87,Insurance,PT-3174
APT-000313,2025-01-14,14:19,14,Dr. Almeida,Exam & imaging,kept,22.9,11.4,85.79,Insurance,PT-1568
APT-000305,2025-01-14,14:29,14,Dr. Benitez,Physio assessment,kept,48.4,9.7,164.55,Private,PT-2607
APT-000319,2025-01-14,14:45,14,Dr. Chandra,Exam & imaging,kept,28.9,18.2,63.03,Public scheme,PT-3154
APT-000301,2025-01-14,15:09,15,Dr. Almeida,Hygiene recall,kept,42.0,12.1,100.3,Insurance,PT-1825
APT-000326,2025-01-14,15:18,15,"K. Duarte, PT",Root canal,cancelled,65.3,14.3,60.03,Insurance,PT-3113
APT-000295,2025-01-14,15:30,15,Dr. Chandra,Physio assessment,kept,59.3,13.0,137.72,Insurance,PT-2138
APT-000315,2025-01-14,15:34,15,Dr. Chandra,Hygiene recall,kept,47.0,9.7,128.95,Insurance,PT-1249
APT-000297,2025-01-14,15:37,15,Dr. Benitez,Root canal,kept,70.4,10.0,544.56,Insurance,PT-2182
APT-000298,2025-01-14,15:48,15,"K. Duarte, PT",Hygiene recall,rescheduled,43.9,8.5,0.0,Private,PT-3174
APT-000325,2025-01-14,15:55,15,"K. Duarte, PT",Physio assessment,kept,62.0,14.0,147.34,Corporate plan,PT-2211
APT-000310,2025-01-14,15:57,15,Dr. Almeida,Filling,no_show,53.0,20.1,0.0,Private,PT-1274
APT-000309,2025-01-14,16:15,16,Dr. Benitez,Exam & imaging,kept,22.8,12.8,83.96,Insurance,PT-2101
APT-000294,2025-01-14,16:40,16,Dr. Chandra,Filling,cancelled,36.5,14.5,26.61,Private,PT-2848
APT-000311,2025-01-14,16:41,16,"M. Ellis, PT",Hygiene recall,kept,39.5,12.0,129.7,Private,PT-1117
APT-000324,2025-01-14,16:53,16,Dr. Almeida,Hygiene recall,no_show,43.4,8.9,0.0,Insurance,PT-1327
APT-000290,2025-01-14,16:56,16,"K. Duarte, PT",Physio session,no_show,33.9,15.9,0.0,Insurance,PT-2619
APT-000304,2025-01-14,17:15,17,Dr. Almeida,Hygiene recall,kept,48.5,15.7,113.89,Insurance,PT-2829
APT-000346,2025-01-15,08:10,8,"K. Duarte, PT",Hygiene recall,kept,51.7,9.5,98.14,Corporate plan,PT-1944
APT-000364,2025-01-15,08:58,8,Dr. Almeida,Physio session,kept,36.7,7.5,88.14,Corporate plan,PT-3110
APT-000350,2025-01-15,09:13,9,Dr. Benitez,Crown fit,kept,68.8,3.4,805.52,Insurance,PT-3133
APT-000329,2025-01-15,09:26,9,Dr. Faber,Exam & imaging,kept,15.3,6.8,86.91,Private,PT-2583
APT-000331,2025-01-15,09:31,9,"K. Duarte, PT",Exam & imaging,kept,36.3,9.9,99.61,Private,PT-1649
APT-000343,2025-01-15,09:44,9,Dr. Almeida,Exam & imaging,cancelled,25.5,15.7,10.55,Insurance,PT-2502
APT-000363,2025-01-15,09:59,9,"M. Ellis, PT",Hygiene recall,kept,49.6,6.7,127.76,Private,PT-1650
APT-000336,2025-01-15,10:23,10,"M. Ellis, PT",Physio session,kept,35.1,4.3,90.15,Insurance,PT-1287
APT-000345,2025-01-15,10:26,10,"K. Duarte, PT",Hygiene recall,rescheduled,48.8,4.4,0.0,Private,PT-2645
APT-000333,2025-01-15,10:30,10,Dr. Almeida,Physio session,kept,38.3,14.7,95.14,Private,PT-1286
APT-000353,2025-01-15,10:36,10,Dr. Almeida,Filling,rescheduled,51.3,4.5,0.0,Insurance,PT-3169
APT-000361,2025-01-15,10:37,10,Dr. Almeida,Filling,kept,44.8,10.1,133.13,Public scheme,PT-3193
APT-000342,2025-01-15,10:52,10,Dr. Faber,Exam & imaging,kept,31.6,3.5,78.44,Insurance,PT-2512
APT-000330,2025-01-15,10:53,10,"M. Ellis, PT",Hygiene recall,kept,47.9,3.2,99.02,Insurance,PT-1994
APT-000359,2025-01-15,11:34,11,Dr. Benitez,Follow-up consult,kept,22.4,17.6,57.4,Insurance,PT-3053
APT-000335,2025-01-15,11:44,11,"K. Duarte, PT",Hygiene recall,kept,49.4,7.1,115.8,Corporate plan,PT-1043
APT-000366,2025-01-15,11:47,11,"K. Duarte, PT",Physio session,kept,45.9,5.3,71.43,Public scheme,PT-2032
APT-000344,2025-01-15,12:01,12,"M. Ellis, PT",Hygiene recall,kept,37.0,5.0,153.7,Private,PT-1475
APT-000334,2025-01-15,12:16,12,Dr. Almeida,Exam & imaging,kept,23.6,4.8,100.01,Private,PT-2859
APT-000349,2025-01-15,12:46,12,"K. Duarte, PT",Hygiene recall,kept,34.9,15.0,140.64,Private,PT-1779
APT-000338,2025-01-15,13:15,13,Dr. Benitez,Filling,no_show,49.9,13.7,0.0,Public scheme,PT-1871
APT-000352,2025-01-15,13:15,13,Dr. Faber,Exam & imaging,kept,30.1,9.7,84.57,Insurance,PT-2805
APT-000358,2025-01-15,13:26,13,"K. Duarte, PT",Exam & imaging,kept,34.4,12.5,84.34,Corporate plan,PT-1868
APT-000360,2025-01-15,14:08,14,Dr. Almeida,Physio session,kept,32.3,9.5,117.95,Private,PT-1344
APT-000362,2025-01-15,14:16,14,Dr. Benitez,Root canal,cancelled,80.2,9.9,76.55,Insurance,PT-1421
APT-000372,2025-01-15,14:22,14,Dr. Almeida,Hygiene recall,no_show,50.8,13.8,0.0,Insurance,PT-2250
APT-000370,2025-01-15,14:42,14,Dr. Faber,Filling,no_show,37.0,9.4,0.0,Insurance,PT-1477
APT-000348,2025-01-15,14:45,14,"K. Duarte, PT",Physio session,kept,36.5,12.6,90.33,Private,PT-2854
APT-000339,2025-01-15,14:50,14,Dr. Faber,Hygiene recall,kept,49.7,14.8,125.61,Private,PT-2892
APT-000332,2025-01-15,15:02,15,Dr. Benitez,Physio session,kept,45.7,16.6,73.19,Corporate plan,PT-1920
APT-000368,2025-01-15,15:04,15,Dr. Benitez,Follow-up consult,kept,29.0,15.5,40.78,Public scheme,PT-1620
APT-000340,2025-01-15,15:10,15,Dr. Benitez,Filling,no_show,37.9,12.0,0.0,Insurance,PT-2642
APT-000365,2025-01-15,15:31,15,"K. Duarte, PT",Root canal,kept,80.4,13.6,540.51,Insurance,PT-2438
APT-000351,2025-01-15,15:43,15,"M. Ellis, PT",Physio assessment,kept,69.9,15.6,152.31,Private,PT-2978
APT-000367,2025-01-15,15:57,15,Dr. Almeida,Hygiene recall,no_show,47.0,12.4,0.0,Private,PT-1857
APT-000357,2025-01-15,16:09,16,Dr. Almeida,Crown fit,kept,77.4,10.7,895.77,Private,PT-2707
APT-000369,2025-01-15,16:11,16,Dr. Faber,Hygiene recall,kept,38.6,15.2,148.46,Private,PT-2023
APT-000371,2025-01-15,16:11,16,"M. Ellis, PT",Hygiene recall,kept,47.6,9.5,132.01,Private,PT-2016
APT-000341,2025-01-15,16:12,16,Dr. Faber,Crown fit,kept,51.8,9.2,802.62,Insurance,PT-2960
APT-000356,2025-01-15,16:45,16,Dr. Almeida,Crown fit,kept,55.5,13.9,775.19,Insurance,PT-1428
APT-000347,2025-01-15,16:53,16,"M. Ellis, PT",Hygiene recall,kept,49.8,11.0,107.69,Insurance,PT-1428
APT-000373,2025-01-15,16:53,16,"M. Ellis, PT",Physio assessment,kept,64.1,9.2,136.87,Insurance,PT-1612
APT-000337,2025-01-15,17:44,17,Dr. Faber,Follow-up consult,kept,29.1,12.2,56.64,Insurance,PT-1650
APT-000355,2025-01-15,17:47,17,Dr. Benitez,Root canal,rescheduled,78.3,9.1,0.0,Private,PT-1974
APT-000354,2025-01-15,17:58,17,"M. Ellis, PT",Hygiene recall,kept,41.5,8.8,107.21,Corporate plan,PT-1628
APT-000390,2025-01-16,08:33,8,"M. Ellis, PT",Physio session,kept,41.1,4.5,88.64,Insurance,PT-2080
APT-000374,2025-01-16,09:25,9,Dr. Almeida,Physio assessment,no_show,49.8,6.5,0.0,Public scheme,PT-1412
APT-000394,2025-01-16,09:44,9,Dr. Benitez,Filling,kept,45.1,5.5,172.22,Insurance,PT-2836
APT-000379,2025-01-16,09:59,9,Dr. Benitez,Hygiene recall,kept,44.0,4.6,116.05,Insurance,PT-1884
APT-000391,2025-01-16,10:27,10,"M. Ellis, PT",Physio session,cancelled,46.9,7.0,12.57,Insurance,PT-2005
APT-000411,2025-01-16,10:29,10,Dr. Chandra,Exam & imaging,no_show,18.8,20.8,0.0,Insurance,PT-3085
APT-000389,2025-01-16,10:30,10,Dr. Benitez,Exam & imaging,no_show,21.4,7.3,0.0,Corporate plan,PT-1713
APT-000393,2025-01-16,10:33,10,Dr. Benitez,Exam & imaging,kept,21.1,6.6,94.37,Private,PT-3057
APT-000407,2025-01-16,10:33,10,Dr. Chandra,Exam & imaging,kept,13.6,5.1,79.22,Insurance,PT-3089
APT-000385,2025-01-16,10:36,10,Dr. Faber,Physio assessment,kept,55.2,3.7,146.38,Private,PT-1107
APT-000405,2025-01-16,10:46,10,Dr. Benitez,Hygiene recall,kept,46.2,5.2,140.25,Private,PT-1845
APT-000403,2025-01-16,10:51,10,Dr. Benitez,Exam & imaging,kept,25.3,9.3,82.41,Insurance,PT-1147
APT-000409,2025-01-16,10:53,10,"M. Ellis, PT",Hygiene recall,cancelled,35.0,9.2,12.54,Insurance,PT-2021
APT-000395,2025-01-16,10:55,10,Dr. Benitez,Hygiene recall,kept,46.4,5.3,102.43,Corporate plan,PT-2378
APT-000416,2025-01-16,10:59,10,Dr. Chandra,Hygiene recall,kept,45.2,4.1,92.84,Corporate plan,PT-1144
APT-000415,2025-01-16,11:16,11,"K. Duarte, PT",Hygiene recall,cancelled,43.8,8.4,13.37,Insurance,PT-1132
APT-000402,2025-01-16,12:05,12,"K. Duarte, PT",Physio session,kept,34.9,9.3,86.37,Corporate plan,PT-1803
APT-000383,2025-01-16,12:10,12,Dr. Almeida,Physio assessment,kept,48.8,4.3,118.76,Insurance,PT-1205
APT-000410,2025-01-16,12:50,12,Dr. Almeida,Filling,kept,44.3,6.1,234.42,Private,PT-2609
APT-000388,2025-01-16,13:18,13,Dr. Chandra,Physio session,cancelled,41.1,8.3,9.92,Insurance,PT-2746
APT-000396,2025-01-16,13:34,13,"M. Ellis, PT",Physio assessment,kept,54.1,11.6,98.62,Public scheme,PT-2649
APT-000386,2025-01-16,14:05,14,"M. Ellis, PT",Filling,kept,37.4,10.0,199.1,Insurance,PT-1412
APT-000414,2025-01-16,14:05,14,Dr. Chandra,Crown fit,kept,66.3,21.9,595.76,Public scheme,PT-1250
APT-000413,2025-01-16,14:06,14,Dr. Almeida,Root canal,kept,81.6,15.8,556.65,Insurance,PT-1406
APT-000377,2025-01-16,14:44,14,"M. Ellis, PT",Filling,rescheduled,34.5,9.5,0.0,Insurance,PT-1930
APT-000397,2025-01-16,14:48,14,Dr. Faber,Physio session,no_show,34.6,15.4,0.0,Private,PT-2783
APT-000382,2025-01-16,14:57,14,Dr. Chandra,Physio assessment,kept,58.1,13.8,161.83,Private,PT-1153
APT-000406,2025-01-16,14:58,14,Dr. Benitez,Physio assessment,kept,66.5,9.9,131.19,Insurance,PT-1089
APT-000387,2025-01-16,15:17,15,"M. Ellis, PT",Root canal,kept,73.4,10.7,580.2,Private,PT-2479
APT-000384,2025-01-16,15:20,15,"K. Duarte, PT",Hygiene recall,kept,35.3,20.4,109.24,Insurance,PT-2494
APT-000375,2025-01-16,15:45,15,"M. Ellis, PT",Hygiene recall,kept,42.2,9.7,112.65,Insurance,PT-1834
APT-000380,2025-01-16,16:13,16,"K. Duarte, PT",Exam & imaging,kept,26.8,13.4,73.79,Insurance,PT-2103
APT-000399,2025-01-16,16:24,16,"M. Ellis, PT",Physio assessment,kept,53.3,10.9,86.99,Public scheme,PT-2677
APT-000398,2025-01-16,16:27,16,Dr. Benitez,Hygiene recall,cancelled,44.2,12.8,14.96,Private,PT-2880
APT-000381,2025-01-16,16:33,16,Dr. Faber,Crown fit,cancelled,59.6,14.3,100.8,Insurance,PT-1422
APT-000417,2025-01-16,16:39,16,"M. Ellis, PT",Physio session,kept,47.4,12.2,104.14,Private,PT-2970
APT-000378,2025-01-16,16:45,16,Dr. Almeida,Root canal,kept,75.7,9.3,490.49,Insurance,PT-2322
APT-000408,2025-01-16,16:45,16,Dr. Almeida,Filling,kept,46.8,15.1,225.43,Private,PT-3150
APT-000392,2025-01-16,16:48,16,"M. Ellis, PT",Physio assessment,kept,48.9,11.0,133.82,Insurance,PT-2677
APT-000401,2025-01-16,16:49,16,Dr. Chandra,Hygiene recall,kept,43.7,9.5,123.71,Insurance,PT-3098
APT-000412,2025-01-16,16:54,16,"K. Duarte, PT",Physio assessment,kept,50.6,9.3,123.27,Corporate plan,PT-2046
APT-000400,2025-01-16,17:02,17,Dr. Benitez,Crown fit,kept,60.9,12.8,800.97,Corporate plan,PT-2579
APT-000404,2025-01-16,17:09,17,Dr. Benitez,Hygiene recall,kept,38.6,9.4,106.18,Corporate plan,PT-2095
APT-000376,2025-01-16,17:46,17,"K. Duarte, PT",Physio assessment,kept,55.4,18.7,100.33,Public scheme,PT-1026
APT-000439,2025-01-17,08:17,8,Dr. Faber,Follow-up consult,cancelled,16.8,16.8,6.72,Insurance,PT-3101
APT-000431,2025-01-17,08:34,8,Dr. Almeida,Hygiene recall,kept,51.3,6.6,120.09,Insurance,PT-2714
APT-000430,2025-01-17,09:06,9,Dr. Almeida,Filling,cancelled,25.3,7.5,26.88,Private,PT-1678
APT-000433,2025-01-17,09:06,9,"M. Ellis, PT",Hygiene recall,no_show,53.0,5.9,0.0,Insurance,PT-1007
APT-000429,2025-01-17,09:56,9,Dr. Almeida,Physio session,no_show,38.5,3.4,0.0,Insurance,PT-3127
APT-000442,2025-01-17,10:07,10,Dr. Chandra,Hygiene recall,kept,55.6,3.0,118.78,Insurance,PT-2235
APT-000443,2025-01-17,10:28,10,Dr. Benitez,Filling,kept,38.3,9.4,133.93,Public scheme,PT-2132
APT-000426,2025-01-17,10:32,10,Dr. Chandra,Exam & imaging,kept,22.4,5.7,78.56,Insurance,PT-1331
APT-000436,2025-01-17,10:36,10,"K. Duarte, PT",Exam & imaging,kept,22.7,4.9,73.84,Insurance,PT-2309
APT-000437,2025-01-17,10:39,10,Dr. Almeida,Hygiene recall,kept,55.3,4.6,117.71,Private,PT-2292
APT-000424,2025-01-17,10:41,10,Dr. Benitez,Hygiene recall,kept,45.5,10.2,109.96,Insurance,PT-2233
APT-000423,2025-01-17,10:52,10,Dr. Chandra,Hygiene recall,kept,40.2,5.9,119.07,Insurance,PT-1971
APT-000447,2025-01-17,11:04,11,Dr. Chandra,Physio session,kept,37.8,10.0,95.27,Insurance,PT-1895
APT-000422,2025-01-17,11:05,11,Dr. Faber,Exam & imaging,kept,32.8,5.5,74.09,Insurance,PT-1697
APT-000419,2025-01-17,11:10,11,Dr. Chandra,Exam & imaging,kept,26.1,5.0,88.59,Private,PT-2369
APT-000446,2025-01-17,11:42,11,Dr. Benitez,Physio session,kept,51.2,6.9,84.15,Insurance,PT-2396
APT-000435,2025-01-17,11:45,11,"K. Duarte, PT",Physio session,kept,44.8,8.3,80.63,Insurance,PT-1331
APT-000454,2025-01-17,12:04,12,Dr. Almeida,Hygiene recall,no_show,47.5,6.5,0.0,Insurance,PT-1261
APT-000448,2025-01-17,12:07,12,Dr. Chandra,Exam & imaging,kept,26.0,10.6,82.79,Corporate plan,PT-1800
APT-000456,2025-01-17,12:14,12,Dr. Chandra,Exam & imaging,kept,19.4,4.0,69.29,Insurance,PT-1633
APT-000421,2025-01-17,12:19,12,Dr. Benitez,Physio session,kept,36.1,5.1,76.85,Insurance,PT-1900
APT-000425,2025-01-17,12:23,12,Dr. Benitez,Physio session,rescheduled,45.6,5.2,0.0,Insurance,PT-2805
APT-000450,2025-01-17,13:21,13,Dr. Chandra,Hygiene recall,kept,44.1,8.0,118.99,Insurance,PT-1870
APT-000445,2025-01-17,14:03,14,Dr. Benitez,Physio session,kept,44.4,13.9,79.51,Corporate plan,PT-1872
APT-000452,2025-01-17,14:21,14,Dr. Benitez,Hygiene recall,kept,40.2,11.8,130.35,Private,PT-1422
APT-000453,2025-01-17,14:48,14,Dr. Faber,Hygiene recall,kept,36.8,12.8,95.26,Corporate plan,PT-1524
APT-000441,2025-01-17,14:51,14,Dr. Faber,Hygiene recall,kept,46.5,14.2,109.56,Corporate plan,PT-1179
APT-000444,2025-01-17,14:52,14,Dr. Almeida,Filling,kept,55.4,14.0,178.69,Insurance,PT-1252
APT-000457,2025-01-17,15:01,15,"K. Duarte, PT",Crown fit,kept,45.2,10.7,695.42,Insurance,PT-2218
APT-000455,2025-01-17,15:05,15,"K. Duarte, PT",Exam & imaging,kept,28.7,25.1,63.09,Public scheme,PT-1226
APT-000434,2025-01-17,15:17,15,Dr. Chandra,Hygiene recall,kept,56.2,12.5,109.75,Corporate plan,PT-1077
APT-000438,2025-01-17,15:40,15,Dr. Benitez,Physio session,cancelled,50.4,9.0,9.56,Corporate plan,PT-1362
APT-000440,2025-01-17,16:01,16,Dr. Benitez,Physio assessment,kept,43.9,13.3,120.43,Insurance,PT-1725
APT-000449,2025-01-17,16:13,16,Dr. Chandra,Filling,kept,41.3,12.0,208.93,Private,PT-1590
APT-000418,2025-01-17,16:34,16,Dr. Chandra,Exam & imaging,kept,27.0,10.3,87.39,Private,PT-1570
APT-000451,2025-01-17,16:36,16,Dr. Almeida,Filling,no_show,44.9,11.1,0.0,Insurance,PT-1595
APT-000432,2025-01-17,16:43,16,"K. Duarte, PT",Exam & imaging,kept,32.3,9.1,86.01,Private,PT-2020
APT-000420,2025-01-17,16:50,16,Dr. Faber,Filling,kept,47.8,8.5,174.65,Insurance,PT-2482
APT-000427,2025-01-17,16:50,16,Dr. Chandra,Hygiene recall,kept,48.8,12.0,138.39,Private,PT-3021
APT-000428,2025-01-17,17:16,17,"M. Ellis, PT",Filling,kept,40.8,11.8,225.9,Private,PT-1849
APT-000468,2025-01-18,09:03,9,"K. Duarte, PT",Follow-up consult,kept,18.0,4.0,79.51,Private,PT-1289
APT-000474,2025-01-18,09:41,9,"M. Ellis, PT",Filling,kept,38.2,10.8,247.99,Private,PT-2984
APT-000461,2025-01-18,09:46,9,"M. Ellis, PT",Crown fit,kept,68.6,3.0,817.75,Insurance,PT-1965
APT-000464,2025-01-18,10:08,10,"K. Duarte, PT",Filling,rescheduled,44.3,3.8,0.0,Private,PT-1219
APT-000458,2025-01-18,10:23,10,"K. Duarte, PT",Exam & imaging,kept,15.2,4.5,97.65,Private,PT-2853
APT-000479,2025-01-18,11:03,11,"K. Duarte, PT",Exam & imaging,kept,36.1,5.3,87.71,Insurance,PT-2280
APT-000466,2025-01-18,11:07,11,"M. Ellis, PT",Physio session,kept,30.9,3.5,79.83,Insurance,PT-1824
APT-000476,2025-01-18,11:38,11,"M. Ellis, PT",Hygiene recall,kept,42.2,12.3,136.83,Private,PT-1681
APT-000475,2025-01-18,12:08,12,"M. Ellis, PT",Hygiene recall,kept,46.1,11.3,140.57,Private,PT-2484
APT-000469,2025-01-18,12:26,12,"M. Ellis, PT",Physio session,cancelled,31.1,4.5,10.04,Insurance,PT-3153
APT-000470,2025-01-18,13:02,13,"K. Duarte, PT",Hygiene recall,kept,51.1,15.7,107.94,Insurance,PT-1626
APT-000473,2025-01-18,13:23,13,"K. Duarte, PT",Hygiene recall,no_show,57.0,11.0,0.0,Insurance,PT-2984
APT-000463,2025-01-18,15:05,15,"M. Ellis, PT",Filling,kept,49.7,17.0,190.89,Insurance,PT-2815
APT-000459,2025-01-18,15:21,15,"M. Ellis, PT",Exam & imaging,kept,16.6,12.0,64.84,Corporate plan,PT-1191
APT-000460,2025-01-18,15:24,15,"M. Ellis, PT",Physio assessment,kept,58.9,13.4,151.79,Private,PT-1681
APT-000478,2025-01-18,15:25,15,"K. Duarte, PT",Hygiene recall,kept,42.6,9.5,129.02,Private,PT-1398
APT-000467,2025-01-18,15:40,15,"K. Duarte, PT",Physio session,kept,36.2,9.1,101.56,Private,PT-2101
APT-000472,2025-01-18,16:33,16,"K. Duarte, PT",Physio assessment,kept,42.3,10.9,148.33,Insurance,PT-2699
APT-000471,2025-01-18,16:42,16,"K. Duarte, PT",Exam & imaging,kept,31.7,15.9,94.76,Private,PT-2820
APT-000465,2025-01-18,16:49,16,"M. Ellis, PT",Root canal,no_show,85.0,14.1,0.0,Private,PT-1448
APT-000462,2025-01-18,16:53,16,"K. Duarte, PT",Filling,kept,42.6,18.0,168.89,Corporate plan,PT-2586
APT-000477,2025-01-18,17:25,17,"K. Duarte, PT",Exam & imaging,kept,19.7,12.2,73.63,Corporate plan,PT-2295
APT-000495,2025-01-20,08:05,8,"K. Duarte, PT",Exam & imaging,no_show,25.3,5.9,0.0,Private,PT-1706
APT-000498,2025-01-20,08:19,8,Dr. Chandra,Filling,kept,43.1,4.6,185.63,Insurance,PT-2165
APT-000510,2025-01-20,08:42,8,"K. Duarte, PT",Root canal,kept,73.8,4.2,649.92,Private,PT-2367
APT-000516,2025-01-20,09:14,9,Dr. Benitez,Hygiene recall,kept,52.7,5.0,137.8,Private,PT-2761
APT-000519,2025-01-20,09:15,9,Dr. Almeida,Follow-up consult,kept,30.6,5.1,37.65,Public scheme,PT-1926
APT-000499,2025-01-20,09:26,9,Dr. Benitez,Filling,kept,45.6,8.5,186.72,Insurance,PT-2806
APT-000500,2025-01-20,09:27,9,Dr. Benitez,Exam & imaging,kept,39.5,6.7,62.76,Public scheme,PT-1905
APT-000527,2025-01-20,09:44,9,Dr. Benitez,Exam & imaging,kept,13.0,15.2,97.91,Private,PT-1422
APT-000522,2025-01-20,10:08,10,"K. Duarte, PT",Hygiene recall,kept,33.6,8.7,103.54,Corporate plan,PT-2830
APT-000531,2025-01-20,10:21,10,"K. Duarte, PT",Exam & imaging,kept,13.0,7.1,81.58,Insurance,PT-1594
APT-000491,2025-01-20,10:24,10,"K. Duarte, PT",Hygiene recall,kept,42.6,3.7,110.5,Corporate plan,PT-1727
APT-000513,2025-01-20,10:25,10,Dr. Benitez,Filling,kept,40.1,6.6,220.23,Private,PT-1453
APT-000512,2025-01-20,10:31,10,"K. Duarte, PT",Filling,kept,50.8,4.3,201.51,Insurance,PT-1881
APT-000486,2025-01-20,10:49,10,"K. Duarte, PT",Hygiene recall,kept,37.0,12.9,112.4,Insurance,PT-1326
APT-000496,2025-01-20,10:55,10,Dr. Almeida,Exam & imaging,kept,35.9,3.0,74.95,Insurance,PT-1113
APT-000528,2025-01-20,10:59,10,Dr. Almeida,Exam & imaging,kept,25.3,9.9,73.38,Corporate plan,PT-1504
APT-000494,2025-01-20,11:04,11,Dr. Benitez,Crown fit,kept,70.2,7.2,801.56,Insurance,PT-1011
APT-000502,2025-01-20,11:15,11,Dr. Almeida,Hygiene recall,kept,43.2,5.8,136.73,Insurance,PT-2263
APT-000484,2025-01-20,11:16,11,Dr. Almeida,Hygiene recall,kept,37.9,12.7,117.4,Insurance,PT-2383
APT-000520,2025-01-20,11:27,11,Dr. Chandra,Filling,kept,51.4,11.3,214.3,Private,PT-2608
APT-000509,2025-01-20,11:36,11,"K. Duarte, PT",Exam & imaging,kept,18.9,8.1,80.64,Insurance,PT-2818
APT-000515,2025-01-20,11:40,11,Dr. Benitez,Filling,kept,41.1,15.3,179.41,Insurance,PT-1535
APT-000490,2025-01-20,12:08,12,Dr. Almeida,Exam & imaging,no_show,24.8,8.0,0.0,Insurance,PT-2354
APT-000505,2025-01-20,12:22,12,Dr. Almeida,Physio session,rescheduled,47.6,7.1,0.0,Private,PT-1477
APT-000482,2025-01-20,12:29,12,Dr. Benitez,Root canal,cancelled,87.2,5.6,87.44,Private,PT-1140
APT-000507,2025-01-20,12:52,12,Dr. Chandra,Hygiene recall,kept,35.1,8.3,110.4,Insurance,PT-2655
APT-000525,2025-01-20,13:23,13,"K. Duarte, PT",Hygiene recall,kept,41.3,8.2,97.57,Insurance,PT-1121
APT-000530,2025-01-20,13:29,13,Dr. Almeida,Exam & imaging,kept,12.1,13.0,88.2,Insurance,PT-3138
APT-000518,2025-01-20,13:37,13,Dr. Chandra,Exam & imaging,kept,19.3,9.2,77.5,Insurance,PT-1866
APT-000508,2025-01-20,13:56,13,Dr. Chandra,Physio session,kept,38.8,15.1,59.53,Public scheme,PT-2948
APT-000517,2025-01-20,14:14,14,"K. Duarte, PT",Exam & imaging,kept,8.1,9.0,86.06,Insurance,PT-1302
APT-000492,2025-01-20,14:26,14,Dr. Chandra,Filling,kept,43.7,12.9,235.84,Private,PT-1340
APT-000481,2025-01-20,14:34,14,Dr. Benitez,Root canal,kept,78.0,9.3,554.84,Insurance,PT-3000
APT-000511,2025-01-20,14:37,14,Dr. Almeida,Physio session,kept,29.3,16.9,63.5,Public scheme,PT-1493
APT-000521,2025-01-20,14:52,14,Dr. Benitez,Crown fit,kept,70.0,19.1,549.64,Public scheme,PT-2106
APT-000487,2025-01-20,15:02,15,Dr. Chandra,Hygiene recall,cancelled,45.1,26.2,13.97,Insurance,PT-2950
APT-000504,2025-01-20,15:10,15,Dr. Chandra,Crown fit,kept,53.1,8.8,760.11,Insurance,PT-1028
APT-000488,2025-01-20,15:24,15,Dr. Almeida,Exam & imaging,cancelled,10.7,10.1,9.16,Corporate plan,PT-3027
APT-000506,2025-01-20,15:27,15,"K. Duarte, PT",Physio session,kept,40.1,7.8,114.05,Private,PT-3178
APT-000485,2025-01-20,15:36,15,Dr. Benitez,Physio session,kept,37.7,8.3,85.02,Private,PT-1530
APT-000503,2025-01-20,15:52,15,"K. Duarte, PT",Physio assessment,kept,43.1,9.4,124.31,Corporate plan,PT-1496
APT-000524,2025-01-20,15:58,15,"K. Duarte, PT",Physio session,kept,35.4,11.7,83.55,Insurance,PT-1004
APT-000493,2025-01-20,16:00,16,Dr. Chandra,Crown fit,kept,60.0,14.4,651.45,Corporate plan,PT-2940
APT-000489,2025-01-20,16:02,16,"K. Duarte, PT",Filling,kept,41.4,9.3,197.37,Private,PT-1605
APT-000501,2025-01-20,16:05,16,Dr. Chandra,Physio session,kept,43.0,12.0,90.91,Insurance,PT-2862
APT-000529,2025-01-20,16:19,16,Dr. Chandra,Filling,kept,48.5,15.6,243.95,Private,PT-1257
APT-000514,2025-01-20,16:21,16,Dr. Almeida,Hygiene recall,cancelled,34.2,9.8,12.64,Insurance,PT-2968
APT-000526,2025-01-20,16:28,16,Dr. Almeida,Physio session,kept,43.0,15.7,105.29,Private,PT-1927
APT-000480,2025-01-20,16:38,16,Dr. Chandra,Hygiene recall,kept,41.2,12.9,114.42,Insurance,PT-2919
APT-000497,2025-01-20,16:38,16,Dr. Almeida,Hygiene recall,kept,48.6,9.0,122.54,Corporate plan,PT-3193
APT-000523,2025-01-20,17:12,17,Dr. Almeida,Exam & imaging,kept,24.2,15.8,95.4,Private,PT-2381
APT-000483,2025-01-20,17:43,17,Dr. Almeida,Exam & imaging,kept,26.7,10.2,98.85,Private,PT-1454
APT-000552,2025-01-21,09:00,9,"M. Ellis, PT",Physio assessment,kept,53.3,4.9,172.15,Private,PT-1089
APT-000537,2025-01-21,09:13,9,"M. Ellis, PT",Hygiene recall,rescheduled,36.4,3.8,0.0,Private,PT-2988
APT-000539,2025-01-21,09:44,9,"K. Duarte, PT",Root canal,kept,81.3,7.1,629.01,Insurance,PT-2758
APT-000572,2025-01-21,09:48,9,"K. Duarte, PT",Physio assessment,kept,47.7,5.6,119.55,Corporate plan,PT-3070
APT-000562,2025-01-21,09:52,9,"M. Ellis, PT",Exam & imaging,kept,15.0,3.4,72.1,Corporate plan,PT-1317
APT-000547,2025-01-21,09:54,9,"K. Duarte, PT",Physio session,kept,45.4,5.3,98.11,Private,PT-3177
APT-000533,2025-01-21,10:11,10,"M. Ellis, PT",Filling,kept,45.1,3.5,171.41,Corporate plan,PT-2871
APT-000558,2025-01-21,10:13,10,"K. Duarte, PT",Hygiene recall,cancelled,45.3,9.1,17.57,Private,PT-3041
APT-000543,2025-01-21,10:39,10,"K. Duarte, PT",Physio assessment,kept,50.7,6.0,141.08,Insurance,PT-2834
APT-000545,2025-01-21,10:40,10,Dr. Chandra,Root canal,kept,75.5,13.9,412.34,Public scheme,PT-3170
APT-000561,2025-01-21,10:54,10,Dr. Almeida,Exam & imaging,cancelled,21.8,7.5,12.61,Private,PT-1084
APT-000536,2025-01-21,10:56,10,"K. Duarte, PT",Exam & imaging,kept,27.3,7.1,69.41,Corporate plan,PT-2315
APT-000544,2025-01-21,11:05,11,"K. Duarte, PT",Root canal,kept,82.7,6.4,499.95,Corporate plan,PT-2611
APT-000557,2025-01-21,11:05,11,Dr. Chandra,Exam & imaging,kept,16.6,3.8,78.11,Insurance,PT-2386
APT-000565,2025-01-21,11:31,11,"K. Duarte, PT",Exam & imaging,no_show,29.5,6.8,0.0,Insurance,PT-2732
APT-000542,2025-01-21,11:37,11,Dr. Benitez,Root canal,kept,65.6,9.5,575.84,Insurance,PT-1127
APT-000563,2025-01-21,11:44,11,"M. Ellis, PT",Exam & imaging,kept,24.6,6.5,72.17,Insurance,PT-2021
APT-000532,2025-01-21,11:51,11,Dr. Almeida,Filling,kept,48.6,7.1,190.68,Insurance,PT-2927
APT-000549,2025-01-21,11:52,11,Dr. Benitez,Hygiene recall,kept,48.9,4.2,159.98,Private,PT-2103
APT-000538,2025-01-21,12:14,12,"K. Duarte, PT",Hygiene recall,kept,45.6,16.0,127.88,Private,PT-3161
APT-000540,2025-01-21,12:37,12,Dr. Benitez,Physio session,kept,49.5,5.6,106.57,Private,PT-1197
APT-000535,2025-01-21,13:47,13,Dr. Almeida,Hygiene recall,kept,38.9,17.2,137.85,Private,PT-1812
APT-000564,2025-01-21,14:00,14,Dr. Almeida,Hygiene recall,kept,43.8,8.4,142.21,Private,PT-2742
APT-000556,2025-01-21,14:08,14,"K. Duarte, PT",Physio session,kept,42.6,8.9,110.49,Private,PT-3133
APT-000555,2025-01-21,14:10,14,"K. Duarte, PT",Filling,kept,47.7,13.3,181.97,Insurance,PT-3129
APT-000573,2025-01-21,14:21,14,Dr. Almeida,Filling,kept,48.2,13.6,207.58,Private,PT-2128
APT-000569,2025-01-21,14:43,14,Dr. Benitez,Physio session,kept,44.7,13.3,88.83,Insurance,PT-1825
APT-000548,2025-01-21,15:11,15,"K. Duarte, PT",Hygiene recall,kept,40.4,15.2,123.04,Insurance,PT-2465
APT-000541,2025-01-21,15:19,15,Dr. Benitez,Exam & imaging,kept,21.5,11.9,81.29,Insurance,PT-2744
APT-000551,2025-01-21,15:26,15,Dr. Benitez,Filling,kept,33.1,8.3,191.8,Insurance,PT-1830
APT-000567,2025-01-21,15:37,15,Dr. Almeida,Physio session,no_show,39.6,10.8,0.0,Public scheme,PT-2952
APT-000570,2025-01-21,15:40,15,"K. Duarte, PT",Physio session,no_show,31.4,7.9,0.0,Public scheme,PT-1303
APT-000553,2025-01-21,15:41,15,"K. Duarte, PT",Hygiene recall,kept,42.0,15.3,102.66,Corporate plan,PT-2612
APT-000550,2025-01-21,15:42,15,Dr. Benitez,Filling,kept,44.8,12.6,189.55,Insurance,PT-1543
APT-000559,2025-01-21,15:42,15,Dr. Almeida,Hygiene recall,cancelled,49.6,13.9,12.65,Corporate plan,PT-1056
APT-000534,2025-01-21,16:05,16,Dr. Benitez,Hygiene recall,kept,45.4,20.4,105.13,Corporate plan,PT-1174
APT-000560,2025-01-21,16:13,16,"K. Duarte, PT",Root canal,kept,65.8,17.2,472.98,Insurance,PT-1981
APT-000546,2025-01-21,16:37,16,"M. Ellis, PT",Hygiene recall,kept,46.4,8.5,113.23,Insurance,PT-2847
APT-000568,2025-01-21,16:39,16,Dr. Chandra,Hygiene recall,rescheduled,42.7,24.1,0.0,Private,PT-3164
APT-000566,2025-01-21,17:12,17,"K. Duarte, PT",Hygiene recall,kept,55.2,11.7,121.24,Insurance,PT-2578
APT-000571,2025-01-21,17:34,17,"M. Ellis, PT",Exam & imaging,kept,23.4,9.2,84.98,Insurance,PT-2137
APT-000554,2025-01-21,17:59,17,"M. Ellis, PT",Physio session,kept,51.1,13.8,93.88,Insurance,PT-2092
APT-000609,2025-01-22,09:10,9,Dr. Faber,Exam & imaging,kept,38.8,2.9,95.19,Insurance,PT-3118
APT-000595,2025-01-22,09:11,9,Dr. Benitez,Follow-up consult,cancelled,22.8,4.6,9.44,Private,PT-2731
APT-000621,2025-01-22,09:16,9,"M. Ellis, PT",Hygiene recall,no_show,33.3,7.5,0.0,Private,PT-2350
APT-000578,2025-01-22,09:24,9,"M. Ellis, PT",Filling,kept,46.7,5.9,188.52,Insurance,PT-1371
APT-000614,2025-01-22,09:29,9,"K. Duarte, PT",Filling,kept,44.8,8.5,226.69,Private,PT-1623
APT-000618,2025-01-22,09:50,9,Dr. Benitez,Hygiene recall,kept,45.8,6.2,110.59,Insurance,PT-1261
APT-000607,2025-01-22,09:59,9,Dr. Benitez,Physio assessment,kept,46.9,3.4,127.98,Insurance,PT-2829
APT-000576,2025-01-22,10:13,10,"K. Duarte, PT",Physio session,kept,27.2,12.0,80.2,Corporate plan,PT-2387
APT-000594,2025-01-22,10:18,10,"M. Ellis, PT",Hygiene recall,kept,52.8,10.4,80.95,Public scheme,PT-2232
APT-000608,2025-01-22,10:30,10,Dr. Benitez,Hygiene recall,kept,46.8,7.4,133.73,Private,PT-2376
APT-000590,2025-01-22,10:38,10,"K. Duarte, PT",Exam & imaging,kept,17.4,6.5,93.12,Private,PT-2413
APT-000613,2025-01-22,10:40,10,"K. Duarte, PT",Hygiene recall,kept,46.8,6.7,92.97,Public scheme,PT-1250
APT-000587,2025-01-22,10:46,10,Dr. Faber,Exam & imaging,kept,24.9,14.9,98.45,Private,PT-1844
APT-000617,2025-01-22,10:48,10,"M. Ellis, PT",Filling,kept,32.5,6.6,180.08,Insurance,PT-2819
APT-000581,2025-01-22,10:51,10,Dr. Benitez,Crown fit,kept,61.9,7.1,518.65,Public scheme,PT-2767
APT-000591,2025-01-22,10:52,10,"M. Ellis, PT",Physio session,kept,38.8,6.8,102.76,Private,PT-3156
APT-000616,2025-01-22,11:03,11,"K. Duarte, PT",Hygiene recall,kept,44.7,7.2,131.84,Private,PT-1939
APT-000593,2025-01-22,11:10,11,Dr. Almeida,Hygiene recall,kept,41.0,13.6,129.07,Private,PT-2272
APT-000583,2025-01-22,11:23,11,"K. Duarte, PT",Physio assessment,kept,58.8,7.6,132.22,Insurance,PT-2866
APT-000579,2025-01-22,11:24,11,Dr. Almeida,Hygiene recall,kept,45.0,8.0,91.04,Corporate plan,PT-1304
APT-000622,2025-01-22,11:33,11,"M. Ellis, PT",Exam & imaging,kept,24.9,9.4,70.23,Corporate plan,PT-1319
APT-000574,2025-01-22,11:47,11,Dr. Almeida,Hygiene recall,kept,46.0,4.4,109.31,Insurance,PT-1091
APT-000623,2025-01-22,11:58,11,Dr. Almeida,Filling,kept,49.0,3.0,186.78,Private,PT-1586
APT-000580,2025-01-22,12:07,12,"M. Ellis, PT",Exam & imaging,kept,29.5,4.5,50.61,Public scheme,PT-1237
APT-000600,2025-01-22,12:15,12,"M. Ellis, PT",Filling,cancelled,42.2,5.0,21.01,Corporate plan,PT-1349
APT-000584,2025-01-22,12:18,12,Dr. Almeida,Physio session,kept,45.2,13.8,83.81,Corporate plan,PT-1972
APT-000585,2025-01-22,12:18,12,Dr. Faber,Hygiene recall,rescheduled,55.4,11.7,0.0,Private,PT-2253
APT-000575,2025-01-22,12:32,12,Dr. Almeida,Physio session,kept,28.0,7.1,95.51,Private,PT-2216
APT-000615,2025-01-22,12:48,12,"K. Duarte, PT",Filling,kept,49.9,5.8,215.75,Private,PT-2399
APT-000612,2025-01-22,14:09,14,"K. Duarte, PT",Physio assessment,cancelled,55.9,14.1,17.04,Private,PT-2794
APT-000619,2025-01-22,14:23,14,Dr. Benitez,Hygiene recall,kept,55.9,8.0,124.77,Insurance,PT-1168
APT-000602,2025-01-22,14:35,14,Dr. Almeida,Hygiene recall,kept,49.6,10.0,82.17,Public scheme,PT-1117
APT-000596,2025-01-22,14:43,14,Dr. Almeida,Filling,kept,45.4,10.7,236.53,Private,PT-2659
APT-000599,2025-01-22,14:58,14,"K. Duarte, PT",Physio assessment,kept,50.0,11.4,169.88,Private,PT-2665
APT-000592,2025-01-22,15:03,15,Dr. Almeida,Physio assessment,no_show,69.4,12.2,0.0,Public scheme,PT-2812
APT-000605,2025-01-22,15:19,15,Dr. Faber,Hygiene recall,kept,32.5,11.0,109.04,Insurance,PT-2532
APT-000606,2025-01-22,15:26,15,"M. Ellis, PT",Filling,kept,44.5,13.4,220.7,Private,PT-1814
APT-000620,2025-01-22,15:35,15,Dr. Faber,Follow-up consult,kept,15.5,14.4,74.39,Private,PT-2945
APT-000577,2025-01-22,15:36,15,"K. Duarte, PT",Hygiene recall,kept,52.2,16.3,121.64,Private,PT-1620
APT-000604,2025-01-22,15:50,15,"M. Ellis, PT",Hygiene recall,kept,43.0,10.9,109.47,Private,PT-1425
APT-000610,2025-01-22,16:03,16,Dr. Benitez,Hygiene recall,kept,56.4,9.1,111.46,Insurance,PT-1059
APT-000598,2025-01-22,16:12,16,"K. Duarte, PT",Exam & imaging,kept,22.1,8.6,61.14,Public scheme,PT-3189
APT-000586,2025-01-22,16:29,16,Dr. Faber,Root canal,kept,73.8,14.9,388.25,Public scheme,PT-3075
APT-000582,2025-01-22,16:52,16,"K. Duarte, PT",Exam & imaging,kept,23.7,12.9,78.13,Insurance,PT-2191
APT-000588,2025-01-22,16:52,16,Dr. Almeida,Hygiene recall,kept,40.1,11.7,112.82,Insurance,PT-2109
APT-000597,2025-01-22,17:27,17,Dr. Almeida,Filling,kept,53.5,26.0,220.12,Private,PT-2940
APT-000611,2025-01-22,17:33,17,"K. Duarte, PT",Filling,cancelled,52.0,9.0,24.02,Private,PT-1335
APT-000601,2025-01-22,17:37,17,"M. Ellis, PT",Filling,kept,47.4,15.4,181.88,Private,PT-2070
APT-000603,2025-01-22,17:37,17,Dr. Faber,Physio assessment,kept,52.7,8.3,121.89,Corporate plan,PT-1392
APT-000589,2025-01-22,17:50,17,"K. Duarte, PT",Exam & imaging,kept,43.4,10.5,96.07,Private,PT-2451
APT-000653,2025-01-23,09:09,9,"K. Duarte, PT",Hygiene recall,rescheduled,47.0,5.9,0.0,Insurance,PT-1534
APT-000649,2025-01-23,09:28,9,Dr. Benitez,Exam & imaging,kept,41.8,6.7,99.69,Private,PT-2427
APT-000648,2025-01-23,09:37,9,Dr. Chandra,Physio session,kept,41.1,4.3,77.19,Insurance,PT-1848
APT-000650,2025-01-23,10:05,10,Dr. Chandra,Filling,kept,55.4,13.9,240.61,Private,PT-3130
APT-000627,2025-01-23,10:21,10,"M. Ellis, PT",Follow-up consult,kept,27.7,21.1,42.0,Public scheme,PT-1937
APT-000663,2025-01-23,10:30,10,Dr. Chandra,Root canal,kept,77.7,6.7,601.49,Insurance,PT-2336
APT-000642,2025-01-23,10:34,10,Dr. Benitez,Filling,kept,45.7,7.2,205.23,Insurance,PT-2403
APT-000628,2025-01-23,10:42,10,Dr. Benitez,Physio session,no_show,43.0,18.5,0.0,Private,PT-1414
APT-000640,2025-01-23,10:42,10,Dr. Faber,Exam & imaging,kept,49.2,5.4,80.96,Private,PT-3102
APT-000654,2025-01-23,10:51,10,Dr. Chandra,Exam & imaging,kept,38.0,5.9,73.29,Corporate plan,PT-1966
APT-000630,2025-01-23,11:08,11,Dr. Almeida,Filling,kept,53.9,5.0,220.57,Private,PT-1776
APT-000631,2025-01-23,11:10,11,Dr. Benitez,Physio assessment,kept,64.1,6.1,97.14,Public scheme,PT-1753
APT-000656,2025-01-23,11:39,11,"K. Duarte, PT",Hygiene recall,kept,41.8,6.2,141.95,Private,PT-3053
APT-000662,2025-01-23,11:42,11,"M. Ellis, PT",Exam & imaging,kept,31.3,5.3,77.62,Insurance,PT-1554
APT-000637,2025-01-23,11:52,11,"M. Ellis, PT",Hygiene recall,kept,43.5,4.2,145.98,Private,PT-1485
APT-000658,2025-01-23,12:10,12,"K. Duarte, PT",Exam & imaging,kept,35.4,5.8,92.18,Private,PT-3009
APT-000624,2025-01-23,12:17,12,Dr. Faber,Exam & imaging,kept,29.1,4.6,92.04,Private,PT-1120
APT-000661,2025-01-23,12:28,12,Dr. Almeida,Exam & imaging,kept,32.6,4.2,95.06,Private,PT-1318
APT-000652,2025-01-23,12:43,12,Dr. Benitez,Hygiene recall,kept,44.0,5.2,110.19,Insurance,PT-3121
APT-000632,2025-01-23,13:27,13,Dr. Almeida,Hygiene recall,kept,48.8,9.9,104.36,Insurance,PT-1526
APT-000646,2025-01-23,14:07,14,Dr. Chandra,Physio session,no_show,24.3,10.0,0.0,Insurance,PT-2925
APT-000651,2025-01-23,14:10,14,Dr. Benitez,Root canal,kept,83.6,11.6,524.77,Corporate plan,PT-2818
APT-000629,2025-01-23,14:21,14,Dr. Chandra,Hygiene recall,kept,41.7,17.7,148.65,Private,PT-2057
APT-000655,2025-01-23,14:42,14,Dr. Chandra,Hygiene recall,kept,49.2,12.6,81.73,Public scheme,PT-2468
APT-000625,2025-01-23,15:17,15,Dr. Benitez,Physio session,kept,47.5,8.3,62.24,Public scheme,PT-1683
APT-000643,2025-01-23,15:19,15,Dr. Chandra,Filling,kept,46.6,8.5,191.44,Insurance,PT-2864
APT-000644,2025-01-23,15:25,15,"K. Duarte, PT",Hygiene recall,kept,43.5,17.5,123.96,Insurance,PT-2885
APT-000657,2025-01-23,15:25,15,"M. Ellis, PT",Hygiene recall,kept,35.0,10.5,81.01,Public scheme,PT-2561
APT-000660,2025-01-23,15:27,15,Dr. Faber,Exam & imaging,rescheduled,25.5,9.6,0.0,Private,PT-2373
APT-000633,2025-01-23,15:28,15,Dr. Benitez,Filling,cancelled,40.9,17.4,19.51,Corporate plan,PT-2817
APT-000639,2025-01-23,15:33,15,Dr. Almeida,Hygiene recall,kept,41.9,17.1,98.12,Corporate plan,PT-1757
APT-000645,2025-01-23,16:15,16,Dr. Benitez,Hygiene recall,kept,51.9,15.0,139.38,Private,PT-2243
APT-000634,2025-01-23,16:22,16,"K. Duarte, PT",Follow-up consult,rescheduled,25.8,12.5,0.0,Insurance,PT-2274
APT-000638,2025-01-23,16:26,16,"K. Duarte, PT",Exam & imaging,kept,25.5,18.7,70.07,Insurance,PT-1584
APT-000636,2025-01-23,16:29,16,"K. Duarte, PT",Hygiene recall,kept,54.4,17.5,124.89,Insurance,PT-2653
APT-000659,2025-01-23,16:40,16,Dr. Benitez,Exam & imaging,kept,23.2,23.7,82.21,Insurance,PT-1858
APT-000641,2025-01-23,17:05,17,Dr. Almeida,Physio assessment,kept,42.8,8.2,109.57,Public scheme,PT-2727
APT-000635,2025-01-23,17:06,17,Dr. Benitez,Hygiene recall,kept,40.1,12.0,130.96,Private,PT-1541
APT-000647,2025-01-23,17:09,17,"K. Duarte, PT",Exam & imaging,no_show,20.0,7.9,0.0,Insurance,PT-1793
APT-000626,2025-01-23,17:11,17,Dr. Almeida,Root canal,kept,72.9,9.5,535.3,Insurance,PT-2380
APT-000675,2025-01-24,09:35,9,Dr. Chandra,Hygiene recall,kept,51.3,6.8,154.74,Private,PT-2693
APT-000682,2025-01-24,09:35,9,Dr. Almeida,Filling,kept,47.5,3.1,209.22,Private,PT-2804
APT-000672,2025-01-24,09:40,9,Dr. Almeida,Hygiene recall,kept,47.5,5.0,124.35,Private,PT-2214
APT-000692,2025-01-24,10:09,10,"M. Ellis, PT",Physio assessment,kept,43.8,11.9,163.18,Private,PT-1538
APT-000671,2025-01-24,10:14,10,Dr. Faber,Hygiene recall,no_show,54.4,10.3,0.0,Insurance,PT-1241
APT-000701,2025-01-24,10:14,10,"M. Ellis, PT",Hygiene recall,no_show,36.4,13.7,0.0,Private,PT-1302
APT-000677,2025-01-24,10:19,10,"K. Duarte, PT",Physio assessment,kept,45.2,10.6,99.64,Public scheme,PT-1583
APT-000666,2025-01-24,10:25,10,Dr. Chandra,Crown fit,kept,53.7,9.0,734.42,Insurance,PT-3131
APT-000670,2025-01-24,10:27,10,Dr. Chandra,Hygiene recall,no_show,41.0,3.2,0.0,Private,PT-1166
APT-000696,2025-01-24,10:28,10,Dr. Almeida,Hygiene recall,kept,50.8,12.3,106.28,Insurance,PT-2876
APT-000687,2025-01-24,10:29,10,Dr. Chandra,Filling,kept,43.8,20.5,201.43,Insurance,PT-3149
APT-000689,2025-01-24,10:43,10,Dr. Chandra,Physio session,kept,35.3,8.4,91.55,Insurance,PT-1658
APT-000699,2025-01-24,10:51,10,Dr. Chandra,Filling,kept,47.4,5.6,194.23,Insurance,PT-1721
APT-000690,2025-01-24,10:58,10,Dr. Chandra,Hygiene recall,cancelled,41.4,4.1,14.29,Private,PT-2953
APT-000686,2025-01-24,11:02,11,Dr. Chandra,Follow-up consult,kept,26.2,5.5,58.28,Insurance,PT-1890
APT-000691,2025-01-24,11:09,11,"K. Duarte, PT",Hygiene recall,kept,44.3,18.3,141.0,Private,PT-2927
APT-000683,2025-01-24,11:19,11,Dr. Benitez,Filling,kept,49.2,8.0,177.28,Corporate plan,PT-2342
APT-000688,2025-01-24,11:24,11,"M. Ellis, PT",Exam & imaging,kept,34.2,12.7,65.01,Corporate plan,PT-2887
APT-000700,2025-01-24,13:03,13,Dr. Almeida,Root canal,kept,81.2,16.5,341.9,Public scheme,PT-3096
APT-000693,2025-01-24,13:08,13,"K. Duarte, PT",Physio session,no_show,35.4,12.7,0.0,Insurance,PT-2212
APT-000676,2025-01-24,13:13,13,Dr. Almeida,Hygiene recall,cancelled,42.1,14.0,13.01,Insurance,PT-1511
APT-000697,2025-01-24,14:23,14,"K. Duarte, PT",Filling,kept,53.1,12.9,177.7,Insurance,PT-1290
APT-000698,2025-01-24,14:35,14,Dr. Almeida,Hygiene recall,rescheduled,28.2,11.9,0.0,Private,PT-2588
APT-000669,2025-01-24,14:48,14,Dr. Almeida,Exam & imaging,kept,14.2,11.6,83.17,Insurance,PT-1795
APT-000679,2025-01-24,14:55,14,"K. Duarte, PT",Exam & imaging,no_show,21.3,10.0,0.0,Corporate plan,PT-2222
APT-000684,2025-01-24,14:57,14,Dr. Almeida,Exam & imaging,kept,33.7,14.7,108.34,Private,PT-1493
APT-000678,2025-01-24,15:08,15,Dr. Benitez,Filling,kept,43.8,12.2,220.17,Private,PT-3049
APT-000674,2025-01-24,15:11,15,Dr. Almeida,Hygiene recall,kept,49.0,19.8,143.02,Private,PT-2668
APT-000681,2025-01-24,15:19,15,Dr. Almeida,Physio assessment,cancelled,46.3,16.7,17.35,Private,PT-2836
APT-000668,2025-01-24,15:30,15,Dr. Almeida,Filling,kept,45.9,10.0,208.72,Insurance,PT-2795
APT-000664,2025-01-24,15:52,15,Dr. Benitez,Hygiene recall,rescheduled,48.8,13.8,0.0,Corporate plan,PT-2430
APT-000667,2025-01-24,16:19,16,Dr. Faber,Hygiene recall,kept,44.2,18.6,115.46,Insurance,PT-2899
APT-000665,2025-01-24,16:21,16,Dr. Benitez,Root canal,kept,87.7,11.8,724.63,Private,PT-1528
APT-000673,2025-01-24,16:32,16,"K. Duarte, PT",Root canal,kept,72.6,13.7,574.79,Insurance,PT-1484
APT-000685,2025-01-24,16:41,16,Dr. Almeida,Filling,kept,35.2,11.1,223.93,Private,PT-2655
APT-000694,2025-01-24,16:56,16,Dr. Almeida,Hygiene recall,cancelled,47.2,14.2,10.15,Public scheme,PT-2590
APT-000680,2025-01-24,17:42,17,Dr. Benitez,Filling,kept,44.1,12.7,172.65,Insurance,PT-1157
APT-000695,2025-01-24,17:44,17,Dr. Chandra,Hygiene recall,kept,46.8,15.5,124.33,Private,PT-1443
APT-000703,2025-01-25,08:26,8,"K. Duarte, PT",Hygiene recall,cancelled,41.7,5.5,17.02,Private,PT-1590
APT-000721,2025-01-25,09:16,9,"K. Duarte, PT",Exam & imaging,no_show,23.7,9.7,0.0,Insurance,PT-1034
APT-000704,2025-01-25,09:22,9,"K. Duarte, PT",Exam & imaging,no_show,40.3,7.0,0.0,Private,PT-2588
APT-000724,2025-01-25,09:34,9,"M. Ellis, PT",Hygiene recall,no_show,49.5,14.4,0.0,Private,PT-2452
APT-000711,2025-01-25,09:42,9,"M. Ellis, PT",Filling,kept,53.8,6.7,224.61,Private,PT-2346
APT-000709,2025-01-25,10:37,10,"K. Duarte, PT",Root canal,kept,87.6,12.2,558.07,Insurance,PT-2516
APT-000716,2025-01-25,10:55,10,"K. Duarte, PT",Hygiene recall,no_show,48.2,7.4,0.0,Private,PT-2919
APT-000708,2025-01-25,11:12,11,"K. Duarte, PT",Exam & imaging,kept,23.2,8.7,91.3,Private,PT-1609
APT-000714,2025-01-25,11:23,11,"K. Duarte, PT",Filling,kept,34.5,4.4,220.32,Private,PT-1721
APT-000712,2025-01-25,11:41,11,"K. Duarte, PT",Physio session,kept,35.3,6.8,99.22,Insurance,PT-1208
APT-000706,2025-01-25,12:25,12,"M. Ellis, PT",Exam & imaging,kept,25.4,8.0,80.19,Insurance,PT-2384
APT-000725,2025-01-25,13:04,13,"K. Duarte, PT",Physio session,kept,44.3,11.5,97.54,Private,PT-2260
APT-000718,2025-01-25,13:29,13,"K. Duarte, PT",Exam & imaging,kept,14.6,8.2,91.2,Private,PT-1741
APT-000707,2025-01-25,13:32,13,"K. Duarte, PT",Root canal,cancelled,89.4,12.1,78.81,Private,PT-2503
APT-000722,2025-01-25,13:32,13,"M. Ellis, PT",Hygiene recall,no_show,43.2,11.9,0.0,Insurance,PT-2596
APT-000719,2025-01-25,13:39,13,"M. Ellis, PT",Filling,kept,46.6,13.3,204.63,Insurance,PT-3021
APT-000717,2025-01-25,13:59,13,"K. Duarte, PT",Hygiene recall,kept,45.4,12.0,107.39,Corporate plan,PT-1570
APT-000723,2025-01-25,15:08,15,"K. Duarte, PT",Crown fit,kept,63.6,13.1,924.8,Private,PT-1705
APT-000705,2025-01-25,15:24,15,"M. Ellis, PT",Hygiene recall,kept,43.6,10.1,123.12,Private,PT-1262
APT-000720,2025-01-25,15:42,15,"K. Duarte, PT",Physio assessment,kept,60.2,13.3,138.9,Insurance,PT-1929
APT-000710,2025-01-25,15:43,15,"M. Ellis, PT",Hygiene recall,kept,35.1,9.6,117.52,Insurance,PT-2364
APT-000713,2025-01-25,15:53,15,"M. Ellis, PT",Physio session,kept,38.9,9.1,103.22,Private,PT-1842
APT-000702,2025-01-25,16:34,16,"M. Ellis, PT",Hygiene recall,cancelled,42.8,12.7,15.89,Private,PT-1654
APT-000715,2025-01-25,17:39,17,"M. Ellis, PT",Follow-up consult,kept,8.0,21.8,61.83,Insurance,PT-2020
APT-000750,2025-01-27,08:37,8,Dr. Chandra,Exam & imaging,kept,22.8,6.5,83.34,Insurance,PT-2442
APT-000746,2025-01-27,09:17,9,Dr. Almeida,Hygiene recall,no_show,57.5,6.2,0.0,Public scheme,PT-2627
APT-000737,2025-01-27,09:29,9,"K. Duarte, PT",Physio assessment,kept,36.8,4.4,153.28,Private,PT-2461
APT-000761,2025-01-27,10:13,10,Dr. Benitez,Exam & imaging,kept,36.9,3.3,67.5,Corporate plan,PT-1446
APT-000735,2025-01-27,10:20,10,Dr. Chandra,Exam & imaging,kept,26.0,9.3,106.43,Private,PT-1039
APT-000730,2025-01-27,10:21,10,Dr. Almeida,Exam & imaging,cancelled,33.0,10.6,10.81,Private,PT-2749
APT-000733,2025-01-27,10:42,10,Dr. Benitez,Physio assessment,kept,61.1,9.2,120.69,Corporate plan,PT-1166
APT-000736,2025-01-27,10:43,10,Dr. Benitez,Filling,kept,44.6,14.3,181.26,Insurance,PT-1871
APT-000758,2025-01-27,10:43,10,Dr. Almeida,Physio session,kept,36.6,11.5,87.02,Corporate plan,PT-1173
APT-000726,2025-01-27,10:47,10,Dr. Almeida,Exam & imaging,kept,22.9,23.6,73.09,Insurance,PT-1191
APT-000760,2025-01-27,10:51,10,"K. Duarte, PT",Physio session,kept,50.0,2.9,87.47,Insurance,PT-1701
APT-000755,2025-01-27,10:53,10,Dr. Chandra,Hygiene recall,kept,49.4,9.5,107.92,Private,PT-3161
APT-000742,2025-01-27,10:55,10,Dr. Benitez,Hygiene recall,kept,32.4,5.7,127.69,Private,PT-1623
APT-000752,2025-01-27,10:59,10,Dr. Almeida,Hygiene recall,no_show,48.1,9.9,0.0,Insurance,PT-1524
APT-000738,2025-01-27,11:22,11,Dr. Chandra,Hygiene recall,kept,42.2,6.2,115.38,Insurance,PT-2793
APT-000744,2025-01-27,11:23,11,Dr. Almeida,Crown fit,kept,67.9,3.0,611.85,Corporate plan,PT-1269
APT-000745,2025-01-27,11:30,11,Dr. Almeida,Crown fit,no_show,58.6,3.2,0.0,Private,PT-2618
APT-000729,2025-01-27,11:38,11,Dr. Benitez,Physio session,cancelled,32.1,5.5,9.93,Corporate plan,PT-2891
APT-000739,2025-01-27,11:40,11,Dr. Chandra,Exam & imaging,kept,17.9,3.3,92.93,Private,PT-2991
APT-000731,2025-01-27,11:51,11,Dr. Benitez,Root canal,kept,82.7,5.8,514.49,Insurance,PT-1085
APT-000748,2025-01-27,11:52,11,Dr. Almeida,Hygiene recall,kept,38.5,7.7,137.91,Private,PT-2033
APT-000753,2025-01-27,12:24,12,Dr. Benitez,Physio session,kept,42.5,12.4,78.61,Corporate plan,PT-2119
APT-000762,2025-01-27,12:47,12,Dr. Chandra,Hygiene recall,kept,48.3,9.5,115.13,Insurance,PT-2912
APT-000759,2025-01-27,12:54,12,Dr. Benitez,Physio session,kept,26.0,10.1,95.25,Insurance,PT-2277
APT-000756,2025-01-27,13:02,13,Dr. Almeida,Hygiene recall,kept,35.1,8.5,128.31,Private,PT-3184
APT-000727,2025-01-27,13:27,13,"K. Duarte, PT",Hygiene recall,no_show,35.6,11.8,0.0,Corporate plan,PT-2299
APT-000728,2025-01-27,13:32,13,Dr. Benitez,Hygiene recall,kept,34.8,11.6,133.28,Private,PT-2129
APT-000754,2025-01-27,14:33,14,Dr. Almeida,Hygiene recall,kept,46.5,15.0,131.58,Private,PT-2616
APT-000740,2025-01-27,15:08,15,"K. Duarte, PT",Exam & imaging,cancelled,35.7,8.8,9.38,Insurance,PT-1248
APT-000751,2025-01-27,15:16,15,Dr. Almeida,Physio session,kept,36.1,11.0,95.53,Insurance,PT-1349
APT-000732,2025-01-27,15:39,15,Dr. Chandra,Exam & imaging,kept,27.2,8.9,93.0,Insurance,PT-1885
APT-000743,2025-01-27,15:40,15,Dr. Chandra,Filling,no_show,45.2,18.6,0.0,Insurance,PT-1601
APT-000749,2025-01-27,15:52,15,Dr. Almeida,Exam & imaging,kept,21.7,7.8,61.89,Public scheme,PT-2716
APT-000747,2025-01-27,16:08,16,Dr. Almeida,Exam & imaging,kept,35.5,9.3,83.27,Insurance,PT-2014
APT-000757,2025-01-27,16:12,16,Dr. Chandra,Hygiene recall,kept,43.3,12.6,131.65,Private,PT-2124
APT-000741,2025-01-27,16:50,16,"K. Duarte, PT",Filling,kept,44.6,19.4,181.27,Insurance,PT-1567
APT-000734,2025-01-27,17:56,17,Dr. Almeida,Hygiene recall,kept,51.2,9.9,117.72,Corporate plan,PT-2854
APT-000782,2025-01-28,08:17,8,Dr. Almeida,Root canal,no_show,89.1,7.1,0.0,Private,PT-2709
APT-000771,2025-01-28,09:03,9,Dr. Benitez,Physio assessment,no_show,54.6,7.8,0.0,Private,PT-1028
APT-000774,2025-01-28,09:18,9,Dr. Almeida,Exam & imaging,kept,20.7,10.9,87.68,Private,PT-2724
APT-000798,2025-01-28,09:18,9,Dr. Benitez,Exam & imaging,kept,19.3,12.1,106.01,Private,PT-1922
APT-000783,2025-01-28,09:21,9,Dr. Benitez,Filling,cancelled,43.4,22.9,21.99,Insurance,PT-2508
APT-000785,2025-01-28,09:21,9,Dr. Almeida,Filling,kept,37.7,8.3,164.3,Insurance,PT-1775
APT-000802,2025-01-28,09:55,9,"K. Duarte, PT",Hygiene recall,kept,46.0,6.7,135.98,Private,PT-3007
APT-000805,2025-01-28,09:55,9,"K. Duarte, PT",Root canal,kept,70.8,11.8,634.77,Private,PT-1983
APT-000779,2025-01-28,10:08,10,"M. Ellis, PT",Hygiene recall,kept,40.6,4.8,85.84,Public scheme,PT-2833
APT-000772,2025-01-28,10:14,10,Dr. Benitez,Physio assessment,kept,55.7,2.8,144.22,Private,PT-2646
APT-000764,2025-01-28,10:15,10,"M. Ellis, PT",Hygiene recall,kept,40.9,8.3,140.08,Private,PT-2917
APT-000795,2025-01-28,10:15,10,Dr. Benitez,Physio session,kept,41.2,5.1,107.04,Private,PT-2855
APT-000800,2025-01-28,10:20,10,"M. Ellis, PT",Exam & imaging,kept,28.1,6.7,80.09,Insurance,PT-2462
APT-000767,2025-01-28,10:34,10,Dr. Almeida,Hygiene recall,kept,44.7,12.3,128.77,Private,PT-3081
APT-000807,2025-01-28,10:45,10,"M. Ellis, PT",Physio session,kept,39.4,6.1,92.82,Insurance,PT-3132
APT-000781,2025-01-28,10:46,10,Dr. Almeida,Filling,kept,42.7,8.8,184.8,Insurance,PT-2172
APT-000763,2025-01-28,11:01,11,"M. Ellis, PT",Hygiene recall,cancelled,47.7,4.9,13.04,Corporate plan,PT-3047
APT-000796,2025-01-28,11:10,11,"K. Duarte, PT",Physio session,kept,43.6,4.3,109.97,Private,PT-1217
APT-000797,2025-01-28,11:21,11,Dr. Almeida,Hygiene recall,kept,48.2,3.2,147.5,Private,PT-3044
APT-000794,2025-01-28,11:42,11,Dr. Almeida,Hygiene recall,kept,32.3,10.2,130.14,Private,PT-2469
APT-000777,2025-01-28,11:53,11,"M. Ellis, PT",Hygiene recall,kept,32.2,3.6,117.92,Insurance,PT-1838
APT-000790,2025-01-28,12:13,12,"M. Ellis, PT",Hygiene recall,cancelled,33.9,9.8,9.78,Public scheme,PT-1120
APT-000784,2025-01-28,12:31,12,Dr. Almeida,Filling,kept,49.7,7.4,179.68,Insurance,PT-2998
APT-000793,2025-01-28,12:36,12,Dr. Almeida,Exam & imaging,kept,30.1,5.7,94.99,Private,PT-2079
APT-000769,2025-01-28,12:37,12,Dr. Chandra,Hygiene recall,kept,60.1,7.8,131.95,Insurance,PT-1642
APT-000768,2025-01-28,13:20,13,Dr. Benitez,Physio assessment,kept,54.8,11.2,134.72,Insurance,PT-3025
APT-000801,2025-01-28,13:37,13,Dr. Almeida,Hygiene recall,kept,37.6,13.3,113.74,Corporate plan,PT-1147
APT-000803,2025-01-28,13:57,13,Dr. Benitez,Hygiene recall,kept,41.0,8.6,133.59,Private,PT-2852
APT-000773,2025-01-28,14:26,14,Dr. Almeida,Follow-up consult,kept,19.3,8.7,57.7,Insurance,PT-1225
APT-000804,2025-01-28,14:27,14,"K. Duarte, PT",Hygiene recall,kept,63.7,11.7,83.88,Public scheme,PT-1264
APT-000765,2025-01-28,14:30,14,Dr. Benitez,Hygiene recall,kept,48.4,14.9,116.68,Insurance,PT-1872
APT-000788,2025-01-28,14:40,14,"K. Duarte, PT",Exam & imaging,kept,25.3,12.9,79.04,Corporate plan,PT-1252
APT-000766,2025-01-28,14:44,14,Dr. Chandra,Hygiene recall,kept,52.1,11.2,79.72,Public scheme,PT-1712
APT-000789,2025-01-28,14:44,14,Dr. Benitez,Filling,kept,46.2,10.5,181.29,Insurance,PT-2535
APT-000787,2025-01-28,14:47,14,"M. Ellis, PT",Hygiene recall,kept,53.9,13.7,123.74,Private,PT-2292
APT-000792,2025-01-28,15:50,15,Dr. Benitez,Exam & imaging,kept,28.2,10.3,86.47,Private,PT-2045
APT-000778,2025-01-28,15:51,15,"M. Ellis, PT",Physio assessment,kept,59.4,13.5,143.69,Private,PT-3077
APT-000791,2025-01-28,16:01,16,"K. Duarte, PT",Hygiene recall,kept,45.6,11.9,128.72,Private,PT-1828
APT-000799,2025-01-28,16:02,16,Dr. Benitez,Hygiene recall,kept,43.5,13.2,104.38,Corporate plan,PT-1770
APT-000775,2025-01-28,16:46,16,"K. Duarte, PT",Hygiene recall,kept,47.0,9.6,122.6,Insurance,PT-2523
APT-000770,2025-01-28,16:52,16,Dr. Benitez,Hygiene recall,no_show,53.7,10.4,0.0,Private,PT-1918
APT-000786,2025-01-28,17:24,17,"M. Ellis, PT",Hygiene recall,kept,42.4,17.9,116.88,Insurance,PT-2104
APT-000806,2025-01-28,17:36,17,"K. Duarte, PT",Hygiene recall,kept,46.8,8.2,132.93,Private,PT-1099
APT-000776,2025-01-28,17:41,17,Dr. Almeida,Physio assessment,kept,54.8,8.9,93.69,Public scheme,PT-1963
APT-000780,2025-01-28,17:53,17,"K. Duarte, PT",Hygiene recall,kept,44.5,17.8,112.77,Insurance,PT-2839
APT-000848,2025-01-29,08:58,8,Dr. Faber,Hygiene recall,kept,43.4,4.6,79.58,Public scheme,PT-2897
APT-000838,2025-01-29,09:00,9,"M. Ellis, PT",Filling,kept,48.3,12.2,138.25,Public scheme,PT-1968
APT-000823,2025-01-29,09:02,9,"M. Ellis, PT",Hygiene recall,cancelled,59.2,6.2,14.26,Insurance,PT-1886
APT-000820,2025-01-29,09:08,9,"K. Duarte, PT",Physio assessment,kept,51.7,3.6,141.06,Private,PT-1658
APT-000816,2025-01-29,09:42,9,Dr. Benitez,Filling,kept,48.8,3.1,156.32,Corporate plan,PT-2593
APT-000837,2025-01-29,09:56,9,Dr. Faber,Filling,kept,43.2,19.8,198.44,Insurance,PT-2609
APT-000809,2025-01-29,10:05,10,Dr. Benitez,Physio session,kept,42.3,6.3,108.19,Private,PT-2090
APT-000829,2025-01-29,10:08,10,Dr. Almeida,Exam & imaging,kept,23.4,8.1,79.06,Private,PT-1841
APT-000818,2025-01-29,10:19,10,"K. Duarte, PT",Filling,no_show,44.0,13.3,0.0,Insurance,PT-1307
APT-000842,2025-01-29,10:29,10,Dr. Benitez,Hygiene recall,kept,56.2,4.9,125.09,Insurance,PT-1987
APT-000840,2025-01-29,10:34,10,"K. Duarte, PT",Physio assessment,kept,38.6,5.8,139.65,Insurance,PT-3053
APT-000812,2025-01-29,10:35,10,"M. Ellis, PT",Hygiene recall,kept,40.1,12.1,123.16,Insurance,PT-2997
APT-000831,2025-01-29,10:49,10,Dr. Benitez,Root canal,kept,75.3,9.1,529.34,Insurance,PT-2609
APT-000827,2025-01-29,11:07,11,"M. Ellis, PT",Hygiene recall,rescheduled,44.5,6.3,0.0,Private,PT-2970
APT-000847,2025-01-29,11:18,11,"K. Duarte, PT",Hygiene recall,kept,35.1,7.5,136.14,Private,PT-1993
APT-000814,2025-01-29,11:22,11,"K. Duarte, PT",Follow-up consult,kept,18.1,6.0,72.13,Private,PT-1384
APT-000819,2025-01-29,11:32,11,Dr. Benitez,Crown fit,kept,66.3,3.4,776.85,Private,PT-1530
APT-000845,2025-01-29,11:33,11,"M. Ellis, PT",Hygiene recall,kept,60.4,6.8,100.82,Corporate plan,PT-2208
APT-000846,2025-01-29,11:34,11,Dr. Benitez,Hygiene recall,rescheduled,48.4,5.9,0.0,Insurance,PT-3016
APT-000841,2025-01-29,11:49,11,"K. Duarte, PT",Exam & imaging,cancelled,20.5,7.6,11.92,Insurance,PT-3041
APT-000825,2025-01-29,11:50,11,Dr. Faber,Hygiene recall,kept,56.3,5.3,115.01,Insurance,PT-1171
APT-000833,2025-01-29,12:14,12,Dr. Benitez,Physio assessment,kept,56.5,6.0,167.02,Private,PT-2331
APT-000810,2025-01-29,12:17,12,"M. Ellis, PT",Physio assessment,kept,59.5,16.4,163.74,Private,PT-3051
APT-000813,2025-01-29,12:19,12,"M. Ellis, PT",Physio session,kept,31.1,7.4,95.76,Private,PT-1971
APT-000835,2025-01-29,13:11,13,Dr. Benitez,Hygiene recall,no_show,41.4,13.5,0.0,Private,PT-2759
APT-000824,2025-01-29,13:45,13,"K. Duarte, PT",Physio assessment,kept,43.1,11.9,132.35,Insurance,PT-2425
APT-000834,2025-01-29,13:59,13,"M. Ellis, PT",Physio session,kept,47.8,11.1,86.14,Insurance,PT-1389
APT-000811,2025-01-29,14:02,14,"K. Duarte, PT",Physio session,cancelled,48.5,17.4,11.82,Private,PT-1935
APT-000843,2025-01-29,14:18,14,"K. Duarte, PT",Physio assessment,kept,69.8,10.2,157.82,Private,PT-1273
APT-000826,2025-01-29,14:24,14,"M. Ellis, PT",Hygiene recall,kept,36.8,12.6,105.43,Corporate plan,PT-2598
APT-000832,2025-01-29,14:56,14,"M. Ellis, PT",Physio session,kept,37.2,14.0,107.97,Private,PT-1868
APT-000836,2025-01-29,14:57,14,"K. Duarte, PT",Exam & imaging,kept,26.3,12.8,91.45,Private,PT-1009
APT-000815,2025-01-29,15:59,15,Dr. Faber,Hygiene recall,kept,38.7,11.7,128.89,Insurance,PT-3135
APT-000830,2025-01-29,16:10,16,"K. Duarte, PT",Physio assessment,kept,53.5,10.5,129.49,Insurance,PT-2703
APT-000821,2025-01-29,16:12,16,"K. Duarte, PT",Physio session,kept,39.0,12.5,89.51,Insurance,PT-1884
APT-000808,2025-01-29,16:29,16,"M. Ellis, PT",Exam & imaging,kept,23.7,9.6,95.52,Private,PT-1746
APT-000822,2025-01-29,16:40,16,"M. Ellis, PT",Hygiene recall,kept,46.9,9.8,118.54,Insurance,PT-1155
APT-000817,2025-01-29,17:08,17,Dr. Benitez,Hygiene recall,kept,54.3,8.9,109.54,Corporate plan,PT-1805
APT-000839,2025-01-29,17:11,17,Dr. Benitez,Physio assessment,rescheduled,58.2,13.0,0.0,Insurance,PT-1022
APT-000828,2025-01-29,17:29,17,Dr. Almeida,Physio assessment,kept,61.7,10.5,152.57,Private,PT-2641
APT-000844,2025-01-29,17:41,17,Dr. Faber,Root canal,rescheduled,74.6,12.1,0.0,Private,PT-2354
APT-000864,2025-01-30,08:39,8,Dr. Benitez,Follow-up consult,kept,11.2,5.2,66.05,Private,PT-3157
APT-000859,2025-01-30,08:51,8,"M. Ellis, PT",Filling,kept,54.7,8.1,158.28,Corporate plan,PT-3100
APT-000854,2025-01-30,09:14,9,"K. Duarte, PT",Filling,kept,43.1,7.0,198.16,Private,PT-2276
APT-000873,2025-01-30,10:07,10,"M. Ellis, PT",Exam & imaging,kept,26.1,6.3,73.99,Insurance,PT-1897
APT-000866,2025-01-30,10:13,10,Dr. Benitez,Filling,kept,39.3,6.7,182.77,Insurance,PT-1012
APT-000877,2025-01-30,10:29,10,Dr. Benitez,Hygiene recall,kept,54.5,4.3,145.94,Private,PT-2977
APT-000853,2025-01-30,10:38,10,Dr. Chandra,Exam & imaging,cancelled,14.3,4.6,10.26,Insurance,PT-1037
APT-000860,2025-01-30,10:39,10,Dr. Almeida,Exam & imaging,kept,19.9,5.3,76.56,Insurance,PT-1601
APT-000851,2025-01-30,10:41,10,Dr. Benitez,Exam & imaging,kept,25.7,4.7,75.4,Private,PT-2967
APT-000865,2025-01-30,10:45,10,Dr. Benitez,Physio session,kept,45.4,12.3,88.93,Insurance,PT-2689
APT-000872,2025-01-30,10:56,10,Dr. Benitez,Physio session,rescheduled,33.9,4.8,0.0,Insurance,PT-2363
APT-000876,2025-01-30,11:10,11,Dr. Chandra,Hygiene recall,no_show,47.0,2.8,0.0,Public scheme,PT-2222
APT-000871,2025-01-30,11:14,11,Dr. Benitez,Physio assessment,kept,64.0,6.9,175.25,Private,PT-1252
APT-000861,2025-01-30,11:16,11,"M. Ellis, PT",Physio session,no_show,27.1,3.0,0.0,Public scheme,PT-1291
APT-000862,2025-01-30,11:19,11,"K. Duarte, PT",Hygiene recall,kept,35.6,9.1,127.1,Private,PT-2743
APT-000868,2025-01-30,11:21,11,"K. Duarte, PT",Physio session,kept,38.0,5.8,83.52,Insurance,PT-2141
APT-000857,2025-01-30,11:27,11,Dr. Almeida,Exam & imaging,kept,24.3,9.0,60.25,Public scheme,PT-1371
APT-000863,2025-01-30,11:53,11,"K. Duarte, PT",Physio session,cancelled,46.8,5.8,8.09,Public scheme,PT-1150
APT-000855,2025-01-30,12:38,12,Dr. Benitez,Exam & imaging,kept,13.7,3.3,75.43,Corporate plan,PT-1758
APT-000875,2025-01-30,12:39,12,Dr. Benitez,Hygiene recall,kept,55.9,18.5,112.12,Insurance,PT-2144
APT-000870,2025-01-30,12:40,12,"K. Duarte, PT",Physio assessment,kept,66.2,8.9,165.8,Private,PT-2316
APT-000867,2025-01-30,14:10,14,Dr. Chandra,Filling,kept,55.3,16.5,197.25,Insurance,PT-3197
APT-000849,2025-01-30,15:18,15,"K. Duarte, PT",Physio session,no_show,49.0,13.9,0.0,Corporate plan,PT-2476
APT-000856,2025-01-30,15:43,15,Dr. Faber,Physio session,kept,40.8,11.3,101.52,Private,PT-1969
APT-000869,2025-01-30,15:45,15,"K. Duarte, PT",Exam & imaging,kept,18.0,14.4,78.59,Insurance,PT-2702
APT-000879,2025-01-30,15:46,15,Dr. Almeida,Exam & imaging,kept,13.4,13.5,89.39,Private,PT-2657
APT-000852,2025-01-30,15:48,15,"K. Duarte, PT",Root canal,kept,77.8,14.8,418.79,Corporate plan,PT-2929
APT-000878,2025-01-30,16:07,16,Dr. Faber,Crown fit,kept,68.4,19.7,570.4,Public scheme,PT-1783
APT-000874,2025-01-30,16:20,16,Dr. Faber,Root canal,kept,77.7,8.7,555.66,Insurance,PT-2646
APT-000858,2025-01-30,17:04,17,"M. Ellis, PT",Physio assessment,no_show,56.1,18.4,0.0,Private,PT-1497
APT-000850,2025-01-30,17:41,17,"K. Duarte, PT",Physio assessment,kept,64.2,15.1,165.01,Private,PT-1051
APT-000890,2025-01-31,08:50,8,Dr. Almeida,Follow-up consult,kept,15.8,5.9,60.13,Insurance,PT-1366
APT-000886,2025-01-31,09:06,9,Dr. Faber,Physio assessment,kept,56.6,5.2,129.36,Insurance,PT-2816
APT-000895,2025-01-31,09:08,9,Dr. Faber,Follow-up consult,kept,23.9,6.2,56.55,Insurance,PT-2898
APT-000892,2025-01-31,09:34,9,"K. Duarte, PT",Follow-up consult,cancelled,18.2,4.8,6.94,Insurance,PT-2891
APT-000900,2025-01-31,09:41,9,Dr. Faber,Exam & imaging,kept,24.8,7.5,75.18,Insurance,PT-1626
APT-000903,2025-01-31,10:04,10,Dr. Almeida,Hygiene recall,kept,35.9,4.7,147.98,Private,PT-1741
APT-000910,2025-01-31,10:22,10,Dr. Faber,Hygiene recall,kept,52.9,7.1,117.85,Insurance,PT-3058
APT-000906,2025-01-31,10:31,10,"M. Ellis, PT",Filling,kept,51.6,6.0,129.8,Public scheme,PT-1853
APT-000905,2025-01-31,10:54,10,"M. Ellis, PT",Crown fit,kept,66.2,8.0,780.33,Corporate plan,PT-1212
APT-000907,2025-01-31,11:30,11,Dr. Benitez,Filling,kept,37.7,4.0,194.16,Insurance,PT-1337
APT-000887,2025-01-31,11:39,11,"M. Ellis, PT",Exam & imaging,cancelled,23.3,5.9,11.42,Private,PT-1472
APT-000908,2025-01-31,11:53,11,Dr. Benitez,Crown fit,kept,57.1,8.6,692.83,Corporate plan,PT-2739
APT-000880,2025-01-31,11:55,11,Dr. Almeida,Hygiene recall,kept,45.4,3.8,92.5,Public scheme,PT-1826
APT-000911,2025-01-31,12:04,12,Dr. Benitez,Hygiene recall,no_show,53.2,5.6,0.0,Corporate plan,PT-2637
APT-000897,2025-01-31,12:51,12,Dr. Benitez,Hygiene recall,kept,46.0,13.1,113.71,Insurance,PT-1701
APT-000912,2025-01-31,12:57,12,Dr. Chandra,Filling,kept,44.1,3.5,165.27,Corporate plan,PT-2410
APT-000893,2025-01-31,13:35,13,"M. Ellis, PT",Hygiene recall,kept,52.0,16.5,110.83,Insurance,PT-2486
APT-000881,2025-01-31,13:36,13,Dr. Chandra,Physio assessment,kept,53.1,10.3,171.94,Private,PT-2358
APT-000901,2025-01-31,14:29,14,"K. Duarte, PT",Physio assessment,kept,40.4,16.9,133.52,Insurance,PT-2887
APT-000882,2025-01-31,14:37,14,"M. Ellis, PT",Root canal,kept,84.6,20.8,546.63,Insurance,PT-2180
APT-000883,2025-01-31,14:51,14,Dr. Chandra,Exam & imaging,kept,22.4,10.1,84.79,Insurance,PT-1805
APT-000891,2025-01-31,14:52,14,Dr. Almeida,Hygiene recall,kept,48.0,9.9,132.77,Private,PT-1117
APT-000885,2025-01-31,15:07,15,Dr. Faber,Hygiene recall,kept,35.1,11.5,93.72,Corporate plan,PT-2004
APT-000889,2025-01-31,15:10,15,Dr. Benitez,Filling,kept,54.2,13.1,248.19,Private,PT-2370
APT-000913,2025-01-31,15:40,15,Dr. Almeida,Exam & imaging,kept,26.8,13.9,98.39,Private,PT-1932
APT-000904,2025-01-31,15:41,15,"M. Ellis, PT",Exam & imaging,kept,16.7,9.1,55.22,Public scheme,PT-2232
APT-000896,2025-01-31,16:15,16,Dr. Benitez,Follow-up consult,kept,9.0,9.7,60.84,Insurance,PT-1023
APT-000899,2025-01-31,16:31,16,Dr. Chandra,Filling,kept,57.4,9.4,164.2,Corporate plan,PT-2238
APT-000884,2025-01-31,16:53,16,"K. Duarte, PT",Exam & imaging,kept,29.8,9.8,80.05,Insurance,PT-2373
APT-000888,2025-01-31,16:55,16,"K. Duarte, PT",Hygiene recall,kept,39.7,13.8,112.09,Insurance,PT-3031
APT-000902,2025-01-31,16:56,16,Dr. Chandra,Filling,kept,43.9,8.7,178.78,Insurance,PT-2696
APT-000898,2025-01-31,17:35,17,Dr. Almeida,Crown fit,kept,75.7,10.7,915.95,Private,PT-1662
APT-000894,2025-01-31,17:39,17,"M. Ellis, PT",Exam & imaging,kept,35.2,11.4,72.95,Insurance,PT-1256
APT-000909,2025-01-31,17:51,17,"K. Duarte, PT",Hygiene recall,kept,42.7,10.1,99.93,Corporate plan,PT-1471
APT-000914,2025-01-31,17:56,17,Dr. Almeida,Physio assessment,kept,50.0,14.0,141.08,Private,PT-2436
APT-000917,2025-02-01,08:45,8,"M. Ellis, PT",Hygiene recall,kept,37.2,6.4,133.55,Private,PT-2280
APT-000916,2025-02-01,09:37,9,"K. Duarte, PT",Root canal,kept,84.3,14.0,489.2,Insurance,PT-2759
APT-000940,2025-02-01,09:59,9,"K. Duarte, PT",Physio assessment,kept,67.3,11.2,174.85,Private,PT-2315
APT-000928,2025-02-01,10:03,10,"M. Ellis, PT",Filling,kept,50.9,9.3,140.51,Corporate plan,PT-1166
APT-000915,2025-02-01,10:21,10,"M. Ellis, PT",Hygiene recall,kept,41.3,5.8,107.88,Insurance,PT-1368
APT-000941,2025-02-01,10:26,10,"K. Duarte, PT",Hygiene recall,kept,32.5,3.6,112.37,Insurance,PT-2972
APT-000929,2025-02-01,10:27,10,"K. Duarte, PT",Physio assessment,cancelled,56.0,6.4,20.25,Private,PT-1651
APT-000937,2025-02-01,10:35,10,"K. Duarte, PT",Hygiene recall,kept,44.5,10.6,113.16,Insurance,PT-2659
APT-000924,2025-02-01,10:42,10,"K. Duarte, PT",Physio assessment,kept,51.5,7.9,164.43,Private,PT-1125
APT-000931,2025-02-01,10:43,10,"M. Ellis, PT",Physio assessment,kept,50.1,11.9,156.21,Private,PT-1017
APT-000919,2025-02-01,10:58,10,"K. Duarte, PT",Hygiene recall,kept,47.1,3.3,100.26,Insurance,PT-1135
APT-000938,2025-02-01,11:01,11,"K. Duarte, PT",Exam & imaging,kept,15.5,8.5,65.7,Corporate plan,PT-1438
APT-000920,2025-02-01,11:49,11,"M. Ellis, PT",Hygiene recall,kept,47.1,10.1,144.91,Private,PT-2276
APT-000918,2025-02-01,11:51,11,"K. Duarte, PT",Hygiene recall,kept,55.0,3.1,134.82,Private,PT-2203
APT-000933,2025-02-01,12:35,12,"K. Duarte, PT",Crown fit,kept,64.8,4.2,835.67,Insurance,PT-1081
APT-000930,2025-02-01,12:38,12,"K. Duarte, PT",Exam & imaging,no_show,35.4,12.6,0.0,Corporate plan,PT-2353
APT-000927,2025-02-01,13:45,13,"K. Duarte, PT",Physio assessment,kept,48.2,11.3,97.7,Public scheme,PT-2856
APT-000936,2025-02-01,14:07,14,"K. Duarte, PT",Physio assessment,kept,62.7,14.6,82.85,Public scheme,PT-2311
APT-000925,2025-02-01,15:19,15,"K. Duarte, PT",Exam & imaging,kept,22.1,12.7,100.82,Private,PT-2513
APT-000926,2025-02-01,15:22,15,"K. Duarte, PT",Physio assessment,kept,61.9,24.3,107.05,Public scheme,PT-3019
APT-000923,2025-02-01,15:45,15,"K. Duarte, PT",Physio session,no_show,46.0,12.6,0.0,Private,PT-1036
APT-000934,2025-02-01,15:47,15,"M. Ellis, PT",Crown fit,kept,56.8,20.0,911.0,Private,PT-1710
APT-000932,2025-02-01,16:04,16,"K. Duarte, PT",Filling,kept,60.7,16.5,207.15,Private,PT-1964
APT-000935,2025-02-01,16:23,16,"K. Duarte, PT",Hygiene recall,cancelled,42.2,19.0,17.28,Private,PT-1134
APT-000939,2025-02-01,16:28,16,"K. Duarte, PT",Filling,no_show,38.1,13.2,0.0,Insurance,PT-2162
APT-000922,2025-02-01,16:43,16,"K. Duarte, PT",Filling,kept,51.8,9.5,219.13,Private,PT-2714
APT-000921,2025-02-01,17:37,17,"K. Duarte, PT",Hygiene recall,kept,44.7,8.1,98.27,Corporate plan,PT-3157
APT-000957,2025-02-03,08:31,8,Dr. Almeida,Physio session,kept,44.1,3.0,67.64,Public scheme,PT-2525
APT-000952,2025-02-03,09:11,9,Dr. Almeida,Filling,cancelled,29.9,3.8,26.42,Private,PT-1059
APT-000962,2025-02-03,09:17,9,"K. Duarte, PT",Hygiene recall,kept,52.7,20.6,97.28,Corporate plan,PT-2036
APT-000950,2025-02-03,09:20,9,Dr. Chandra,Physio assessment,no_show,51.9,5.8,0.0,Insurance,PT-2469
APT-000985,2025-02-03,09:23,9,Dr. Almeida,Exam & imaging,no_show,16.5,5.8,0.0,Insurance,PT-2970
APT-000992,2025-02-03,09:23,9,Dr. Almeida,Filling,kept,48.9,23.8,169.23,Insurance,PT-2651
APT-000949,2025-02-03,09:36,9,"K. Duarte, PT",Physio assessment,no_show,58.2,6.1,0.0,Corporate plan,PT-2909
APT-000943,2025-02-03,09:40,9,Dr. Chandra,Filling,kept,51.6,16.8,180.06,Corporate plan,PT-2096
APT-000965,2025-02-03,09:47,9,Dr. Benitez,Exam & imaging,rescheduled,15.1,4.6,0.0,Private,PT-2028
APT-000987,2025-02-03,09:47,9,"K. Duarte, PT",Hygiene recall,kept,47.5,6.3,129.86,Private,PT-2846
APT-000967,2025-02-03,09:51,9,Dr. Chandra,Hygiene recall,cancelled,47.2,5.0,15.9,Private,PT-1724
APT-000945,2025-02-03,10:05,10,Dr. Almeida,Physio assessment,kept,51.5,9.0,120.26,Insurance,PT-2017
APT-000990,2025-02-03,10:12,10,"K. Duarte, PT",Physio session,kept,38.2,3.6,87.4,Insurance,PT-1085
APT-000961,2025-02-03,10:16,10,Dr. Benitez,Root canal,kept,82.3,4.2,606.25,Insurance,PT-1166
APT-000948,2025-02-03,10:26,10,Dr. Benitez,Hygiene recall,kept,35.1,3.7,125.36,Insurance,PT-1135
APT-000959,2025-02-03,10:33,10,Dr. Almeida,Hygiene recall,cancelled,28.2,8.0,16.81,Private,PT-1247
APT-000986,2025-02-03,10:41,10,Dr. Chandra,Exam & imaging,kept,25.9,4.5,81.42,Insurance,PT-1698
APT-000976,2025-02-03,10:45,10,Dr. Almeida,Crown fit,kept,67.8,3.6,718.13,Insurance,PT-2222
APT-000981,2025-02-03,10:53,10,Dr. Almeida,Exam & imaging,kept,17.8,4.3,90.48,Private,PT-2419
APT-000977,2025-02-03,10:59,10,"K. Duarte, PT",Physio assessment,no_show,53.5,5.1,0.0,Private,PT-1676
APT-000975,2025-02-03,11:08,11,Dr. Chandra,Filling,kept,41.9,10.9,126.38,Public scheme,PT-1863
APT-000944,2025-02-03,11:14,11,Dr. Almeida,Exam & imaging,kept,28.7,4.0,79.78,Corporate plan,PT-1009
APT-000968,2025-02-03,11:26,11,"K. Duarte, PT",Physio session,kept,34.9,3.6,111.83,Private,PT-1341
APT-000988,2025-02-03,11:37,11,Dr. Chandra,Follow-up consult,kept,26.5,17.9,75.13,Private,PT-1443
APT-000973,2025-02-03,11:52,11,"K. Duarte, PT",Physio session,cancelled,25.3,4.8,10.45,Insurance,PT-1502
APT-000958,2025-02-03,12:05,12,Dr. Benitez,Crown fit,kept,69.5,7.8,525.32,Public scheme,PT-1674
APT-000991,2025-02-03,12:09,12,Dr. Almeida,Filling,kept,55.3,14.3,183.16,Private,PT-2174
APT-000971,2025-02-03,12:34,12,Dr. Benitez,Physio session,kept,41.4,9.7,87.3,Insurance,PT-1540
APT-000960,2025-02-03,13:40,13,"K. Duarte, PT",Physio session,kept,41.2,9.2,90.02,Corporate plan,PT-3132
APT-000953,2025-02-03,13:41,13,"K. Duarte, PT",Crown fit,kept,60.8,16.8,891.5,Private,PT-2553
APT-000946,2025-02-03,13:54,13,"K. Duarte, PT",Root canal,kept,79.5,12.5,501.59,Insurance,PT-2461
APT-000979,2025-02-03,14:02,14,Dr. Chandra,Physio session,no_show,34.8,13.8,0.0,Insurance,PT-1646
APT-000951,2025-02-03,14:11,14,Dr. Benitez,Hygiene recall,kept,57.1,11.3,108.57,Corporate plan,PT-1913
APT-000956,2025-02-03,14:14,14,Dr. Benitez,Exam & imaging,kept,18.5,12.7,80.42,Insurance,PT-2906
APT-000978,2025-02-03,14:44,14,Dr. Chandra,Physio assessment,kept,45.8,18.0,123.85,Insurance,PT-1466
APT-000982,2025-02-03,15:01,15,Dr. Chandra,Hygiene recall,cancelled,55.6,11.0,15.82,Private,PT-1642
APT-000984,2025-02-03,15:18,15,"K. Duarte, PT",Physio session,kept,45.1,10.9,96.96,Private,PT-1691
APT-000955,2025-02-03,15:20,15,"K. Duarte, PT",Hygiene recall,no_show,48.7,12.1,0.0,Insurance,PT-2759
APT-000972,2025-02-03,15:22,15,"K. Duarte, PT",Root canal,cancelled,79.1,15.9,67.94,Insurance,PT-3074
APT-000942,2025-02-03,15:25,15,Dr. Chandra,Physio session,kept,29.2,9.6,97.6,Insurance,PT-2428
APT-000954,2025-02-03,15:57,15,"K. Duarte, PT",Exam & imaging,cancelled,26.9,10.1,11.98,Private,PT-1887
APT-000989,2025-02-03,15:57,15,Dr. Almeida,Root canal,kept,80.0,13.9,397.44,Public scheme,PT-1422
APT-000980,2025-02-03,16:23,16,"K. Duarte, PT",Exam & imaging,kept,20.8,12.1,105.09,Private,PT-2101
APT-000974,2025-02-03,16:28,16,Dr. Chandra,Physio assessment,kept,62.9,14.4,102.18,Corporate plan,PT-3069
APT-000966,2025-02-03,16:41,16,"K. Duarte, PT",Exam & imaging,kept,21.7,17.2,72.16,Insurance,PT-3059
APT-000964,2025-02-03,16:43,16,"K. Duarte, PT",Hygiene recall,kept,35.7,12.0,93.76,Corporate plan,PT-1400
APT-000947,2025-02-03,16:47,16,"K. Duarte, PT",Hygiene recall,kept,60.4,14.9,83.45,Public scheme,PT-2308
APT-000970,2025-02-03,17:15,17,Dr. Almeida,Exam & imaging,kept,17.3,10.1,82.21,Insurance,PT-2306
APT-000963,2025-02-03,17:25,17,Dr. Almeida,Hygiene recall,kept,41.8,12.2,120.07,Insurance,PT-1667
APT-000983,2025-02-03,17:47,17,Dr. Chandra,Physio session,kept,32.9,16.6,76.18,Insurance,PT-1237
APT-000969,2025-02-03,17:50,17,Dr. Almeida,Physio assessment,no_show,48.9,10.7,0.0,Private,PT-1787
APT-001029,2025-02-04,08:12,8,Dr. Chandra,Exam & imaging,kept,11.7,7.5,75.03,Insurance,PT-2451
APT-001006,2025-02-04,08:24,8,Dr. Benitez,Exam & imaging,kept,28.1,4.9,81.17,Insurance,PT-1264
APT-001000,2025-02-04,08:49,8,Dr. Chandra,Hygiene recall,kept,46.7,4.4,133.3,Private,PT-1556
APT-000998,2025-02-04,08:57,8,Dr. Chandra,Physio session,kept,34.2,4.1,115.07,Private,PT-2239
APT-001007,2025-02-04,09:03,9,Dr. Chandra,Filling,kept,39.6,13.0,199.75,Private,PT-2621
APT-001009,2025-02-04,09:04,9,"K. Duarte, PT",Follow-up consult,no_show,12.4,11.5,0.0,Private,PT-2046
APT-001010,2025-02-04,09:13,9,"K. Duarte, PT",Filling,kept,49.1,6.8,189.8,Private,PT-1412
APT-001011,2025-02-04,10:11,10,"K. Duarte, PT",Hygiene recall,kept,39.8,4.5,129.02,Private,PT-2904
APT-001030,2025-02-04,10:43,10,Dr. Chandra,Root canal,kept,74.9,3.6,616.51,Private,PT-1833
APT-001014,2025-02-04,10:52,10,"K. Duarte, PT",Exam & imaging,kept,30.2,5.2,83.14,Insurance,PT-1929
APT-000996,2025-02-04,10:58,10,"K. Duarte, PT",Hygiene recall,kept,49.3,8.5,92.66,Public scheme,PT-1992
APT-001002,2025-02-04,11:28,11,Dr. Chandra,Hygiene recall,kept,44.4,8.4,107.59,Insurance,PT-2698
APT-001016,2025-02-04,11:30,11,Dr. Almeida,Exam & imaging,kept,20.5,10.1,84.69,Insurance,PT-1028
APT-001027,2025-02-04,11:47,11,"K. Duarte, PT",Filling,kept,46.1,11.1,196.89,Insurance,PT-3052
APT-001040,2025-02-04,11:49,11,Dr. Benitez,Hygiene recall,cancelled,39.8,6.4,13.16,Insurance,PT-2837
APT-000993,2025-02-04,11:50,11,Dr. Almeida,Root canal,cancelled,75.3,8.0,72.59,Private,PT-1399
APT-001005,2025-02-04,11:53,11,"K. Duarte, PT",Crown fit,kept,54.2,18.7,784.79,Insurance,PT-1085
APT-001028,2025-02-04,11:57,11,"K. Duarte, PT",Filling,kept,49.6,4.8,185.14,Insurance,PT-2702
APT-001037,2025-02-04,12:11,12,"K. Duarte, PT",Hygiene recall,kept,41.7,4.1,116.07,Corporate plan,PT-1244
APT-001003,2025-02-04,12:17,12,"M. Ellis, PT",Hygiene recall,kept,51.5,4.3,125.22,Private,PT-2360
APT-001013,2025-02-04,12:20,12,Dr. Almeida,Hygiene recall,kept,57.0,6.0,123.34,Insurance,PT-1327
APT-001001,2025-02-04,12:25,12,"M. Ellis, PT",Hygiene recall,no_show,46.0,3.5,0.0,Corporate plan,PT-3102
APT-001023,2025-02-04,12:39,12,Dr. Almeida,Exam & imaging,kept,20.2,5.2,91.22,Private,PT-2145
APT-001032,2025-02-04,12:41,12,Dr. Almeida,Hygiene recall,kept,45.8,4.3,135.27,Private,PT-3017
APT-001039,2025-02-04,12:49,12,"K. Duarte, PT",Exam & imaging,kept,21.7,3.5,79.82,Insurance,PT-1059
APT-001017,2025-02-04,13:14,13,Dr. Almeida,Exam & imaging,kept,13.1,12.2,76.37,Insurance,PT-3022
APT-001020,2025-02-04,13:17,13,Dr. Almeida,Physio session,kept,25.0,13.7,93.74,Private,PT-1723
APT-001022,2025-02-04,13:51,13,Dr. Almeida,Hygiene recall,kept,34.9,13.7,130.86,Insurance,PT-1144
APT-001038,2025-02-04,14:07,14,"K. Duarte, PT",Filling,kept,51.4,16.7,161.47,Insurance,PT-1551
APT-001034,2025-02-04,14:28,14,"M. Ellis, PT",Filling,kept,47.0,13.8,192.83,Private,PT-1257
APT-001015,2025-02-04,14:41,14,"K. Duarte, PT",Hygiene recall,kept,42.9,7.9,134.48,Private,PT-1617
APT-001035,2025-02-04,14:59,14,"K. Duarte, PT",Exam & imaging,kept,36.1,8.4,85.93,Private,PT-1005
APT-001036,2025-02-04,15:03,15,Dr. Chandra,Physio assessment,kept,47.8,15.1,129.99,Insurance,PT-2866
APT-001008,2025-02-04,15:27,15,Dr. Almeida,Exam & imaging,kept,34.3,12.7,81.44,Insurance,PT-1194
APT-001031,2025-02-04,15:28,15,Dr. Almeida,Physio assessment,kept,66.2,15.1,134.05,Insurance,PT-1192
APT-001041,2025-02-04,15:33,15,"K. Duarte, PT",Physio session,cancelled,40.6,10.8,12.77,Private,PT-1846
APT-001019,2025-02-04,15:39,15,Dr. Benitez,Hygiene recall,kept,36.2,10.6,115.46,Corporate plan,PT-2841
APT-000999,2025-02-04,15:40,15,"K. Duarte, PT",Physio assessment,cancelled,63.4,8.6,17.9,Private,PT-2661
APT-001026,2025-02-04,15:40,15,Dr. Benitez,Exam & imaging,cancelled,18.1,11.9,9.45,Insurance,PT-2341
APT-001033,2025-02-04,16:02,16,Dr. Almeida,Hygiene recall,kept,53.6,9.9,104.0,Corporate plan,PT-1340
APT-000994,2025-02-04,16:04,16,Dr. Chandra,Hygiene recall,kept,44.5,15.9,92.11,Corporate plan,PT-3123
APT-000997,2025-02-04,16:04,16,Dr. Chandra,Filling,kept,57.2,10.2,197.38,Private,PT-1352
APT-001024,2025-02-04,16:58,16,Dr. Almeida,Hygiene recall,kept,46.1,19.3,111.56,Corporate plan,PT-1253
APT-000995,2025-02-04,17:13,17,Dr. Benitez,Hygiene recall,kept,43.2,8.7,115.04,Corporate plan,PT-2510
APT-001021,2025-02-04,17:17,17,Dr. Almeida,Hygiene recall,no_show,44.2,11.0,0.0,Private,PT-3000
APT-001004,2025-02-04,17:26,17,"M. Ellis, PT",Hygiene recall,kept,43.7,9.5,157.54,Private,PT-2117
APT-001025,2025-02-04,17:30,17,Dr. Almeida,Hygiene recall,no_show,48.3,22.6,0.0,Insurance,PT-2483
APT-001012,2025-02-04,17:47,17,Dr. Almeida,Physio assessment,kept,46.4,16.4,110.45,Public scheme,PT-2882
APT-001018,2025-02-04,17:51,17,Dr. Benitez,Exam & imaging,kept,26.6,13.4,80.39,Insurance,PT-2590
APT-001074,2025-02-05,09:20,9,Dr. Almeida,Root canal,kept,68.2,5.4,440.4,Corporate plan,PT-1427
APT-001050,2025-02-05,09:23,9,"K. Duarte, PT",Root canal,kept,91.5,6.4,647.89,Private,PT-1760
APT-001059,2025-02-05,09:33,9,Dr. Almeida,Exam & imaging,kept,18.9,10.8,86.67,Private,PT-2961
APT-001076,2025-02-05,09:41,9,Dr. Almeida,Filling,no_show,35.8,9.0,0.0,Private,PT-2744
APT-001080,2025-02-05,09:58,9,"K. Duarte, PT",Filling,kept,44.6,5.2,213.17,Private,PT-2913
APT-001057,2025-02-05,10:01,10,Dr. Benitez,Hygiene recall,kept,41.4,4.4,98.84,Insurance,PT-3197
APT-001082,2025-02-05,10:27,10,Dr. Almeida,Hygiene recall,kept,38.5,4.2,109.53,Insurance,PT-2368
APT-001061,2025-02-05,10:43,10,Dr. Almeida,Hygiene recall,kept,49.6,5.4,141.51,Private,PT-1149
APT-001060,2025-02-05,10:57,10,"M. Ellis, PT",Hygiene recall,kept,50.6,10.9,107.57,Insurance,PT-2042
APT-001058,2025-02-05,10:59,10,"M. Ellis, PT",Hygiene recall,kept,45.7,7.0,127.38,Private,PT-1554
APT-001051,2025-02-05,11:12,11,"K. Duarte, PT",Hygiene recall,kept,51.1,6.1,128.97,Private,PT-1852
APT-001063,2025-02-05,11:13,11,Dr. Benitez,Filling,kept,46.3,7.1,179.14,Corporate plan,PT-1783
APT-001042,2025-02-05,11:23,11,"K. Duarte, PT",Physio session,rescheduled,46.1,3.5,0.0,Insurance,PT-3035
APT-001044,2025-02-05,11:24,11,Dr. Benitez,Physio assessment,kept,64.1,7.0,148.46,Private,PT-1777
APT-001069,2025-02-05,11:42,11,Dr. Benitez,Root canal,kept,96.9,4.0,501.39,Private,PT-1246
APT-001045,2025-02-05,11:44,11,Dr. Almeida,Filling,kept,36.4,6.4,171.42,Insurance,PT-1774
APT-001055,2025-02-05,11:56,11,"K. Duarte, PT",Filling,kept,55.0,9.2,159.03,Insurance,PT-2109
APT-001062,2025-02-05,12:12,12,Dr. Benitez,Exam & imaging,kept,29.8,7.9,100.14,Private,PT-2937
APT-001056,2025-02-05,12:25,12,Dr. Almeida,Exam & imaging,kept,19.6,5.1,88.14,Insurance,PT-2332
APT-001081,2025-02-05,12:25,12,"K. Duarte, PT",Hygiene recall,cancelled,53.8,5.9,13.68,Insurance,PT-2482
APT-001068,2025-02-05,12:34,12,Dr. Faber,Root canal,kept,91.3,3.8,573.05,Insurance,PT-2640
APT-001070,2025-02-05,13:13,13,Dr. Almeida,Hygiene recall,kept,49.2,8.2,99.44,Insurance,PT-1424
APT-001048,2025-02-05,13:15,13,Dr. Faber,Hygiene recall,kept,25.9,12.4,82.45,Public scheme,PT-2035
APT-001066,2025-02-05,13:19,13,Dr. Benitez,Physio assessment,kept,49.3,14.0,151.91,Private,PT-2928
APT-001047,2025-02-05,13:21,13,Dr. Faber,Physio session,kept,46.0,10.6,81.38,Corporate plan,PT-2895
APT-001067,2025-02-05,14:00,14,"M. Ellis, PT",Physio assessment,kept,56.8,9.1,131.98,Corporate plan,PT-1892
APT-001071,2025-02-05,14:00,14,"K. Duarte, PT",Physio assessment,kept,69.8,13.4,129.6,Insurance,PT-1409
APT-001077,2025-02-05,14:03,14,Dr. Benitez,Exam & imaging,kept,19.4,11.8,76.08,Insurance,PT-2575
APT-001083,2025-02-05,14:23,14,Dr. Benitez,Follow-up consult,kept,31.2,12.3,68.53,Private,PT-1018
APT-001049,2025-02-05,14:35,14,Dr. Almeida,Hygiene recall,rescheduled,48.0,11.3,0.0,Insurance,PT-2473
APT-001075,2025-02-05,14:47,14,"M. Ellis, PT",Filling,kept,56.0,17.2,175.07,Insurance,PT-2586
APT-001053,2025-02-05,14:55,14,Dr. Almeida,Crown fit,kept,50.5,12.9,765.88,Insurance,PT-1264
APT-001065,2025-02-05,15:01,15,"M. Ellis, PT",Hygiene recall,kept,45.6,16.9,125.83,Private,PT-2033
APT-001052,2025-02-05,15:02,15,"K. Duarte, PT",Physio assessment,no_show,69.1,11.4,0.0,Private,PT-1732
APT-001064,2025-02-05,15:28,15,Dr. Almeida,Filling,no_show,42.3,11.3,0.0,Insurance,PT-3105
APT-001043,2025-02-05,15:42,15,"M. Ellis, PT",Filling,kept,43.4,14.3,182.85,Insurance,PT-2064
APT-001079,2025-02-05,15:42,15,"M. Ellis, PT",Crown fit,kept,74.0,10.5,973.27,Private,PT-2478
APT-001054,2025-02-05,16:22,16,Dr. Faber,Exam & imaging,kept,19.8,25.5,52.87,Public scheme,PT-1313
APT-001073,2025-02-05,16:23,16,"M. Ellis, PT",Hygiene recall,no_show,51.6,11.6,0.0,Private,PT-2176
APT-001078,2025-02-05,16:25,16,Dr. Almeida,Physio assessment,kept,64.8,9.7,151.9,Private,PT-2197
APT-001072,2025-02-05,17:12,17,Dr. Almeida,Filling,no_show,44.1,10.4,0.0,Public scheme,PT-2134
APT-001046,2025-02-05,17:23,17,Dr. Faber,Hygiene recall,kept,30.8,12.5,115.56,Insurance,PT-2205
APT-001120,2025-02-06,09:06,9,"M. Ellis, PT",Physio assessment,kept,51.9,3.6,109.31,Insurance,PT-1603
APT-001126,2025-02-06,09:07,9,Dr. Chandra,Hygiene recall,kept,53.7,8.4,112.25,Insurance,PT-1806
APT-001108,2025-02-06,09:16,9,Dr. Almeida,Hygiene recall,kept,52.0,4.2,107.73,Corporate plan,PT-3115
APT-001087,2025-02-06,09:29,9,Dr. Benitez,Filling,kept,48.0,3.6,149.3,Public scheme,PT-1383
APT-001118,2025-02-06,09:35,9,Dr. Chandra,Hygiene recall,kept,44.6,4.1,108.45,Corporate plan,PT-1466
APT-001113,2025-02-06,09:40,9,"K. Duarte, PT",Exam & imaging,kept,31.6,10.1,71.69,Corporate plan,PT-1527
APT-001089,2025-02-06,09:43,9,Dr. Benitez,Hygiene recall,kept,42.0,6.7,112.66,Insurance,PT-1365
APT-001091,2025-02-06,10:00,10,"M. Ellis, PT",Filling,kept,38.4,7.1,225.49,Private,PT-1514
APT-001096,2025-02-06,10:04,10,Dr. Faber,Hygiene recall,rescheduled,29.8,13.5,0.0,Insurance,PT-3036
APT-001106,2025-02-06,10:29,10,Dr. Almeida,Crown fit,cancelled,69.4,6.9,113.21,Private,PT-1030
APT-001086,2025-02-06,10:30,10,Dr. Benitez,Filling,kept,59.6,10.7,196.87,Insurance,PT-1789
APT-001095,2025-02-06,10:50,10,Dr. Chandra,Exam & imaging,rescheduled,30.7,8.1,0.0,Corporate plan,PT-2942
APT-001099,2025-02-06,11:12,11,"K. Duarte, PT",Hygiene recall,kept,44.3,8.3,112.92,Insurance,PT-2652
APT-001122,2025-02-06,11:14,11,"K. Duarte, PT",Exam & imaging,kept,15.9,5.3,76.82,Insurance,PT-1117
APT-001105,2025-02-06,11:30,11,Dr. Almeida,Hygiene recall,kept,49.1,3.5,105.67,Corporate plan,PT-2906
APT-001102,2025-02-06,11:32,11,Dr. Almeida,Exam & imaging,kept,30.7,3.4,66.02,Corporate plan,PT-1922
APT-001115,2025-02-06,11:43,11,"M. Ellis, PT",Hygiene recall,kept,36.0,5.3,138.14,Private,PT-1192
APT-001103,2025-02-06,11:49,11,Dr. Chandra,Follow-up consult,kept,24.3,9.7,36.2,Public scheme,PT-2164
APT-001093,2025-02-06,11:51,11,"K. Duarte, PT",Crown fit,kept,74.0,6.0,703.16,Corporate plan,PT-2957
APT-001116,2025-02-06,11:59,11,Dr. Almeida,Exam & imaging,no_show,30.6,10.1,0.0,Private,PT-1687
APT-001111,2025-02-06,12:12,12,"K. Duarte, PT",Physio session,kept,37.4,2.9,87.5,Corporate plan,PT-1391
APT-001100,2025-02-06,12:46,12,Dr. Faber,Hygiene recall,kept,48.6,19.3,106.07,Corporate plan,PT-1231
APT-001123,2025-02-06,13:31,13,Dr. Benitez,Filling,no_show,41.8,8.4,0.0,Insurance,PT-2658
APT-001101,2025-02-06,14:12,14,"K. Duarte, PT",Physio session,kept,36.5,29.8,83.08,Insurance,PT-2350
APT-001085,2025-02-06,14:18,14,Dr. Benitez,Filling,kept,39.8,12.1,176.25,Insurance,PT-2599
APT-001114,2025-02-06,14:19,14,Dr. Benitez,Physio session,kept,48.3,10.8,78.03,Insurance,PT-2214
APT-001088,2025-02-06,14:37,14,Dr. Chandra,Hygiene recall,kept,54.3,13.5,75.68,Public scheme,PT-2814
APT-001104,2025-02-06,14:51,14,Dr. Faber,Exam & imaging,kept,23.8,22.5,86.0,Insurance,PT-2026
APT-001084,2025-02-06,14:55,14,Dr. Benitez,Physio assessment,kept,53.8,18.8,138.69,Insurance,PT-1887
APT-001090,2025-02-06,15:09,15,Dr. Almeida,Hygiene recall,kept,46.5,8.3,125.74,Private,PT-1968
APT-001098,2025-02-06,15:15,15,"K. Duarte, PT",Exam & imaging,kept,31.9,9.9,79.77,Insurance,PT-2405
APT-001125,2025-02-06,15:23,15,"M. Ellis, PT",Root canal,kept,73.2,9.5,662.52,Private,PT-2385
APT-001121,2025-02-06,15:30,15,"K. Duarte, PT",Hygiene recall,no_show,40.3,15.0,0.0,Insurance,PT-2201
APT-001092,2025-02-06,15:42,15,Dr. Faber,Root canal,kept,89.7,16.8,478.92,Corporate plan,PT-1508
APT-001097,2025-02-06,15:57,15,"K. Duarte, PT",Root canal,kept,86.9,8.1,483.5,Corporate plan,PT-2451
APT-001107,2025-02-06,16:14,16,Dr. Almeida,Physio session,rescheduled,41.8,18.8,0.0,Insurance,PT-2702
APT-001124,2025-02-06,16:17,16,"K. Duarte, PT",Hygiene recall,no_show,40.3,11.6,0.0,Insurance,PT-2514
APT-001117,2025-02-06,16:21,16,Dr. Benitez,Exam & imaging,rescheduled,24.8,12.3,0.0,Corporate plan,PT-1316
APT-001110,2025-02-06,16:26,16,"M. Ellis, PT",Filling,rescheduled,48.6,15.8,0.0,Public scheme,PT-3015
APT-001112,2025-02-06,16:37,16,"K. Duarte, PT",Physio session,kept,39.6,10.2,74.26,Corporate plan,PT-1223
APT-001094,2025-02-06,16:48,16,Dr. Benitez,Hygiene recall,no_show,51.4,8.5,0.0,Corporate plan,PT-1957
APT-001119,2025-02-06,16:55,16,"K. Duarte, PT",Exam & imaging,kept,19.8,10.5,82.16,Insurance,PT-2121
APT-001109,2025-02-06,17:01,17,Dr. Almeida,Physio session,kept,45.3,10.8,67.27,Public scheme,PT-2894
APT-001176,2025-02-07,08:41,8,Dr. Faber,Exam & imaging,kept,24.6,9.4,91.38,Private,PT-1343
APT-001181,2025-02-07,09:03,9,"K. Duarte, PT",Exam & imaging,kept,28.7,5.3,80.28,Insurance,PT-1999
APT-001149,2025-02-07,09:08,9,"M. Ellis, PT",Exam & imaging,kept,22.6,5.5,87.48,Private,PT-1515
APT-001142,2025-02-07,09:10,9,"K. Duarte, PT",Filling,kept,42.3,12.5,171.15,Insurance,PT-1792
APT-001183,2025-02-07,09:32,9,Dr. Chandra,Hygiene recall,kept,48.7,8.8,114.95,Insurance,PT-2823
APT-001129,2025-02-07,09:43,9,"K. Duarte, PT",Root canal,no_show,75.0,5.4,0.0,Private,PT-2220
APT-001170,2025-02-07,10:01,10,"K. Duarte, PT",Hygiene recall,kept,51.8,2.9,120.24,Insurance,PT-1258
APT-001133,2025-02-07,10:22,10,"K. Duarte, PT",Hygiene recall,kept,48.7,17.2,141.88,Private,PT-1950
APT-001159,2025-02-07,10:28,10,Dr. Benitez,Hygiene recall,kept,48.9,6.4,107.7,Corporate plan,PT-3092
APT-001132,2025-02-07,10:39,10,"K. Duarte, PT",Physio session,kept,37.3,8.3,117.28,Private,PT-2268
APT-001155,2025-02-07,10:53,10,Dr. Benitez,Physio session,kept,51.7,8.9,86.15,Corporate plan,PT-2243
APT-001139,2025-02-07,10:56,10,Dr. Almeida,Exam & imaging,kept,34.1,9.6,67.52,Corporate plan,PT-2674
APT-001166,2025-02-07,10:58,10,Dr. Almeida,Crown fit,kept,78.5,12.0,800.63,Corporate plan,PT-1197
APT-001156,2025-02-07,10:59,10,"M. Ellis, PT",Exam & imaging,kept,15.1,5.3,71.57,Corporate plan,PT-3096
APT-001182,2025-02-07,11:01,11,Dr. Almeida,Hygiene recall,kept,45.4,3.0,101.63,Insurance,PT-1060
APT-001137,2025-02-07,11:10,11,"M. Ellis, PT",Physio session,cancelled,44.3,6.8,13.5,Private,PT-1681
APT-001146,2025-02-07,11:14,11,Dr. Faber,Filling,kept,41.1,5.1,186.3,Insurance,PT-2812
APT-001152,2025-02-07,11:35,11,"K. Duarte, PT",Hygiene recall,kept,55.6,15.1,108.89,Insurance,PT-3045
APT-001163,2025-02-07,11:47,11,Dr. Benitez,Hygiene recall,kept,41.4,6.6,103.44,Corporate plan,PT-1399
APT-001134,2025-02-07,11:48,11,"M. Ellis, PT",Physio session,kept,40.4,2.9,82.23,Corporate plan,PT-2029
APT-001154,2025-02-07,11:49,11,"K. Duarte, PT",Hygiene recall,kept,49.3,13.5,101.53,Insurance,PT-1659
APT-001151,2025-02-07,11:51,11,Dr. Faber,Exam & imaging,kept,26.6,6.7,70.92,Corporate plan,PT-1964
APT-001161,2025-02-07,11:57,11,Dr. Chandra,Physio session,cancelled,40.8,14.3,10.64,Corporate plan,PT-1807
APT-001147,2025-02-07,12:04,12,Dr. Faber,Hygiene recall,no_show,47.1,8.8,0.0,Insurance,PT-1096
APT-001175,2025-02-07,12:16,12,Dr. Chandra,Exam & imaging,kept,16.3,15.1,77.41,Corporate plan,PT-3175
APT-001168,2025-02-07,12:30,12,"K. Duarte, PT",Hygiene recall,rescheduled,48.0,12.8,0.0,Private,PT-2663
APT-001160,2025-02-07,12:56,12,Dr. Almeida,Filling,kept,51.2,6.1,215.15,Private,PT-2064
APT-001127,2025-02-07,13:09,13,"K. Duarte, PT",Physio assessment,no_show,54.8,11.6,0.0,Corporate plan,PT-1545
APT-001136,2025-02-07,13:19,13,Dr. Almeida,Filling,kept,57.5,22.5,130.39,Public scheme,PT-1277
APT-001169,2025-02-07,14:00,14,Dr. Almeida,Hygiene recall,kept,51.7,9.3,96.55,Corporate plan,PT-1295
APT-001143,2025-02-07,14:08,14,"K. Duarte, PT",Hygiene recall,kept,51.4,8.4,123.34,Private,PT-1543
APT-001158,2025-02-07,14:14,14,Dr. Benitez,Follow-up consult,kept,13.9,12.2,66.32,Private,PT-1856
APT-001173,2025-02-07,14:17,14,Dr. Almeida,Exam & imaging,kept,21.6,10.4,95.25,Private,PT-2597
APT-001144,2025-02-07,14:18,14,"K. Duarte, PT",Exam & imaging,kept,35.9,14.3,59.29,Public scheme,PT-3145
APT-001164,2025-02-07,14:33,14,Dr. Chandra,Exam & imaging,kept,24.0,18.7,72.61,Insurance,PT-1147
APT-001178,2025-02-07,14:33,14,"K. Duarte, PT",Crown fit,kept,51.5,8.8,909.25,Private,PT-2710
APT-001128,2025-02-07,14:38,14,"M. Ellis, PT",Hygiene recall,kept,40.0,17.5,140.13,Private,PT-1017
APT-001180,2025-02-07,14:40,14,Dr. Benitez,Root canal,kept,80.0,21.4,609.78,Insurance,PT-2385
APT-001179,2025-02-07,14:47,14,"K. Duarte, PT",Hygiene recall,kept,50.8,8.8,111.07,Corporate plan,PT-1827
APT-001138,2025-02-07,15:01,15,"K. Duarte, PT",Physio assessment,kept,54.5,8.7,124.69,Insurance,PT-1513
APT-001171,2025-02-07,15:05,15,"M. Ellis, PT",Crown fit,kept,77.8,20.4,772.57,Insurance,PT-1084
APT-001172,2025-02-07,15:07,15,"K. Duarte, PT",Hygiene recall,kept,45.6,9.7,82.11,Public scheme,PT-1123
APT-001140,2025-02-07,15:24,15,"K. Duarte, PT",Hygiene recall,kept,43.0,12.8,114.07,Insurance,PT-2768
APT-001135,2025-02-07,15:38,15,Dr. Almeida,Exam & imaging,kept,30.1,10.6,89.69,Private,PT-1480
APT-001141,2025-02-07,15:54,15,Dr. Almeida,Filling,kept,49.0,13.1,185.46,Insurance,PT-2578
APT-001157,2025-02-07,15:54,15,"K. Duarte, PT",Exam & imaging,kept,27.1,11.7,92.99,Insurance,PT-2486
APT-001177,2025-02-07,16:14,16,"K. Duarte, PT",Exam & imaging,kept,15.9,8.7,71.24,Corporate plan,PT-3049
APT-001174,2025-02-07,16:18,16,Dr. Benitez,Hygiene recall,kept,48.2,13.8,134.65,Private,PT-2315
APT-001131,2025-02-07,16:40,16,Dr. Almeida,Hygiene recall,kept,46.5,9.5,122.12,Private,PT-2439
APT-001150,2025-02-07,16:41,16,Dr. Benitez,Physio session,kept,33.1,12.0,95.7,Private,PT-1234
APT-001162,2025-02-07,16:46,16,Dr. Faber,Physio session,kept,38.0,16.2,111.49,Private,PT-2419
APT-001130,2025-02-07,16:51,16,Dr. Benitez,Crown fit,cancelled,69.3,10.0,81.78,Corporate plan,PT-1389
APT-001165,2025-02-07,16:58,16,"M. Ellis, PT",Hygiene recall,kept,45.8,18.4,148.23,Private,PT-1900
APT-001148,2025-02-07,17:10,17,Dr. Faber,Root canal,cancelled,78.7,12.6,45.18,Public scheme,PT-2230
APT-001145,2025-02-07,17:12,17,Dr. Almeida,Physio session,kept,38.7,11.8,82.07,Insurance,PT-3091
APT-001153,2025-02-07,17:32,17,"K. Duarte, PT",Hygiene recall,kept,40.2,8.5,101.87,Insurance,PT-2769
APT-001167,2025-02-07,17:43,17,Dr. Almeida,Hygiene recall,kept,51.8,11.9,116.95,Insurance,PT-2239
APT-001208,2025-02-08,09:07,9,"K. Duarte, PT",Hygiene recall,kept,40.8,8.0,127.38,Insurance,PT-1021
APT-001188,2025-02-08,09:26,9,"K. Duarte, PT",Filling,cancelled,40.8,2.8,22.26,Insurance,PT-2968
APT-001195,2025-02-08,10:21,10,"M. Ellis, PT",Exam & imaging,kept,22.0,5.0,76.65,Corporate plan,PT-1139
APT-001203,2025-02-08,10:55,10,"K. Duarte, PT",Filling,rescheduled,45.5,6.8,0.0,Insurance,PT-2709
APT-001190,2025-02-08,11:24,11,"K. Duarte, PT",Hygiene recall,kept,49.4,3.5,116.7,Insurance,PT-2163
APT-001184,2025-02-08,11:33,11,"M. Ellis, PT",Filling,kept,52.6,3.6,204.3,Insurance,PT-2229
APT-001200,2025-02-08,11:54,11,"M. Ellis, PT",Physio assessment,kept,48.3,3.5,164.89,Private,PT-1437
APT-001204,2025-02-08,13:06,13,"M. Ellis, PT",Hygiene recall,cancelled,33.0,27.6,13.35,Private,PT-1190
APT-001193,2025-02-08,13:10,13,"M. Ellis, PT",Hygiene recall,kept,37.6,9.4,130.73,Private,PT-2091
APT-001189,2025-02-08,14:30,14,"K. Duarte, PT",Hygiene recall,kept,42.0,9.4,106.31,Insurance,PT-2604
APT-001202,2025-02-08,14:45,14,"M. Ellis, PT",Exam & imaging,kept,27.5,13.3,81.58,Insurance,PT-2302
APT-001187,2025-02-08,14:55,14,"M. Ellis, PT",Exam & imaging,rescheduled,29.2,11.6,0.0,Insurance,PT-1862
APT-001206,2025-02-08,15:24,15,"K. Duarte, PT",Filling,kept,25.0,15.1,189.71,Insurance,PT-3005
APT-001194,2025-02-08,15:31,15,"K. Duarte, PT",Physio session,kept,45.1,12.8,83.38,Private,PT-1826
APT-001199,2025-02-08,15:40,15,"K. Duarte, PT",Exam & imaging,kept,23.5,10.4,77.62,Corporate plan,PT-1761
APT-001191,2025-02-08,15:55,15,"K. Duarte, PT",Root canal,kept,84.5,10.7,665.25,Private,PT-1159
APT-001192,2025-02-08,15:56,15,"K. Duarte, PT",Follow-up consult,cancelled,8.0,15.0,7.02,Insurance,PT-1092
APT-001185,2025-02-08,15:58,15,"K. Duarte, PT",Filling,kept,50.1,18.6,204.82,Private,PT-2996
APT-001186,2025-02-08,15:59,15,"M. Ellis, PT",Crown fit,no_show,64.1,12.5,0.0,Private,PT-1486
APT-001205,2025-02-08,16:04,16,"M. Ellis, PT",Follow-up consult,kept,24.0,11.5,54.73,Insurance,PT-2254
APT-001198,2025-02-08,16:26,16,"M. Ellis, PT",Crown fit,kept,67.8,10.2,485.5,Public scheme,PT-2871
APT-001196,2025-02-08,16:45,16,"M. Ellis, PT",Root canal,rescheduled,77.4,11.3,0.0,Insurance,PT-2501
APT-001207,2025-02-08,16:46,16,"M. Ellis, PT",Follow-up consult,kept,23.0,12.4,74.39,Private,PT-2137
APT-001201,2025-02-08,16:55,16,"K. Duarte, PT",Hygiene recall,kept,53.1,9.9,89.47,Public scheme,PT-1772
APT-001197,2025-02-08,17:10,17,"K. Duarte, PT",Hygiene recall,kept,48.0,13.5,108.18,Insurance,PT-3174
APT-001214,2025-02-10,09:23,9,Dr. Benitez,Crown fit,kept,67.6,8.2,775.55,Insurance,PT-2526
APT-001247,2025-02-10,09:25,9,"K. Duarte, PT",Root canal,kept,82.4,7.4,530.91,Insurance,PT-3046
APT-001249,2025-02-10,09:41,9,Dr. Almeida,Physio assessment,kept,67.6,6.6,155.84,Private,PT-1685
APT-001217,2025-02-10,09:47,9,Dr. Almeida,Crown fit,kept,58.6,16.2,936.24,Private,PT-3155
APT-001234,2025-02-10,10:13,10,Dr. Benitez,Physio assessment,kept,57.3,6.1,146.74,Insurance,PT-1249
APT-001231,2025-02-10,10:15,10,Dr. Chandra,Exam & imaging,kept,32.2,6.2,93.0,Private,PT-2958
APT-001237,2025-02-10,10:20,10,Dr. Benitez,Follow-up consult,kept,19.5,5.0,59.33,Insurance,PT-1174
APT-001218,2025-02-10,10:33,10,Dr. Almeida,Hygiene recall,kept,41.3,4.2,121.66,Insurance,PT-3178
APT-001212,2025-02-10,10:34,10,Dr. Chandra,Physio session,kept,35.4,8.3,92.08,Insurance,PT-1451
APT-001251,2025-02-10,10:37,10,"K. Duarte, PT",Physio session,cancelled,34.0,3.2,9.51,Corporate plan,PT-1708
APT-001232,2025-02-10,10:39,10,Dr. Chandra,Exam & imaging,kept,18.1,5.2,102.0,Private,PT-3120
APT-001264,2025-02-10,10:39,10,"K. Duarte, PT",Physio assessment,cancelled,54.3,10.6,15.13,Insurance,PT-2177
APT-001246,2025-02-10,10:46,10,Dr. Chandra,Hygiene recall,rescheduled,44.2,8.4,0.0,Private,PT-1327
APT-001239,2025-02-10,10:58,10,Dr. Chandra,Exam & imaging,kept,14.1,10.0,58.42,Public scheme,PT-2674
APT-001263,2025-02-10,11:02,11,Dr. Almeida,Exam & imaging,kept,26.2,10.1,77.6,Insurance,PT-1844
APT-001261,2025-02-10,11:22,11,Dr. Almeida,Physio session,kept,38.9,9.9,119.24,Private,PT-2140
APT-001221,2025-02-10,11:30,11,Dr. Chandra,Hygiene recall,cancelled,37.5,5.2,8.52,Public scheme,PT-1518
APT-001256,2025-02-10,11:52,11,Dr. Chandra,Hygiene recall,kept,35.7,6.9,130.54,Insurance,PT-2303
APT-001253,2025-02-10,12:26,12,Dr. Chandra,Physio session,kept,29.8,10.3,104.87,Private,PT-1029
APT-001225,2025-02-10,12:45,12,Dr. Almeida,Physio session,kept,32.2,4.7,110.95,Private,PT-1264
APT-001235,2025-02-10,12:54,12,"K. Duarte, PT",Hygiene recall,kept,58.6,5.3,115.22,Private,PT-3049
APT-001244,2025-02-10,13:21,13,Dr. Benitez,Exam & imaging,kept,14.8,10.5,87.66,Insurance,PT-2952
APT-001211,2025-02-10,13:33,13,"K. Duarte, PT",Exam & imaging,kept,26.6,12.9,55.15,Public scheme,PT-3130
APT-001222,2025-02-10,13:49,13,Dr. Chandra,Physio session,kept,43.0,8.8,100.54,Private,PT-1910
APT-001245,2025-02-10,13:55,13,Dr. Benitez,Root canal,no_show,90.5,20.4,0.0,Insurance,PT-2723
APT-001219,2025-02-10,14:01,14,Dr. Chandra,Physio assessment,kept,50.4,8.9,125.74,Corporate plan,PT-1855
APT-001229,2025-02-10,14:04,14,Dr. Chandra,Physio session,kept,31.7,14.5,86.85,Corporate plan,PT-2490
APT-001215,2025-02-10,14:20,14,Dr. Almeida,Physio session,kept,42.6,11.1,75.48,Corporate plan,PT-2410
APT-001259,2025-02-10,14:24,14,"K. Duarte, PT",Hygiene recall,kept,45.8,17.3,142.38,Private,PT-1153
APT-001240,2025-02-10,14:25,14,"K. Duarte, PT",Physio session,no_show,37.2,14.8,0.0,Private,PT-1664
APT-001224,2025-02-10,14:42,14,"K. Duarte, PT",Exam & imaging,rescheduled,19.4,16.2,0.0,Insurance,PT-1268
APT-001260,2025-02-10,14:43,14,Dr. Chandra,Filling,kept,53.2,8.7,187.68,Insurance,PT-1176
APT-001216,2025-02-10,14:44,14,Dr. Benitez,Hygiene recall,kept,45.1,23.4,99.53,Corporate plan,PT-2327
APT-001265,2025-02-10,14:54,14,Dr. Almeida,Exam & imaging,kept,28.5,12.8,68.82,Corporate plan,PT-2894
APT-001226,2025-02-10,14:58,14,Dr. Chandra,Exam & imaging,kept,21.0,12.8,78.14,Corporate plan,PT-1032
APT-001230,2025-02-10,14:58,14,Dr. Chandra,Follow-up consult,kept,14.7,9.2,64.09,Insurance,PT-2302
APT-001254,2025-02-10,14:58,14,"K. Duarte, PT",Exam & imaging,kept,29.2,14.4,83.25,Insurance,PT-3102
APT-001248,2025-02-10,15:12,15,Dr. Chandra,Exam & imaging,kept,35.6,17.2,98.59,Private,PT-1959
APT-001223,2025-02-10,15:19,15,"K. Duarte, PT",Exam & imaging,kept,31.6,12.4,75.81,Insurance,PT-3019
APT-001243,2025-02-10,15:20,15,Dr. Benitez,Physio session,kept,43.3,13.0,102.77,Insurance,PT-1679
APT-001233,2025-02-10,15:24,15,"K. Duarte, PT",Filling,kept,49.4,10.0,170.54,Corporate plan,PT-1611
APT-001228,2025-02-10,15:38,15,Dr. Almeida,Exam & imaging,kept,25.8,8.2,81.68,Insurance,PT-1306
APT-001255,2025-02-10,15:42,15,"K. Duarte, PT",Root canal,kept,89.1,9.6,587.01,Insurance,PT-2707
APT-001238,2025-02-10,15:46,15,Dr. Chandra,Exam & imaging,kept,27.4,24.8,98.54,Private,PT-2500
APT-001258,2025-02-10,15:48,15,Dr. Benitez,Root canal,no_show,75.0,9.4,0.0,Insurance,PT-1325
APT-001252,2025-02-10,15:52,15,Dr. Benitez,Filling,kept,39.5,10.3,177.01,Corporate plan,PT-2716
APT-001209,2025-02-10,15:53,15,"K. Duarte, PT",Hygiene recall,kept,37.3,15.7,116.04,Insurance,PT-1619
APT-001210,2025-02-10,15:55,15,Dr. Chandra,Filling,kept,43.5,12.9,204.2,Insurance,PT-1722
APT-001227,2025-02-10,15:55,15,"K. Duarte, PT",Hygiene recall,kept,41.4,15.0,111.11,Insurance,PT-1694
APT-001250,2025-02-10,16:00,16,Dr. Almeida,Exam & imaging,cancelled,15.2,9.5,7.24,Public scheme,PT-2660
APT-001213,2025-02-10,16:05,16,Dr. Benitez,Hygiene recall,kept,47.7,13.1,114.94,Corporate plan,PT-2470
APT-001242,2025-02-10,16:10,16,Dr. Chandra,Exam & imaging,kept,18.2,13.4,90.1,Insurance,PT-1100
APT-001241,2025-02-10,16:20,16,Dr. Chandra,Exam & imaging,kept,27.0,10.7,53.49,Public scheme,PT-2145
APT-001257,2025-02-10,16:22,16,"K. Duarte, PT",Filling,kept,55.5,10.2,180.89,Insurance,PT-3145
APT-001236,2025-02-10,16:37,16,Dr. Chandra,Physio assessment,no_show,46.6,7.8,0.0,Private,PT-1352
APT-001266,2025-02-10,16:44,16,"K. Duarte, PT",Hygiene recall,cancelled,48.9,9.5,14.38,Corporate plan,PT-1548
APT-001220,2025-02-10,16:49,16,Dr. Chandra,Physio session,cancelled,33.7,11.0,9.28,Insurance,PT-1912
APT-001262,2025-02-10,17:33,17,"K. Duarte, PT",Hygiene recall,kept,55.1,17.1,123.64,Insurance,PT-2414
APT-001284,2025-02-11,08:24,8,Dr. Benitez,Physio session,kept,42.6,3.8,85.46,Corporate plan,PT-2843
APT-001277,2025-02-11,09:00,9,"M. Ellis, PT",Follow-up consult,kept,22.3,11.0,57.92,Private,PT-3144
APT-001278,2025-02-11,09:07,9,"K. Duarte, PT",Hygiene recall,kept,44.5,4.8,109.87,Corporate plan,PT-2850
APT-001274,2025-02-11,09:10,9,"M. Ellis, PT",Hygiene recall,kept,42.1,15.5,119.32,Insurance,PT-2861
APT-001289,2025-02-11,09:33,9,Dr. Chandra,Hygiene recall,rescheduled,40.3,13.2,0.0,Insurance,PT-2382
APT-001294,2025-02-11,09:34,9,Dr. Almeida,Hygiene recall,kept,41.2,4.4,85.36,Public scheme,PT-1019
APT-001295,2025-02-11,09:36,9,Dr. Benitez,Physio session,kept,49.6,2.8,84.8,Corporate plan,PT-1070
APT-001268,2025-02-11,09:39,9,Dr. Benitez,Follow-up consult,kept,37.1,10.3,63.33,Insurance,PT-2457
APT-001271,2025-02-11,10:03,10,Dr. Benitez,Hygiene recall,cancelled,40.1,9.5,14.91,Insurance,PT-1854
APT-001275,2025-02-11,10:11,10,Dr. Chandra,Filling,kept,52.4,11.6,175.66,Insurance,PT-2204
APT-001269,2025-02-11,10:39,10,Dr. Benitez,Crown fit,kept,67.5,13.0,779.4,Insurance,PT-2702
APT-001283,2025-02-11,10:50,10,Dr. Benitez,Exam & imaging,no_show,26.7,5.9,0.0,Insurance,PT-1281
APT-001287,2025-02-11,11:15,11,Dr. Almeida,Hygiene recall,kept,47.5,4.7,114.57,Corporate plan,PT-1930
APT-001290,2025-02-11,11:30,11,Dr. Benitez,Filling,kept,56.3,6.3,127.13,Public scheme,PT-2469
APT-001293,2025-02-11,11:34,11,Dr. Almeida,Filling,kept,45.4,3.8,205.52,Private,PT-2728
APT-001296,2025-02-11,11:57,11,"K. Duarte, PT",Hygiene recall,kept,46.4,3.8,84.6,Public scheme,PT-3073
APT-001281,2025-02-11,12:10,12,"M. Ellis, PT",Hygiene recall,kept,36.8,10.1,124.88,Insurance,PT-2484
APT-001272,2025-02-11,12:58,12,"K. Duarte, PT",Filling,kept,46.9,5.2,168.02,Corporate plan,PT-1809
APT-001288,2025-02-11,14:12,14,Dr. Benitez,Hygiene recall,kept,53.8,12.8,100.93,Corporate plan,PT-2280
APT-001297,2025-02-11,14:12,14,Dr. Almeida,Exam & imaging,kept,20.2,14.2,86.66,Insurance,PT-1214
APT-001303,2025-02-11,14:22,14,Dr. Chandra,Exam & imaging,kept,25.4,12.3,60.31,Public scheme,PT-2499
APT-001291,2025-02-11,14:26,14,Dr. Almeida,Exam & imaging,kept,28.5,10.9,99.68,Insurance,PT-2233
APT-001302,2025-02-11,14:33,14,Dr. Almeida,Filling,kept,44.4,9.1,219.47,Private,PT-1135
APT-001286,2025-02-11,14:34,14,Dr. Almeida,Exam & imaging,kept,18.6,14.5,79.65,Private,PT-1613
APT-001270,2025-02-11,14:43,14,Dr. Benitez,Physio session,kept,48.7,15.2,84.57,Insurance,PT-3077
APT-001267,2025-02-11,14:44,14,Dr. Almeida,Physio session,kept,42.8,10.7,113.34,Private,PT-1704
APT-001273,2025-02-11,14:59,14,Dr. Chandra,Exam & imaging,no_show,30.0,16.3,0.0,Insurance,PT-1740
APT-001280,2025-02-11,15:12,15,Dr. Benitez,Hygiene recall,rescheduled,41.6,13.2,0.0,Insurance,PT-2792
APT-001299,2025-02-11,15:21,15,"M. Ellis, PT",Hygiene recall,kept,39.0,13.2,108.86,Corporate plan,PT-1618
APT-001301,2025-02-11,15:37,15,Dr. Almeida,Exam & imaging,kept,39.9,15.2,98.38,Private,PT-1445
APT-001298,2025-02-11,15:41,15,"M. Ellis, PT",Follow-up consult,kept,22.1,12.7,54.07,Insurance,PT-1304
APT-001285,2025-02-11,15:45,15,Dr. Almeida,Exam & imaging,kept,26.5,12.8,84.23,Insurance,PT-2777
APT-001292,2025-02-11,16:01,16,Dr. Almeida,Hygiene recall,kept,50.6,11.3,82.98,Public scheme,PT-2105
APT-001276,2025-02-11,16:38,16,Dr. Benitez,Filling,kept,38.1,11.1,204.84,Insurance,PT-1754
APT-001300,2025-02-11,16:39,16,"K. Duarte, PT",Hygiene recall,cancelled,39.5,20.2,12.82,Insurance,PT-2053
APT-001279,2025-02-11,16:45,16,"M. Ellis, PT",Hygiene recall,kept,46.2,9.2,147.42,Private,PT-2615
APT-001282,2025-02-11,16:55,16,"K. Duarte, PT",Exam & imaging,cancelled,25.1,10.8,8.62,Corporate plan,PT-1490
APT-001318,2025-02-12,08:08,8,Dr. Almeida,Filling,kept,47.7,5.2,186.31,Corporate plan,PT-1140
APT-001304,2025-02-12,08:58,8,Dr. Almeida,Filling,no_show,34.1,5.3,0.0,Corporate plan,PT-2446
APT-001315,2025-02-12,09:13,9,Dr. Benitez,Filling,kept,55.6,6.8,213.96,Private,PT-1518
APT-001306,2025-02-12,09:16,9,"K. Duarte, PT",Physio session,no_show,32.9,8.7,0.0,Private,PT-3042
APT-001313,2025-02-12,09:42,9,Dr. Benitez,Hygiene recall,kept,45.0,11.4,81.98,Public scheme,PT-1018
APT-001330,2025-02-12,09:49,9,Dr. Almeida,Hygiene recall,rescheduled,54.7,5.5,0.0,Private,PT-2153
APT-001333,2025-02-12,09:49,9,"K. Duarte, PT",Physio assessment,kept,52.2,5.7,144.67,Private,PT-1846
APT-001305,2025-02-12,09:59,9,Dr. Almeida,Filling,kept,39.8,12.6,217.75,Private,PT-2202
APT-001328,2025-02-12,10:02,10,Dr. Almeida,Filling,kept,39.7,4.8,168.42,Insurance,PT-2473
APT-001334,2025-02-12,10:02,10,"K. Duarte, PT",Hygiene recall,no_show,38.2,5.8,0.0,Private,PT-1290
APT-001337,2025-02-12,10:14,10,Dr. Benitez,Exam & imaging,kept,21.8,13.4,91.24,Insurance,PT-3037
APT-001317,2025-02-12,10:15,10,Dr. Faber,Physio session,kept,40.1,3.8,80.69,Corporate plan,PT-1178
APT-001327,2025-02-12,10:15,10,Dr. Faber,Hygiene recall,rescheduled,34.7,8.1,0.0,Insurance,PT-1626
APT-001343,2025-02-12,10:21,10,Dr. Benitez,Exam & imaging,kept,20.2,6.8,69.62,Corporate plan,PT-1555
APT-001312,2025-02-12,10:23,10,Dr. Faber,Crown fit,kept,54.2,8.4,598.31,Public scheme,PT-1795
APT-001322,2025-02-12,10:28,10,"M. Ellis, PT",Exam & imaging,kept,26.5,3.0,98.01,Private,PT-2412
APT-001324,2025-02-12,10:31,10,"M. Ellis, PT",Exam & imaging,kept,25.6,10.4,56.9,Public scheme,PT-1361
APT-001325,2025-02-12,10:45,10,Dr. Benitez,Hygiene recall,kept,41.0,6.5,114.86,Insurance,PT-2202
APT-001309,2025-02-12,10:46,10,Dr. Benitez,Hygiene recall,kept,41.6,6.8,119.42,Insurance,PT-3086
APT-001344,2025-02-12,11:07,11,"K. Duarte, PT",Physio assessment,kept,61.9,15.0,140.9,Private,PT-2324
APT-001326,2025-02-12,11:08,11,Dr. Benitez,Hygiene recall,rescheduled,67.8,4.2,0.0,Insurance,PT-2866
APT-001338,2025-02-12,11:20,11,Dr. Almeida,Exam & imaging,cancelled,27.5,7.3,7.79,Public scheme,PT-2117
APT-001310,2025-02-12,11:35,11,Dr. Benitez,Filling,kept,45.3,5.0,225.68,Private,PT-2261
APT-001321,2025-02-12,11:40,11,Dr. Benitez,Physio assessment,kept,51.1,9.8,142.68,Private,PT-2921
APT-001347,2025-02-12,12:27,12,Dr. Faber,Filling,kept,45.2,6.2,204.93,Private,PT-2475
APT-001346,2025-02-12,12:47,12,"K. Duarte, PT",Physio assessment,rescheduled,42.4,6.2,0.0,Private,PT-3022
APT-001332,2025-02-12,13:24,13,"K. Duarte, PT",Filling,kept,55.2,14.7,163.68,Insurance,PT-3059
APT-001341,2025-02-12,14:05,14,Dr. Faber,Physio session,kept,39.1,19.5,77.82,Corporate plan,PT-1382
APT-001319,2025-02-12,14:12,14,Dr. Almeida,Hygiene recall,kept,53.8,14.9,93.13,Public scheme,PT-1245
APT-001314,2025-02-12,14:17,14,Dr. Almeida,Follow-up consult,kept,19.4,9.6,71.67,Insurance,PT-1375
APT-001336,2025-02-12,14:24,14,"K. Duarte, PT",Hygiene recall,kept,31.6,20.3,110.7,Insurance,PT-1681
APT-001316,2025-02-12,14:29,14,"M. Ellis, PT",Filling,kept,47.0,8.2,211.32,Insurance,PT-2300
APT-001335,2025-02-12,14:29,14,"M. Ellis, PT",Filling,kept,42.4,11.9,132.07,Public scheme,PT-2930
APT-001308,2025-02-12,14:59,14,"M. Ellis, PT",Root canal,cancelled,85.3,9.4,62.07,Insurance,PT-2798
APT-001348,2025-02-12,15:40,15,Dr. Benitez,Hygiene recall,kept,32.9,9.0,111.62,Corporate plan,PT-1318
APT-001340,2025-02-12,15:45,15,Dr. Almeida,Filling,kept,37.0,18.0,203.86,Insurance,PT-3123
APT-001307,2025-02-12,15:53,15,Dr. Almeida,Hygiene recall,kept,55.1,11.4,124.22,Private,PT-2440
APT-001320,2025-02-12,15:54,15,Dr. Benitez,Exam & imaging,kept,16.0,14.4,84.69,Insurance,PT-1117
APT-001342,2025-02-12,16:04,16,"M. Ellis, PT",Filling,kept,47.9,9.8,141.59,Public scheme,PT-1173
APT-001339,2025-02-12,16:17,16,Dr. Benitez,Filling,kept,50.9,8.3,239.73,Private,PT-1583
APT-001345,2025-02-12,16:20,16,"K. Duarte, PT",Hygiene recall,kept,45.0,8.4,107.19,Insurance,PT-2659
APT-001331,2025-02-12,16:21,16,"M. Ellis, PT",Crown fit,kept,55.6,15.2,975.81,Private,PT-2530
APT-001329,2025-02-12,16:39,16,Dr. Almeida,Exam & imaging,kept,18.3,9.5,78.38,Insurance,PT-2020
APT-001311,2025-02-12,17:26,17,"K. Duarte, PT",Physio session,kept,38.6,10.7,86.72,Insurance,PT-1661
APT-001323,2025-02-12,17:56,17,"K. Duarte, PT",Hygiene recall,kept,40.5,12.2,109.91,Corporate plan,PT-2367
APT-001374,2025-02-13,09:11,9,"M. Ellis, PT",Root canal,kept,85.9,11.2,443.57,Public scheme,PT-2331
APT-001368,2025-02-13,09:25,9,Dr. Almeida,Exam & imaging,rescheduled,23.5,7.2,0.0,Insurance,PT-3064
APT-001365,2025-02-13,09:39,9,Dr. Benitez,Crown fit,rescheduled,71.1,4.7,0.0,Insurance,PT-3016
APT-001370,2025-02-13,09:41,9,Dr. Benitez,Filling,kept,44.1,7.0,164.71,Corporate plan,PT-2169
APT-001384,2025-02-13,10:01,10,Dr. Faber,Exam & imaging,no_show,18.2,6.2,0.0,Insurance,PT-2381
APT-001389,2025-02-13,10:07,10,Dr. Almeida,Exam & imaging,cancelled,25.5,6.8,11.99,Private,PT-2115
APT-001364,2025-02-13,10:10,10,"K. Duarte, PT",Hygiene recall,cancelled,46.4,8.1,17.31,Private,PT-1886
APT-001362,2025-02-13,10:27,10,"M. Ellis, PT",Hygiene recall,kept,52.8,8.7,121.18,Insurance,PT-1850
APT-001382,2025-02-13,10:32,10,"K. Duarte, PT",Physio session,cancelled,42.4,8.2,13.58,Private,PT-2093
APT-001393,2025-02-13,10:37,10,Dr. Almeida,Hygiene recall,no_show,61.4,5.7,0.0,Private,PT-1035
APT-001361,2025-02-13,10:39,10,Dr. Faber,Physio assessment,kept,64.5,5.2,174.06,Private,PT-1343
APT-001359,2025-02-13,10:40,10,Dr. Almeida,Hygiene recall,kept,51.4,8.1,106.74,Insurance,PT-1660
APT-001351,2025-02-13,10:59,10,Dr. Benitez,Hygiene recall,kept,45.2,18.1,134.39,Private,PT-1812
APT-001390,2025-02-13,11:22,11,Dr. Benitez,Filling,cancelled,48.6,8.1,20.08,Corporate plan,PT-2625
APT-001385,2025-02-13,11:39,11,"K. Duarte, PT",Root canal,cancelled,86.9,7.4,74.63,Private,PT-3099
APT-001354,2025-02-13,11:54,11,Dr. Chandra,Filling,kept,35.7,4.6,177.84,Insurance,PT-1204
APT-001380,2025-02-13,12:03,12,"K. Duarte, PT",Physio assessment,kept,63.4,9.3,131.24,Corporate plan,PT-1324
APT-001350,2025-02-13,12:30,12,"K. Duarte, PT",Exam & imaging,kept,18.2,7.4,84.23,Private,PT-2541
APT-001383,2025-02-13,12:36,12,Dr. Benitez,Crown fit,kept,67.0,5.3,990.25,Private,PT-3191
APT-001388,2025-02-13,12:39,12,"M. Ellis, PT",Physio session,kept,44.6,6.4,76.0,Corporate plan,PT-2981
APT-001369,2025-02-13,12:45,12,"M. Ellis, PT",Exam & imaging,kept,28.1,11.4,100.13,Private,PT-1800
APT-001392,2025-02-13,12:47,12,"M. Ellis, PT",Physio session,cancelled,36.8,4.2,8.19,Public scheme,PT-1843
APT-001373,2025-02-13,12:59,12,Dr. Benitez,Physio assessment,kept,48.8,6.4,168.48,Private,PT-2490
APT-001363,2025-02-13,13:20,13,"M. Ellis, PT",Hygiene recall,kept,32.6,10.7,87.0,Corporate plan,PT-2080
APT-001352,2025-02-13,13:25,13,Dr. Chandra,Hygiene recall,kept,44.1,8.3,100.3,Insurance,PT-1517
APT-001371,2025-02-13,13:33,13,Dr. Chandra,Hygiene recall,cancelled,52.6,18.5,13.46,Insurance,PT-2949
APT-001376,2025-02-13,13:59,13,Dr. Almeida,Hygiene recall,kept,48.3,11.1,130.8,Insurance,PT-1197
APT-001358,2025-02-13,14:00,14,"M. Ellis, PT",Exam & imaging,kept,24.7,9.2,93.51,Private,PT-2954
APT-001377,2025-02-13,14:14,14,"M. Ellis, PT",Follow-up consult,kept,18.3,10.0,61.39,Private,PT-1740
APT-001378,2025-02-13,14:33,14,Dr. Faber,Physio session,kept,39.5,17.7,93.98,Insurance,PT-1158
APT-001353,2025-02-13,14:36,14,Dr. Faber,Hygiene recall,kept,57.3,20.5,127.48,Private,PT-1836
APT-001372,2025-02-13,14:45,14,Dr. Benitez,Physio assessment,no_show,49.3,9.4,0.0,Private,PT-2560
APT-001366,2025-02-13,14:54,14,"K. Duarte, PT",Physio assessment,no_show,50.1,8.3,0.0,Private,PT-1608
APT-001349,2025-02-13,15:01,15,"K. Duarte, PT",Crown fit,kept,64.3,16.5,696.76,Insurance,PT-1814
APT-001375,2025-02-13,15:05,15,"M. Ellis, PT",Hygiene recall,kept,32.1,14.8,76.78,Public scheme,PT-1536
APT-001357,2025-02-13,15:31,15,Dr. Almeida,Hygiene recall,cancelled,28.4,12.4,12.57,Corporate plan,PT-1778
APT-001356,2025-02-13,15:44,15,"K. Duarte, PT",Physio session,kept,46.0,11.3,88.43,Insurance,PT-2883
APT-001360,2025-02-13,15:57,15,Dr. Faber,Physio session,kept,41.6,14.4,85.46,Insurance,PT-1760
APT-001355,2025-02-13,16:06,16,Dr. Chandra,Hygiene recall,kept,47.8,14.4,105.6,Insurance,PT-2943
APT-001391,2025-02-13,16:19,16,Dr. Almeida,Filling,kept,37.4,11.9,172.96,Insurance,PT-1856
APT-001381,2025-02-13,16:39,16,Dr. Benitez,Exam & imaging,kept,30.7,9.2,96.87,Private,PT-2292
APT-001394,2025-02-13,16:47,16,Dr. Benitez,Root canal,kept,75.0,8.0,691.24,Private,PT-1758
APT-001379,2025-02-13,16:51,16,"K. Duarte, PT",Physio assessment,kept,60.7,10.8,143.45,Private,PT-2264
APT-001386,2025-02-13,16:58,16,Dr. Benitez,Hygiene recall,kept,35.7,13.5,117.37,Private,PT-3190
APT-001367,2025-02-13,17:14,17,"K. Duarte, PT",Filling,kept,63.8,8.0,175.45,Insurance,PT-2259
APT-001387,2025-02-13,17:48,17,"M. Ellis, PT",Exam & imaging,no_show,21.6,24.8,0.0,Public scheme,PT-1501
APT-001396,2025-02-14,08:32,8,Dr. Benitez,Physio session,rescheduled,22.6,7.0,0.0,Insurance,PT-1838
APT-001405,2025-02-14,09:00,9,"M. Ellis, PT",Filling,kept,45.2,13.3,228.98,Private,PT-2121
APT-001425,2025-02-14,09:03,9,"M. Ellis, PT",Hygiene recall,kept,42.7,2.9,125.24,Insurance,PT-1795
APT-001439,2025-02-14,09:20,9,Dr. Faber,Hygiene recall,kept,39.2,12.5,104.76,Insurance,PT-2890
APT-001412,2025-02-14,09:28,9,Dr. Almeida,Crown fit,kept,58.0,4.8,773.94,Insurance,PT-1436
APT-001437,2025-02-14,10:19,10,"K. Duarte, PT",Exam & imaging,kept,24.3,5.9,89.66,Insurance,PT-1185
APT-001429,2025-02-14,10:25,10,Dr. Chandra,Filling,kept,44.9,8.0,207.76,Private,PT-2973
APT-001417,2025-02-14,10:47,10,"M. Ellis, PT",Hygiene recall,kept,53.6,6.7,73.03,Public scheme,PT-3137
APT-001397,2025-02-14,10:50,10,"M. Ellis, PT",Filling,kept,47.4,6.1,205.61,Private,PT-1036
APT-001422,2025-02-14,10:56,10,Dr. Faber,Crown fit,kept,73.4,4.2,892.81,Insurance,PT-1706
APT-001427,2025-02-14,11:31,11,Dr. Almeida,Exam & imaging,kept,23.5,9.9,63.54,Public scheme,PT-1412
APT-001395,2025-02-14,11:44,11,"K. Duarte, PT",Crown fit,kept,64.2,4.2,816.45,Insurance,PT-1924
APT-001398,2025-02-14,11:45,11,"K. Duarte, PT",Physio session,kept,40.3,5.6,84.46,Corporate plan,PT-1736
APT-001418,2025-02-14,11:49,11,Dr. Benitez,Physio assessment,kept,47.1,11.3,113.21,Corporate plan,PT-2857
APT-001441,2025-02-14,11:53,11,Dr. Chandra,Filling,kept,37.5,3.4,220.66,Private,PT-2716
APT-001404,2025-02-14,12:02,12,"K. Duarte, PT",Physio assessment,no_show,61.7,11.4,0.0,Public scheme,PT-1925
APT-001428,2025-02-14,12:03,12,Dr. Benitez,Physio session,kept,43.7,9.3,87.99,Insurance,PT-1268
APT-001438,2025-02-14,13:27,13,Dr. Almeida,Hygiene recall,kept,27.5,8.2,120.95,Insurance,PT-2111
APT-001399,2025-02-14,13:50,13,Dr. Almeida,Filling,kept,38.4,9.6,247.89,Private,PT-2678
APT-001402,2025-02-14,13:52,13,Dr. Benitez,Filling,kept,44.2,12.7,162.74,Insurance,PT-1736
APT-001431,2025-02-14,14:02,14,Dr. Benitez,Crown fit,kept,74.5,10.2,804.6,Insurance,PT-1080
APT-001416,2025-02-14,14:04,14,Dr. Benitez,Exam & imaging,kept,17.2,13.2,88.96,Insurance,PT-2650
APT-001440,2025-02-14,14:04,14,Dr. Almeida,Root canal,no_show,86.6,11.3,0.0,Private,PT-1150
APT-001408,2025-02-14,14:13,14,"M. Ellis, PT",Filling,rescheduled,47.0,17.1,0.0,Private,PT-2776
APT-001420,2025-02-14,14:14,14,"K. Duarte, PT",Crown fit,kept,74.2,13.3,838.38,Insurance,PT-2367
APT-001414,2025-02-14,14:15,14,"K. Duarte, PT",Physio assessment,kept,64.9,12.5,130.28,Insurance,PT-2553
APT-001426,2025-02-14,14:21,14,"M. Ellis, PT",Physio assessment,kept,57.0,11.8,180.52,Private,PT-1912
APT-001424,2025-02-14,14:36,14,Dr. Benitez,Physio session,cancelled,35.3,11.4,13.15,Private,PT-2292
APT-001415,2025-02-14,14:41,14,"M. Ellis, PT",Filling,kept,32.0,16.5,211.89,Private,PT-1625
APT-001430,2025-02-14,14:51,14,Dr. Almeida,Hygiene recall,kept,43.5,18.1,131.76,Private,PT-3185
APT-001423,2025-02-14,14:54,14,Dr. Benitez,Filling,kept,40.8,12.6,167.38,Corporate plan,PT-2747
APT-001410,2025-02-14,15:02,15,Dr. Almeida,Exam & imaging,kept,14.9,8.7,73.88,Insurance,PT-2450
APT-001406,2025-02-14,15:29,15,Dr. Faber,Exam & imaging,kept,15.2,14.1,100.97,Private,PT-2675
APT-001436,2025-02-14,15:31,15,Dr. Benitez,Filling,no_show,44.2,19.8,0.0,Private,PT-2989
APT-001401,2025-02-14,15:42,15,Dr. Almeida,Exam & imaging,rescheduled,33.6,14.3,0.0,Insurance,PT-2555
APT-001403,2025-02-14,15:47,15,Dr. Faber,Filling,kept,55.3,15.7,210.41,Private,PT-1299
APT-001407,2025-02-14,15:49,15,Dr. Benitez,Filling,kept,43.1,13.9,187.79,Insurance,PT-1391
APT-001400,2025-02-14,16:03,16,"M. Ellis, PT",Hygiene recall,kept,50.6,12.6,150.04,Private,PT-1037
APT-001432,2025-02-14,16:06,16,"M. Ellis, PT",Filling,kept,41.0,18.6,124.9,Public scheme,PT-1295
APT-001419,2025-02-14,16:07,16,Dr. Benitez,Physio session,no_show,47.2,12.7,0.0,Public scheme,PT-2800
APT-001411,2025-02-14,16:26,16,Dr. Almeida,Filling,kept,42.4,19.3,209.23,Private,PT-1415
APT-001409,2025-02-14,16:28,16,Dr. Benitez,Hygiene recall,kept,47.0,11.2,129.4,Private,PT-2566
APT-001433,2025-02-14,16:46,16,"M. Ellis, PT",Hygiene recall,kept,46.8,10.2,105.67,Insurance,PT-2744
APT-001413,2025-02-14,17:23,17,"K. Duarte, PT",Exam & imaging,kept,24.6,11.8,85.83,Private,PT-1380
APT-001421,2025-02-14,17:31,17,Dr. Benitez,Hygiene recall,kept,51.2,16.9,139.92,Private,PT-1887
APT-001434,2025-02-14,17:46,17,Dr. Almeida,Hygiene recall,kept,35.3,9.0,117.98,Insurance,PT-1905
APT-001435,2025-02-14,17:57,17,Dr. Benitez,Exam & imaging,kept,34.9,11.7,75.81,Insurance,PT-3111
APT-001452,2025-02-15,08:07,8,"M. Ellis, PT",Hygiene recall,kept,51.4,5.2,125.73,Private,PT-1777
APT-001461,2025-02-15,08:53,8,"K. Duarte, PT",Exam & imaging,kept,19.3,10.5,95.3,Insurance,PT-2554
APT-001445,2025-02-15,09:02,9,"K. Duarte, PT",Hygiene recall,kept,43.6,6.4,118.31,Insurance,PT-1824
APT-001451,2025-02-15,09:11,9,"M. Ellis, PT",Exam & imaging,kept,19.7,6.7,75.28,Insurance,PT-3120
APT-001453,2025-02-15,10:25,10,"M. Ellis, PT",Exam & imaging,kept,24.8,4.3,79.86,Insurance,PT-2251
APT-001464,2025-02-15,10:26,10,"M. Ellis, PT",Hygiene recall,no_show,63.8,4.9,0.0,Insurance,PT-1053
APT-001462,2025-02-15,10:32,10,"K. Duarte, PT",Exam & imaging,kept,28.9,4.4,75.45,Corporate plan,PT-1254
APT-001450,2025-02-15,10:49,10,"K. Duarte, PT",Hygiene recall,kept,37.2,13.7,120.35,Insurance,PT-1844
APT-001443,2025-02-15,11:56,11,"K. Duarte, PT",Physio assessment,kept,52.5,13.4,151.82,Private,PT-1844
APT-001447,2025-02-15,11:58,11,"K. Duarte, PT",Physio session,kept,57.7,6.4,97.45,Insurance,PT-1005
APT-001457,2025-02-15,11:58,11,"K. Duarte, PT",Filling,kept,37.9,8.1,218.92,Insurance,PT-2312
APT-001446,2025-02-15,12:20,12,"K. Duarte, PT",Hygiene recall,kept,46.4,9.2,133.75,Private,PT-2043
APT-001458,2025-02-15,12:37,12,"K. Duarte, PT",Hygiene recall,kept,61.2,7.6,107.45,Corporate plan,PT-1614
APT-001442,2025-02-15,13:25,13,"K. Duarte, PT",Exam & imaging,kept,19.1,12.7,85.14,Insurance,PT-3165
APT-001459,2025-02-15,14:28,14,"M. Ellis, PT",Physio assessment,kept,52.7,14.5,130.82,Insurance,PT-2936
APT-001463,2025-02-15,14:53,14,"M. Ellis, PT",Hygiene recall,kept,42.0,17.6,135.69,Private,PT-1217
APT-001449,2025-02-15,15:12,15,"K. Duarte, PT",Physio assessment,kept,64.3,8.8,95.07,Public scheme,PT-2173
APT-001460,2025-02-15,15:57,15,"K. Duarte, PT",Physio session,no_show,45.3,10.2,0.0,Public scheme,PT-1287
APT-001456,2025-02-15,15:58,15,"K. Duarte, PT",Physio assessment,rescheduled,54.1,11.0,0.0,Private,PT-2831
APT-001455,2025-02-15,16:38,16,"M. Ellis, PT",Exam & imaging,kept,24.6,10.4,75.38,Insurance,PT-1227
APT-001444,2025-02-15,16:51,16,"K. Duarte, PT",Exam & imaging,no_show,34.6,11.2,0.0,Public scheme,PT-1791
APT-001454,2025-02-15,16:53,16,"M. Ellis, PT",Hygiene recall,kept,41.3,15.2,115.34,Insurance,PT-1273
APT-001448,2025-02-15,17:08,17,"K. Duarte, PT",Hygiene recall,rescheduled,40.9,12.6,0.0,Private,PT-1047
APT-001468,2025-02-17,08:51,8,Dr. Benitez,Crown fit,kept,65.2,6.9,683.15,Corporate plan,PT-1164
APT-001489,2025-02-17,09:05,9,Dr. Almeida,Exam & imaging,kept,33.3,11.4,81.89,Corporate plan,PT-1981
APT-001501,2025-02-17,09:21,9,Dr. Benitez,Filling,kept,42.0,4.8,138.63,Public scheme,PT-1794
APT-001503,2025-02-17,09:46,9,Dr. Chandra,Hygiene recall,kept,45.2,12.4,128.85,Private,PT-1955
APT-001494,2025-02-17,09:58,9,"K. Duarte, PT",Root canal,kept,85.7,11.6,585.95,Private,PT-1146
APT-001487,2025-02-17,10:03,10,Dr. Almeida,Physio session,kept,55.8,11.9,107.63,Private,PT-1683
APT-001491,2025-02-17,10:03,10,Dr. Almeida,Hygiene recall,kept,48.9,5.0,115.49,Corporate plan,PT-1741
APT-001493,2025-02-17,10:04,10,"K. Duarte, PT",Filling,kept,43.3,4.2,218.68,Private,PT-1834
APT-001480,2025-02-17,10:28,10,"K. Duarte, PT",Exam & imaging,kept,25.9,4.7,85.91,Private,PT-1758
APT-001490,2025-02-17,10:30,10,Dr. Benitez,Physio assessment,kept,64.0,3.5,133.83,Insurance,PT-1016
APT-001507,2025-02-17,10:30,10,Dr. Benitez,Hygiene recall,no_show,31.5,9.2,0.0,Insurance,PT-2987
APT-001511,2025-02-17,10:42,10,"K. Duarte, PT",Hygiene recall,cancelled,38.8,2.9,13.07,Insurance,PT-3122
APT-001470,2025-02-17,10:58,10,Dr. Benitez,Physio session,kept,45.7,7.3,114.82,Private,PT-1803
APT-001485,2025-02-17,11:00,11,"K. Duarte, PT",Physio assessment,kept,52.7,9.4,138.35,Insurance,PT-1015
APT-001484,2025-02-17,11:20,11,"K. Duarte, PT",Physio assessment,kept,56.4,4.9,125.2,Insurance,PT-2372
APT-001499,2025-02-17,11:27,11,Dr. Almeida,Physio session,kept,41.6,9.1,96.38,Private,PT-2872
APT-001478,2025-02-17,11:29,11,"K. Duarte, PT",Crown fit,kept,67.7,10.2,989.05,Private,PT-2742
APT-001481,2025-02-17,11:37,11,"K. Duarte, PT",Hygiene recall,kept,45.9,12.5,77.34,Public scheme,PT-2159
APT-001498,2025-02-17,11:43,11,"K. Duarte, PT",Hygiene recall,kept,51.1,16.5,133.42,Insurance,PT-1089
APT-001486,2025-02-17,11:44,11,"K. Duarte, PT",Physio assessment,kept,58.0,5.4,158.45,Private,PT-1078
APT-001483,2025-02-17,12:03,12,"K. Duarte, PT",Exam & imaging,kept,32.2,6.1,77.54,Corporate plan,PT-1766
APT-001479,2025-02-17,12:04,12,Dr. Benitez,Exam & imaging,no_show,26.4,4.6,0.0,Insurance,PT-2516
APT-001496,2025-02-17,12:04,12,Dr. Chandra,Root canal,kept,81.2,11.0,586.77,Private,PT-1469
APT-001510,2025-02-17,12:20,12,Dr. Benitez,Physio session,kept,38.9,5.1,113.22,Private,PT-2967
APT-001467,2025-02-17,12:25,12,Dr. Chandra,Hygiene recall,kept,46.0,7.7,124.31,Private,PT-2298
APT-001482,2025-02-17,12:33,12,"K. Duarte, PT",Exam & imaging,kept,28.7,6.3,72.15,Insurance,PT-3102
APT-001465,2025-02-17,12:39,12,"K. Duarte, PT",Crown fit,kept,61.1,9.3,779.87,Corporate plan,PT-2412
APT-001509,2025-02-17,13:49,13,"K. Duarte, PT",Physio session,kept,32.4,10.5,76.43,Corporate plan,PT-2330
APT-001477,2025-02-17,14:19,14,"K. Duarte, PT",Exam & imaging,cancelled,28.4,19.1,11.49,Private,PT-1882
APT-001505,2025-02-17,14:22,14,Dr. Chandra,Filling,kept,50.4,16.2,198.37,Insurance,PT-1953
APT-001472,2025-02-17,14:25,14,Dr. Chandra,Physio assessment,no_show,49.7,13.4,0.0,Insurance,PT-2075
APT-001488,2025-02-17,14:25,14,Dr. Almeida,Exam & imaging,kept,20.3,15.1,73.04,Insurance,PT-2170
APT-001500,2025-02-17,14:39,14,Dr. Almeida,Physio session,kept,54.4,7.8,69.86,Public scheme,PT-1039
APT-001506,2025-02-17,15:02,15,"K. Duarte, PT",Crown fit,no_show,60.9,12.1,0.0,Insurance,PT-1932
APT-001492,2025-02-17,15:10,15,Dr. Chandra,Crown fit,kept,82.5,13.2,786.23,Private,PT-2212
APT-001474,2025-02-17,15:43,15,"K. Duarte, PT",Filling,kept,47.6,17.9,191.57,Insurance,PT-1807
APT-001497,2025-02-17,15:46,15,Dr. Almeida,Hygiene recall,kept,40.3,14.4,102.59,Insurance,PT-1738
APT-001473,2025-02-17,15:52,15,"K. Duarte, PT",Physio assessment,kept,54.6,13.9,122.29,Insurance,PT-1042
APT-001471,2025-02-17,16:02,16,Dr. Benitez,Physio session,kept,36.3,13.6,105.74,Private,PT-2893
APT-001508,2025-02-17,16:16,16,Dr. Benitez,Hygiene recall,kept,41.2,8.9,83.47,Public scheme,PT-2289
APT-001476,2025-02-17,16:41,16,Dr. Almeida,Exam & imaging,kept,26.8,9.3,61.18,Corporate plan,PT-1347
APT-001469,2025-02-17,16:43,16,"K. Duarte, PT",Hygiene recall,kept,51.7,13.2,116.0,Insurance,PT-2565
APT-001475,2025-02-17,16:47,16,"K. Duarte, PT",Physio assessment,kept,47.2,12.0,160.46,Private,PT-2233
APT-001495,2025-02-17,16:52,16,Dr. Almeida,Crown fit,kept,66.0,11.1,579.62,Public scheme,PT-2432
APT-001504,2025-02-17,16:58,16,Dr. Almeida,Exam & imaging,kept,28.4,12.4,94.53,Insurance,PT-1532
APT-001466,2025-02-17,17:10,17,Dr. Chandra,Hygiene recall,kept,45.3,15.0,111.52,Corporate plan,PT-2586
APT-001502,2025-02-17,17:20,17,Dr. Almeida,Root canal,kept,73.5,18.9,554.35,Private,PT-2087
APT-001546,2025-02-18,08:26,8,Dr. Almeida,Physio assessment,kept,52.9,9.2,126.19,Insurance,PT-3087
APT-001554,2025-02-18,08:43,8,Dr. Benitez,Filling,cancelled,43.3,8.6,19.93,Corporate plan,PT-2726
APT-001543,2025-02-18,09:36,9,"K. Duarte, PT",Hygiene recall,kept,53.4,3.8,111.97,Insurance,PT-3159
APT-001538,2025-02-18,09:37,9,"K. Duarte, PT",Filling,cancelled,33.0,5.6,22.69,Insurance,PT-3124
APT-001536,2025-02-18,09:49,9,"M. Ellis, PT",Physio session,kept,32.4,6.0,70.73,Public scheme,PT-1286
APT-001535,2025-02-18,10:04,10,"K. Duarte, PT",Physio assessment,kept,44.0,9.6,160.13,Private,PT-1336
APT-001528,2025-02-18,10:07,10,Dr. Almeida,Hygiene recall,kept,46.9,3.6,122.23,Insurance,PT-1962
APT-001513,2025-02-18,10:53,10,"M. Ellis, PT",Hygiene recall,kept,38.3,11.0,144.86,Private,PT-2063
APT-001521,2025-02-18,11:04,11,Dr. Benitez,Hygiene recall,rescheduled,47.5,12.5,0.0,Corporate plan,PT-3112
APT-001517,2025-02-18,11:19,11,"M. Ellis, PT",Filling,kept,42.0,5.4,128.5,Public scheme,PT-2131
APT-001548,2025-02-18,11:19,11,"K. Duarte, PT",Exam & imaging,kept,22.9,4.3,87.67,Insurance,PT-1682
APT-001516,2025-02-18,11:25,11,Dr. Almeida,Exam & imaging,kept,21.1,3.7,76.59,Insurance,PT-2306
APT-001552,2025-02-18,11:27,11,"K. Duarte, PT",Hygiene recall,kept,49.1,3.1,124.09,Insurance,PT-3144
APT-001549,2025-02-18,11:36,11,Dr. Benitez,Hygiene recall,kept,43.8,5.5,132.26,Private,PT-2396
APT-001524,2025-02-18,11:42,11,"K. Duarte, PT",Hygiene recall,kept,41.3,6.1,124.19,Private,PT-3002
APT-001515,2025-02-18,12:01,12,"M. Ellis, PT",Follow-up consult,kept,22.7,6.1,58.77,Insurance,PT-1423
APT-001530,2025-02-18,12:15,12,Dr. Chandra,Crown fit,kept,64.7,6.9,778.14,Insurance,PT-2107
APT-001520,2025-02-18,12:25,12,Dr. Benitez,Physio session,kept,49.6,13.6,87.24,Insurance,PT-2119
APT-001541,2025-02-18,12:54,12,Dr. Almeida,Hygiene recall,kept,46.2,4.9,125.85,Insurance,PT-2735
APT-001556,2025-02-18,13:07,13,Dr. Benitez,Exam & imaging,rescheduled,21.5,10.7,0.0,Corporate plan,PT-1793
APT-001518,2025-02-18,14:05,14,"K. Duarte, PT",Crown fit,kept,55.0,9.2,496.25,Public scheme,PT-1614
APT-001529,2025-02-18,14:08,14,Dr. Almeida,Physio session,kept,39.3,12.9,86.86,Corporate plan,PT-1885
APT-001544,2025-02-18,14:17,14,"K. Duarte, PT",Root canal,kept,76.2,18.4,431.97,Public scheme,PT-1653
APT-001532,2025-02-18,14:19,14,Dr. Chandra,Physio session,cancelled,48.0,20.1,10.85,Insurance,PT-1643
APT-001514,2025-02-18,14:23,14,Dr. Almeida,Hygiene recall,cancelled,46.0,13.4,14.0,Insurance,PT-2280
APT-001555,2025-02-18,14:24,14,Dr. Benitez,Hygiene recall,kept,46.2,13.1,104.94,Corporate plan,PT-3140
APT-001523,2025-02-18,14:38,14,Dr. Almeida,Hygiene recall,kept,48.8,10.8,93.44,Corporate plan,PT-2684
APT-001526,2025-02-18,14:38,14,Dr. Almeida,Filling,kept,58.8,10.6,223.85,Private,PT-2931
APT-001542,2025-02-18,14:49,14,"K. Duarte, PT",Physio assessment,no_show,53.0,12.2,0.0,Public scheme,PT-1020
APT-001522,2025-02-18,14:50,14,Dr. Almeida,Hygiene recall,kept,42.0,12.5,142.38,Private,PT-1982
APT-001525,2025-02-18,14:50,14,Dr. Benitez,Hygiene recall,kept,43.0,8.6,73.05,Public scheme,PT-2706
APT-001540,2025-02-18,15:18,15,"M. Ellis, PT",Physio session,kept,40.4,10.1,92.59,Insurance,PT-1911
APT-001551,2025-02-18,15:25,15,Dr. Almeida,Hygiene recall,no_show,49.8,19.0,0.0,Corporate plan,PT-2865
APT-001534,2025-02-18,15:40,15,Dr. Almeida,Hygiene recall,rescheduled,57.6,10.3,0.0,Public scheme,PT-2247
APT-001537,2025-02-18,15:42,15,"M. Ellis, PT",Hygiene recall,kept,42.9,14.8,123.93,Insurance,PT-2785
APT-001527,2025-02-18,15:54,15,Dr. Almeida,Filling,kept,48.7,8.5,181.83,Corporate plan,PT-2096
APT-001533,2025-02-18,15:59,15,"K. Duarte, PT",Filling,rescheduled,53.9,14.2,0.0,Insurance,PT-2033
APT-001512,2025-02-18,16:07,16,Dr. Almeida,Exam & imaging,kept,35.7,16.1,94.13,Private,PT-2631
APT-001531,2025-02-18,16:30,16,"M. Ellis, PT",Filling,no_show,46.4,18.3,0.0,Corporate plan,PT-1619
APT-001545,2025-02-18,16:53,16,Dr. Benitez,Crown fit,kept,71.3,10.4,937.48,Private,PT-1895
APT-001547,2025-02-18,17:03,17,Dr. Almeida,Hygiene recall,no_show,41.4,9.5,0.0,Insurance,PT-2164
APT-001553,2025-02-18,17:06,17,Dr. Chandra,Physio session,kept,32.2,16.0,109.06,Private,PT-2982
APT-001539,2025-02-18,17:17,17,Dr. Chandra,Hygiene recall,kept,47.9,11.0,127.45,Insurance,PT-2542
APT-001519,2025-02-18,17:28,17,"K. Duarte, PT",Exam & imaging,kept,15.1,10.5,70.45,Corporate plan,PT-1003
APT-001550,2025-02-18,17:40,17,"M. Ellis, PT",Hygiene recall,kept,46.9,15.6,106.43,Corporate plan,PT-1850
APT-001578,2025-02-19,08:41,8,Dr. Almeida,Physio session,kept,30.3,5.1,90.34,Insurance,PT-2354
APT-001586,2025-02-19,08:47,8,Dr. Faber,Physio session,kept,51.4,4.3,113.41,Private,PT-1351
APT-001581,2025-02-19,09:04,9,"K. Duarte, PT",Physio assessment,kept,52.3,6.2,119.76,Insurance,PT-3037
APT-001588,2025-02-19,09:10,9,Dr. Almeida,Hygiene recall,kept,44.0,6.8,87.81,Public scheme,PT-2394
APT-001560,2025-02-19,09:21,9,Dr. Faber,Hygiene recall,cancelled,37.6,10.3,15.93,Insurance,PT-1089
APT-001576,2025-02-19,09:26,9,"M. Ellis, PT",Crown fit,kept,67.2,3.3,535.81,Public scheme,PT-1228
APT-001563,2025-02-19,09:50,9,Dr. Faber,Exam & imaging,kept,21.5,16.0,99.28,Private,PT-2071
APT-001579,2025-02-19,10:20,10,Dr. Benitez,Exam & imaging,kept,31.9,4.5,95.59,Private,PT-1110
APT-001569,2025-02-19,10:25,10,"M. Ellis, PT",Hygiene recall,kept,40.9,4.4,73.15,Public scheme,PT-2214
APT-001575,2025-02-19,11:03,11,Dr. Almeida,Hygiene recall,kept,39.2,5.3,138.66,Private,PT-2903
APT-001592,2025-02-19,11:05,11,"M. Ellis, PT",Filling,kept,44.3,7.7,196.63,Private,PT-2699
APT-001596,2025-02-19,11:24,11,"K. Duarte, PT",Root canal,no_show,70.3,4.2,0.0,Corporate plan,PT-2127
APT-001582,2025-02-19,11:57,11,Dr. Faber,Hygiene recall,kept,46.1,7.1,125.96,Insurance,PT-2980
APT-001589,2025-02-19,11:59,11,"K. Duarte, PT",Exam & imaging,kept,32.8,10.3,98.64,Private,PT-2626
APT-001590,2025-02-19,11:59,11,"K. Duarte, PT",Exam & imaging,kept,29.5,7.3,72.36,Corporate plan,PT-2773
APT-001580,2025-02-19,12:17,12,Dr. Benitez,Hygiene recall,kept,38.9,8.9,116.94,Insurance,PT-2159
APT-001587,2025-02-19,12:21,12,Dr. Faber,Hygiene recall,kept,58.8,17.5,105.03,Corporate plan,PT-1077
APT-001591,2025-02-19,12:28,12,"K. Duarte, PT",Exam & imaging,kept,28.1,8.8,89.89,Insurance,PT-1293
APT-001562,2025-02-19,12:52,12,Dr. Faber,Hygiene recall,kept,40.1,5.6,107.29,Insurance,PT-1482
APT-001594,2025-02-19,12:55,12,Dr. Benitez,Physio assessment,kept,46.6,5.4,119.77,Corporate plan,PT-2248
APT-001559,2025-02-19,13:04,13,Dr. Benitez,Hygiene recall,kept,42.4,25.6,134.59,Private,PT-2852
APT-001557,2025-02-19,13:28,13,Dr. Almeida,Hygiene recall,kept,49.6,14.0,104.05,Corporate plan,PT-1641
APT-001584,2025-02-19,14:00,14,"K. Duarte, PT",Physio session,kept,38.0,9.3,97.77,Private,PT-2988
APT-001572,2025-02-19,14:11,14,"M. Ellis, PT",Exam & imaging,kept,23.7,9.7,76.41,Private,PT-2236
APT-001561,2025-02-19,14:22,14,"K. Duarte, PT",Exam & imaging,kept,29.7,14.9,76.24,Corporate plan,PT-2330
APT-001567,2025-02-19,14:36,14,"K. Duarte, PT",Physio assessment,kept,56.4,9.7,167.95,Private,PT-2143
APT-001568,2025-02-19,14:41,14,"K. Duarte, PT",Root canal,cancelled,73.1,9.8,57.81,Corporate plan,PT-3128
APT-001585,2025-02-19,14:56,14,Dr. Almeida,Physio session,kept,35.7,13.1,108.82,Private,PT-3015
APT-001571,2025-02-19,15:04,15,Dr. Benitez,Exam & imaging,kept,30.0,15.9,66.92,Public scheme,PT-2919
APT-001593,2025-02-19,15:20,15,Dr. Almeida,Physio assessment,kept,53.9,15.0,180.49,Private,PT-1606
APT-001573,2025-02-19,15:27,15,Dr. Benitez,Root canal,cancelled,82.6,8.6,75.68,Private,PT-3153
APT-001574,2025-02-19,16:06,16,"M. Ellis, PT",Hygiene recall,kept,31.2,8.5,135.96,Private,PT-1071
APT-001564,2025-02-19,16:21,16,"M. Ellis, PT",Hygiene recall,kept,47.5,7.8,128.64,Private,PT-1843
APT-001583,2025-02-19,16:42,16,Dr. Faber,Follow-up consult,kept,30.5,9.3,64.59,Private,PT-2617
APT-001595,2025-02-19,16:55,16,Dr. Benitez,Physio session,kept,37.9,26.1,102.42,Private,PT-3194
APT-001565,2025-02-19,16:58,16,Dr. Benitez,Physio assessment,kept,59.5,11.8,155.18,Private,PT-2349
APT-001558,2025-02-19,17:08,17,Dr. Benitez,Hygiene recall,no_show,36.5,8.7,0.0,Private,PT-1630
APT-001570,2025-02-19,17:15,17,"M. Ellis, PT",Exam & imaging,kept,17.9,10.1,79.15,Corporate plan,PT-1175
APT-001577,2025-02-19,17:34,17,"K. Duarte, PT",Hygiene recall,kept,50.9,16.3,135.05,Private,PT-1149
APT-001566,2025-02-19,17:49,17,Dr. Benitez,Hygiene recall,kept,45.3,11.7,94.06,Corporate plan,PT-3058
APT-001615,2025-02-20,09:07,9,Dr. Benitez,Physio session,kept,31.6,9.4,97.69,Insurance,PT-1718
APT-001614,2025-02-20,09:52,9,Dr. Chandra,Root canal,no_show,90.4,10.3,0.0,Insurance,PT-1586
APT-001597,2025-02-20,10:07,10,"K. Duarte, PT",Physio session,cancelled,37.7,6.1,13.04,Private,PT-2029
APT-001598,2025-02-20,10:08,10,Dr. Chandra,Hygiene recall,kept,42.5,7.2,112.33,Insurance,PT-2799
APT-001619,2025-02-20,10:16,10,"K. Duarte, PT",Hygiene recall,kept,39.0,2.9,90.44,Corporate plan,PT-1743
APT-001603,2025-02-20,10:44,10,Dr. Chandra,Hygiene recall,kept,60.1,11.9,113.97,Insurance,PT-1350
APT-001599,2025-02-20,10:55,10,"K. Duarte, PT",Physio session,kept,41.7,4.5,90.95,Private,PT-1687
APT-001605,2025-02-20,11:15,11,Dr. Benitez,Physio session,kept,36.6,4.3,106.26,Private,PT-1072
APT-001621,2025-02-20,11:18,11,"M. Ellis, PT",Physio session,kept,42.0,6.2,112.62,Private,PT-1433
APT-001611,2025-02-20,11:39,11,Dr. Almeida,Filling,kept,48.2,14.9,197.62,Private,PT-2208
APT-001601,2025-02-20,11:56,11,Dr. Benitez,Hygiene recall,kept,48.7,7.5,128.99,Private,PT-2813
APT-001606,2025-02-20,12:50,12,Dr. Chandra,Hygiene recall,kept,34.6,9.9,112.13,Insurance,PT-2184
APT-001610,2025-02-20,13:11,13,Dr. Chandra,Filling,kept,48.4,10.2,165.98,Insurance,PT-2061
APT-001600,2025-02-20,13:21,13,"M. Ellis, PT",Hygiene recall,kept,41.9,12.4,84.73,Public scheme,PT-2845
APT-001617,2025-02-20,15:10,15,"M. Ellis, PT",Hygiene recall,kept,44.1,15.4,99.29,Insurance,PT-3043
APT-001612,2025-02-20,15:33,15,Dr. Benitez,Filling,kept,40.2,8.6,205.48,Insurance,PT-3172
APT-001613,2025-02-20,15:42,15,Dr. Almeida,Filling,kept,39.3,9.8,167.54,Insurance,PT-2559
APT-001608,2025-02-20,15:52,15,Dr. Benitez,Physio session,no_show,30.0,27.6,0.0,Private,PT-3044
APT-001618,2025-02-20,16:30,16,"M. Ellis, PT",Hygiene recall,rescheduled,47.2,14.2,0.0,Insurance,PT-2321
APT-001604,2025-02-20,17:03,17,"M. Ellis, PT",Physio session,kept,31.7,10.2,105.03,Private,PT-1508
APT-001609,2025-02-20,17:04,17,"M. Ellis, PT",Filling,kept,40.2,9.6,170.51,Corporate plan,PT-1378
APT-001620,2025-02-20,17:14,17,"M. Ellis, PT",Hygiene recall,kept,47.9,8.5,139.51,Private,PT-1428
APT-001602,2025-02-20,17:21,17,Dr. Chandra,Physio assessment,kept,52.4,21.1,128.56,Insurance,PT-2616
APT-001607,2025-02-20,17:21,17,"K. Duarte, PT",Filling,kept,41.8,10.8,239.5,Private,PT-2981
APT-001616,2025-02-20,17:22,17,Dr. Benitez,Hygiene recall,kept,55.7,11.8,145.77,Private,PT-2548
APT-001646,2025-02-21,08:15,8,"K. Duarte, PT",Physio session,cancelled,33.3,11.7,10.2,Insurance,PT-2394
APT-001651,2025-02-21,09:05,9,Dr. Almeida,Hygiene recall,cancelled,42.7,4.7,16.35,Private,PT-2534
APT-001648,2025-02-21,09:16,9,Dr. Chandra,Hygiene recall,kept,54.5,11.1,89.98,Public scheme,PT-2405
APT-001626,2025-02-21,09:35,9,Dr. Chandra,Physio assessment,kept,57.2,8.8,164.52,Private,PT-2945
APT-001631,2025-02-21,09:38,9,"K. Duarte, PT",Physio session,kept,46.4,5.0,91.79,Insurance,PT-2833
APT-001642,2025-02-21,09:41,9,Dr. Almeida,Physio assessment,kept,56.6,3.5,149.7,Insurance,PT-2014
APT-001623,2025-02-21,09:42,9,"M. Ellis, PT",Hygiene recall,kept,38.2,9.7,103.18,Insurance,PT-1747
APT-001628,2025-02-21,09:51,9,Dr. Almeida,Exam & imaging,no_show,19.7,3.4,0.0,Insurance,PT-2686
APT-001657,2025-02-21,09:55,9,Dr. Almeida,Hygiene recall,kept,42.6,7.9,122.57,Private,PT-1110
APT-001633,2025-02-21,10:36,10,Dr. Faber,Physio session,kept,40.3,17.5,77.02,Corporate plan,PT-1758
APT-001654,2025-02-21,10:45,10,"K. Duarte, PT",Physio session,kept,46.8,10.3,95.34,Insurance,PT-1143
APT-001634,2025-02-21,10:51,10,"M. Ellis, PT",Hygiene recall,rescheduled,32.6,5.6,0.0,Insurance,PT-3003
APT-001636,2025-02-21,11:02,11,Dr. Faber,Physio assessment,rescheduled,57.5,4.2,0.0,Insurance,PT-1477
APT-001640,2025-02-21,11:30,11,"K. Duarte, PT",Physio assessment,kept,68.3,4.7,163.15,Private,PT-1394
APT-001649,2025-02-21,11:52,11,Dr. Benitez,Exam & imaging,kept,34.0,8.2,86.04,Insurance,PT-1176
APT-001644,2025-02-21,11:53,11,"M. Ellis, PT",Hygiene recall,no_show,42.8,15.6,0.0,Insurance,PT-1747
APT-001622,2025-02-21,11:56,11,Dr. Almeida,Root canal,kept,79.3,13.8,577.64,Insurance,PT-3060
APT-001656,2025-02-21,12:58,12,Dr. Faber,Physio session,kept,40.4,4.9,98.06,Insurance,PT-1380
APT-001655,2025-02-21,13:11,13,Dr. Almeida,Root canal,kept,81.5,9.3,555.86,Insurance,PT-1423
APT-001653,2025-02-21,13:36,13,Dr. Chandra,Root canal,kept,76.1,13.0,478.87,Insurance,PT-1937
APT-001632,2025-02-21,13:40,13,Dr. Almeida,Root canal,kept,77.7,22.8,633.72,Private,PT-2644
APT-001627,2025-02-21,13:56,13,Dr. Faber,Physio session,kept,50.9,11.3,84.97,Insurance,PT-1322
APT-001635,2025-02-21,14:03,14,Dr. Benitez,Exam & imaging,kept,30.3,15.9,93.14,Private,PT-2466
APT-001650,2025-02-21,14:11,14,Dr. Benitez,Root canal,kept,81.8,15.1,534.25,Private,PT-2985
APT-001647,2025-02-21,14:16,14,Dr. Almeida,Exam & imaging,kept,37.2,8.6,77.03,Insurance,PT-2820
APT-001630,2025-02-21,14:39,14,Dr. Faber,Hygiene recall,kept,52.9,9.4,131.44,Private,PT-2439
APT-001624,2025-02-21,14:49,14,Dr. Benitez,Hygiene recall,cancelled,52.7,15.4,16.85,Private,PT-2570
APT-001629,2025-02-21,15:22,15,"M. Ellis, PT",Root canal,kept,81.0,8.5,330.8,Public scheme,PT-2046
APT-001652,2025-02-21,15:35,15,"K. Duarte, PT",Hygiene recall,kept,54.2,9.5,146.78,Private,PT-2847
APT-001643,2025-02-21,15:37,15,Dr. Chandra,Filling,kept,50.6,11.3,187.83,Insurance,PT-1671
APT-001658,2025-02-21,15:46,15,Dr. Almeida,Exam & imaging,kept,26.4,11.0,87.51,Insurance,PT-1098
APT-001625,2025-02-21,15:54,15,"M. Ellis, PT",Filling,kept,46.8,8.8,173.05,Corporate plan,PT-1692
APT-001638,2025-02-21,16:11,16,Dr. Almeida,Physio session,kept,38.2,8.9,108.81,Private,PT-2604
APT-001639,2025-02-21,16:16,16,Dr. Almeida,Crown fit,cancelled,67.7,11.2,111.75,Private,PT-2494
APT-001641,2025-02-21,16:25,16,Dr. Chandra,Hygiene recall,kept,43.0,10.4,105.65,Insurance,PT-1899
APT-001645,2025-02-21,16:30,16,Dr. Almeida,Hygiene recall,kept,33.3,16.6,112.87,Insurance,PT-1057
APT-001637,2025-02-21,16:43,16,Dr. Almeida,Hygiene recall,kept,34.3,9.4,124.47,Private,PT-1757
APT-001659,2025-02-22,09:12,9,"M. Ellis, PT",Filling,kept,35.3,3.7,154.55,Public scheme,PT-1265
APT-001664,2025-02-22,09:14,9,"M. Ellis, PT",Physio assessment,kept,47.3,7.4,111.58,Corporate plan,PT-2077
APT-001677,2025-02-22,09:17,9,"K. Duarte, PT",Exam & imaging,kept,16.3,15.9,73.4,Corporate plan,PT-3081
APT-001676,2025-02-22,09:18,9,"K. Duarte, PT",Hygiene recall,kept,51.1,4.5,108.24,Insurance,PT-1678
APT-001675,2025-02-22,10:05,10,"M. Ellis, PT",Hygiene recall,kept,45.8,5.8,142.26,Private,PT-2266
APT-001684,2025-02-22,10:05,10,"K. Duarte, PT",Hygiene recall,cancelled,44.5,6.7,15.03,Insurance,PT-1064
APT-001683,2025-02-22,10:22,10,"M. Ellis, PT",Exam & imaging,kept,32.8,16.5,94.34,Private,PT-2887
APT-001681,2025-02-22,10:50,10,"K. Duarte, PT",Hygiene recall,no_show,41.5,20.1,0.0,Insurance,PT-2258
APT-001686,2025-02-22,10:51,10,"M. Ellis, PT",Hygiene recall,kept,49.8,2.9,129.9,Private,PT-1613
APT-001674,2025-02-22,10:52,10,"K. Duarte, PT",Filling,cancelled,42.4,5.3,19.67,Corporate plan,PT-1171
APT-001665,2025-02-22,10:55,10,"M. Ellis, PT",Hygiene recall,kept,45.9,3.4,114.39,Insurance,PT-2406
APT-001663,2025-02-22,11:40,11,"M. Ellis, PT",Hygiene recall,no_show,36.7,9.7,0.0,Corporate plan,PT-2698
APT-001685,2025-02-22,11:41,11,"M. Ellis, PT",Hygiene recall,kept,46.5,12.4,107.52,Corporate plan,PT-2282
APT-001679,2025-02-22,11:47,11,"M. Ellis, PT",Hygiene recall,kept,42.6,11.9,132.94,Private,PT-2311
APT-001661,2025-02-22,11:57,11,"M. Ellis, PT",Physio assessment,kept,42.5,7.2,162.38,Private,PT-1359
APT-001667,2025-02-22,12:11,12,"M. Ellis, PT",Physio assessment,kept,57.3,3.3,130.49,Insurance,PT-1705
APT-001671,2025-02-22,12:37,12,"M. Ellis, PT",Physio session,kept,39.6,6.1,102.96,Private,PT-1325
APT-001673,2025-02-22,12:42,12,"K. Duarte, PT",Hygiene recall,kept,48.4,12.8,125.43,Insurance,PT-2938
APT-001687,2025-02-22,12:48,12,"K. Duarte, PT",Crown fit,kept,70.5,9.0,637.89,Corporate plan,PT-1190
APT-001662,2025-02-22,13:04,13,"K. Duarte, PT",Physio session,kept,35.0,11.4,86.72,Corporate plan,PT-2262
APT-001669,2025-02-22,13:27,13,"M. Ellis, PT",Filling,kept,46.8,9.7,225.54,Private,PT-2544
APT-001678,2025-02-22,15:06,15,"M. Ellis, PT",Exam & imaging,kept,27.7,17.2,91.89,Insurance,PT-2760
APT-001660,2025-02-22,15:48,15,"K. Duarte, PT",Physio session,kept,40.0,14.2,82.32,Corporate plan,PT-2371
APT-001670,2025-02-22,16:07,16,"M. Ellis, PT",Exam & imaging,cancelled,34.3,12.7,9.49,Insurance,PT-3030
APT-001680,2025-02-22,16:15,16,"K. Duarte, PT",Exam & imaging,kept,26.7,13.9,84.13,Insurance,PT-1797
APT-001682,2025-02-22,16:56,16,"M. Ellis, PT",Hygiene recall,kept,51.0,14.2,110.64,Insurance,PT-2567
APT-001666,2025-02-22,17:03,17,"M. Ellis, PT",Physio session,cancelled,25.4,10.4,13.33,Private,PT-1012
APT-001672,2025-02-22,17:30,17,"M. Ellis, PT",Filling,kept,59.3,12.4,132.17,Public scheme,PT-1789
APT-001668,2025-02-22,17:46,17,"K. Duarte, PT",Exam & imaging,kept,25.0,14.9,87.44,Insurance,PT-2260
APT-001690,2025-02-24,08:45,8,Dr. Chandra,Physio assessment,kept,50.4,7.1,88.94,Public scheme,PT-2704
APT-001733,2025-02-24,09:20,9,Dr. Almeida,Hygiene recall,kept,52.9,13.3,144.84,Private,PT-2912
APT-001720,2025-02-24,09:23,9,"K. Duarte, PT",Hygiene recall,no_show,54.8,9.0,0.0,Insurance,PT-2894
APT-001726,2025-02-24,09:23,9,"K. Duarte, PT",Physio session,kept,48.1,4.4,84.34,Insurance,PT-3144
APT-001734,2025-02-24,09:27,9,Dr. Benitez,Filling,kept,45.8,7.4,177.29,Insurance,PT-1961
APT-001706,2025-02-24,09:29,9,Dr. Chandra,Exam & imaging,kept,29.3,6.6,77.04,Corporate plan,PT-1662
APT-001705,2025-02-24,09:31,9,"K. Duarte, PT",Hygiene recall,kept,35.6,6.7,112.08,Insurance,PT-1154
APT-001724,2025-02-24,09:43,9,Dr. Chandra,Exam & imaging,kept,26.3,4.5,77.99,Corporate plan,PT-1670
APT-001692,2025-02-24,09:46,9,Dr. Chandra,Physio session,kept,40.6,11.6,57.71,Public scheme,PT-2129
APT-001727,2025-02-24,09:46,9,"K. Duarte, PT",Filling,cancelled,49.6,6.4,27.41,Private,PT-1489
APT-001725,2025-02-24,10:09,10,"K. Duarte, PT",Hygiene recall,kept,43.6,8.3,119.98,Insurance,PT-2225
APT-001698,2025-02-24,10:19,10,Dr. Almeida,Hygiene recall,kept,35.1,9.5,91.14,Public scheme,PT-2686
APT-001723,2025-02-24,10:46,10,Dr. Benitez,Physio session,kept,36.2,6.4,78.9,Insurance,PT-2591
APT-001715,2025-02-24,10:53,10,Dr. Almeida,Hygiene recall,kept,44.7,6.6,134.94,Private,PT-2400
APT-001712,2025-02-24,11:21,11,Dr. Almeida,Physio session,kept,38.2,3.6,89.0,Corporate plan,PT-2115
APT-001703,2025-02-24,11:31,11,"K. Duarte, PT",Hygiene recall,kept,42.0,4.7,113.47,Insurance,PT-2183
APT-001695,2025-02-24,11:32,11,Dr. Almeida,Hygiene recall,kept,47.5,7.1,81.38,Public scheme,PT-2695
APT-001688,2025-02-24,11:43,11,Dr. Chandra,Physio assessment,kept,53.1,13.1,128.22,Corporate plan,PT-2139
APT-001689,2025-02-24,11:48,11,Dr. Benitez,Physio assessment,kept,61.5,8.8,129.15,Private,PT-3171
APT-001699,2025-02-24,11:49,11,Dr. Benitez,Physio session,kept,45.9,7.1,108.31,Private,PT-2858
APT-001713,2025-02-24,11:55,11,"K. Duarte, PT",Crown fit,kept,62.4,7.3,880.07,Private,PT-1076
APT-001702,2025-02-24,11:57,11,"K. Duarte, PT",Exam & imaging,kept,35.0,5.4,103.94,Private,PT-3078
APT-001722,2025-02-24,12:07,12,Dr. Almeida,Hygiene recall,kept,40.6,12.7,110.42,Insurance,PT-1923
APT-001694,2025-02-24,12:54,12,Dr. Benitez,Hygiene recall,kept,38.0,5.1,80.74,Public scheme,PT-2147
APT-001707,2025-02-24,14:01,14,Dr. Benitez,Hygiene recall,kept,33.1,10.3,83.52,Public scheme,PT-1158
APT-001737,2025-02-24,14:03,14,"K. Duarte, PT",Physio session,kept,39.1,13.2,111.26,Private,PT-2676
APT-001719,2025-02-24,14:08,14,Dr. Chandra,Root canal,kept,73.8,13.8,699.84,Private,PT-2865
APT-001736,2025-02-24,14:09,14,"K. Duarte, PT",Exam & imaging,kept,20.4,11.6,70.08,Insurance,PT-1616
APT-001708,2025-02-24,14:22,14,Dr. Benitez,Filling,kept,45.1,10.5,121.27,Public scheme,PT-1464
APT-001696,2025-02-24,14:28,14,Dr. Almeida,Follow-up consult,kept,23.2,8.9,50.27,Insurance,PT-3013
APT-001709,2025-02-24,14:30,14,Dr. Almeida,Exam & imaging,kept,21.4,13.4,87.23,Insurance,PT-1437
APT-001732,2025-02-24,14:36,14,Dr. Benitez,Hygiene recall,kept,54.3,11.6,128.92,Private,PT-2189
APT-001691,2025-02-24,14:42,14,"K. Duarte, PT",Filling,kept,42.7,16.3,204.6,Private,PT-2648
APT-001731,2025-02-24,14:52,14,"K. Duarte, PT",Exam & imaging,kept,30.8,9.2,64.83,Public scheme,PT-2884
APT-001717,2025-02-24,15:03,15,Dr. Chandra,Filling,kept,40.2,19.5,260.66,Private,PT-1345
APT-001710,2025-02-24,15:07,15,Dr. Almeida,Physio assessment,kept,51.5,10.6,127.39,Insurance,PT-2486
APT-001721,2025-02-24,15:22,15,Dr. Benitez,Exam & imaging,kept,11.0,8.9,84.77,Insurance,PT-2367
APT-001735,2025-02-24,15:24,15,Dr. Chandra,Hygiene recall,kept,47.5,29.1,113.46,Insurance,PT-1706
APT-001738,2025-02-24,15:55,15,Dr. Chandra,Physio session,kept,52.5,8.5,85.36,Insurance,PT-2141
APT-001693,2025-02-24,16:00,16,"K. Duarte, PT",Physio session,no_show,34.3,23.2,0.0,Insurance,PT-2085
APT-001714,2025-02-24,16:11,16,Dr. Benitez,Physio assessment,kept,57.8,29.2,150.23,Private,PT-2317
APT-001711,2025-02-24,16:33,16,"K. Duarte, PT",Physio session,kept,38.1,14.3,82.11,Insurance,PT-1285
APT-001728,2025-02-24,16:43,16,Dr. Chandra,Physio assessment,kept,50.6,9.5,140.55,Insurance,PT-3144
APT-001718,2025-02-24,16:44,16,"K. Duarte, PT",Filling,kept,29.9,9.9,149.53,Insurance,PT-2684
APT-001716,2025-02-24,16:49,16,"K. Duarte, PT",Follow-up consult,kept,18.5,9.2,62.71,Insurance,PT-1284
APT-001697,2025-02-24,16:50,16,Dr. Almeida,Root canal,kept,84.3,17.6,724.6,Private,PT-1644
APT-001704,2025-02-24,16:51,16,"K. Duarte, PT",Hygiene recall,rescheduled,53.2,9.2,0.0,Private,PT-2594
APT-001701,2025-02-24,16:56,16,Dr. Chandra,Filling,kept,50.8,9.9,195.92,Insurance,PT-2121
APT-001700,2025-02-24,17:19,17,Dr. Benitez,Hygiene recall,kept,34.9,20.1,152.26,Private,PT-1691
APT-001730,2025-02-24,17:33,17,Dr. Chandra,Crown fit,kept,69.5,14.9,542.66,Public scheme,PT-1274
APT-001729,2025-02-24,17:35,17,Dr. Benitez,Physio assessment,kept,45.4,9.5,143.35,Private,PT-2597
APT-001759,2025-02-25,08:20,8,Dr. Benitez,Physio session,kept,48.5,8.6,88.33,Insurance,PT-2557
APT-001753,2025-02-25,09:06,9,"M. Ellis, PT",Physio session,kept,37.2,25.9,88.84,Corporate plan,PT-2565
APT-001761,2025-02-25,09:10,9,Dr. Almeida,Physio session,kept,62.2,6.6,105.33,Private,PT-1811
APT-001772,2025-02-25,09:38,9,Dr. Chandra,Filling,kept,46.3,13.0,210.28,Insurance,PT-2381
APT-001781,2025-02-25,09:46,9,Dr. Benitez,Filling,kept,45.0,5.0,188.82,Private,PT-2532
APT-001776,2025-02-25,09:56,9,"K. Duarte, PT",Root canal,kept,78.3,5.6,687.8,Private,PT-1535
APT-001755,2025-02-25,10:33,10,Dr. Benitez,Crown fit,kept,85.2,6.7,842.44,Private,PT-1534
APT-001743,2025-02-25,10:49,10,"K. Duarte, PT",Hygiene recall,kept,40.3,7.4,118.3,Insurance,PT-1862
APT-001770,2025-02-25,10:49,10,Dr. Benitez,Hygiene recall,kept,51.1,5.0,84.6,Public scheme,PT-2285
APT-001742,2025-02-25,11:01,11,"M. Ellis, PT",Hygiene recall,kept,44.7,4.8,113.37,Corporate plan,PT-2424
APT-001756,2025-02-25,11:16,11,Dr. Benitez,Physio session,kept,33.0,11.1,70.59,Corporate plan,PT-1625
APT-001744,2025-02-25,11:18,11,Dr. Benitez,Hygiene recall,kept,37.1,5.6,81.43,Public scheme,PT-3154
APT-001774,2025-02-25,11:24,11,"K. Duarte, PT",Hygiene recall,kept,44.0,15.6,78.61,Public scheme,PT-1307
APT-001768,2025-02-25,11:29,11,"K. Duarte, PT",Hygiene recall,kept,40.2,4.9,107.6,Insurance,PT-1846
APT-001771,2025-02-25,11:42,11,"M. Ellis, PT",Hygiene recall,kept,37.4,3.1,125.08,Private,PT-2083
APT-001750,2025-02-25,11:55,11,Dr. Chandra,Physio session,kept,32.1,5.9,78.17,Corporate plan,PT-3073
APT-001765,2025-02-25,12:12,12,Dr. Chandra,Hygiene recall,kept,47.9,12.3,126.74,Private,PT-1595
APT-001749,2025-02-25,12:37,12,Dr. Almeida,Exam & imaging,no_show,28.5,10.3,0.0,Insurance,PT-2327
APT-001769,2025-02-25,12:40,12,"K. Duarte, PT",Exam & imaging,kept,35.3,3.6,80.36,Insurance,PT-1578
APT-001752,2025-02-25,12:51,12,"M. Ellis, PT",Hygiene recall,kept,51.8,9.1,97.38,Corporate plan,PT-2041
APT-001766,2025-02-25,13:02,13,"K. Duarte, PT",Physio session,kept,42.4,10.0,87.73,Corporate plan,PT-1536
APT-001745,2025-02-25,13:05,13,Dr. Almeida,Filling,kept,52.9,12.0,174.45,Insurance,PT-2093
APT-001740,2025-02-25,13:44,13,Dr. Benitez,Hygiene recall,kept,35.8,9.8,99.73,Corporate plan,PT-3158
APT-001764,2025-02-25,13:48,13,Dr. Almeida,Root canal,kept,71.8,13.0,631.76,Private,PT-1626
APT-001760,2025-02-25,14:02,14,Dr. Almeida,Filling,kept,44.5,16.1,170.47,Insurance,PT-2533
APT-001779,2025-02-25,14:02,14,Dr. Chandra,Physio session,kept,38.9,15.6,80.56,Insurance,PT-2017
APT-001777,2025-02-25,14:10,14,Dr. Benitez,Hygiene recall,kept,32.9,7.9,118.1,Corporate plan,PT-1695
APT-001763,2025-02-25,14:24,14,"K. Duarte, PT",Follow-up consult,cancelled,22.0,10.5,7.89,Insurance,PT-2314
APT-001778,2025-02-25,14:25,14,Dr. Chandra,Exam & imaging,kept,32.7,25.5,82.29,Corporate plan,PT-2837
APT-001739,2025-02-25,14:35,14,"K. Duarte, PT",Root canal,kept,79.8,10.3,608.39,Private,PT-2093
APT-001757,2025-02-25,14:41,14,Dr. Almeida,Hygiene recall,kept,45.0,17.9,116.69,Corporate plan,PT-1090
APT-001762,2025-02-25,14:42,14,"K. Duarte, PT",Physio assessment,cancelled,61.4,10.2,18.93,Private,PT-2705
APT-001780,2025-02-25,15:18,15,"K. Duarte, PT",Hygiene recall,kept,32.3,11.5,104.77,Corporate plan,PT-1907
APT-001754,2025-02-25,15:25,15,Dr. Almeida,Filling,kept,54.4,8.2,204.41,Private,PT-2827
APT-001748,2025-02-25,15:34,15,"K. Duarte, PT",Exam & imaging,kept,31.3,15.5,103.04,Private,PT-1049
APT-001747,2025-02-25,15:51,15,"M. Ellis, PT",Filling,kept,44.0,17.2,209.72,Private,PT-1170
APT-001773,2025-02-25,16:07,16,Dr. Almeida,Physio session,cancelled,43.5,29.3,11.9,Insurance,PT-2425
APT-001758,2025-02-25,16:12,16,"K. Duarte, PT",Exam & imaging,kept,18.5,14.6,85.27,Insurance,PT-2250
APT-001741,2025-02-25,16:23,16,Dr. Benitez,Physio assessment,kept,53.3,14.5,144.54,Private,PT-1763
APT-001751,2025-02-25,16:54,16,Dr. Almeida,Physio session,kept,32.4,17.3,93.47,Insurance,PT-2281
APT-001767,2025-02-25,17:14,17,"K. Duarte, PT",Hygiene recall,kept,35.7,15.2,113.34,Corporate plan,PT-1766
APT-001775,2025-02-25,17:46,17,Dr. Benitez,Exam & imaging,cancelled,36.4,10.4,11.41,Insurance,PT-1517
APT-001746,2025-02-25,17:50,17,Dr. Benitez,Exam & imaging,kept,21.5,17.3,90.39,Insurance,PT-2465
APT-001804,2025-02-26,08:13,8,Dr. Benitez,Filling,kept,49.5,9.1,177.9,Insurance,PT-1587
APT-001813,2025-02-26,08:21,8,Dr. Almeida,Hygiene recall,kept,51.5,4.1,141.74,Private,PT-2170
APT-001786,2025-02-26,08:35,8,Dr. Faber,Exam & imaging,kept,29.2,7.6,63.43,Public scheme,PT-2777
APT-001822,2025-02-26,08:49,8,"K. Duarte, PT",Hygiene recall,no_show,54.7,4.0,0.0,Private,PT-1513
APT-001793,2025-02-26,09:15,9,"K. Duarte, PT",Crown fit,kept,62.4,5.9,608.11,Public scheme,PT-1509
APT-001816,2025-02-26,09:16,9,Dr. Almeida,Hygiene recall,kept,49.9,10.2,114.47,Corporate plan,PT-1554
APT-001799,2025-02-26,09:23,9,"K. Duarte, PT",Physio session,kept,51.9,5.8,101.92,Private,PT-1008
APT-001784,2025-02-26,09:28,9,"K. Duarte, PT",Physio assessment,kept,62.6,8.2,110.75,Corporate plan,PT-2186
APT-001788,2025-02-26,09:28,9,Dr. Almeida,Crown fit,kept,67.4,4.0,736.69,Private,PT-2332
APT-001790,2025-02-26,09:40,9,Dr. Almeida,Physio assessment,kept,59.7,4.1,157.85,Private,PT-2918
APT-001798,2025-02-26,09:56,9,Dr. Faber,Hygiene recall,kept,50.5,7.0,116.71,Insurance,PT-2713
APT-001815,2025-02-26,10:12,10,"M. Ellis, PT",Hygiene recall,kept,32.3,11.7,120.87,Insurance,PT-2617
APT-001792,2025-02-26,10:22,10,Dr. Almeida,Hygiene recall,cancelled,59.0,3.3,13.49,Insurance,PT-1031
APT-001818,2025-02-26,10:22,10,Dr. Faber,Hygiene recall,kept,39.7,2.6,127.92,Insurance,PT-1686
APT-001817,2025-02-26,10:28,10,"M. Ellis, PT",Exam & imaging,cancelled,30.7,5.5,12.54,Private,PT-1827
APT-001802,2025-02-26,10:35,10,"M. Ellis, PT",Exam & imaging,kept,29.5,5.5,81.25,Corporate plan,PT-2287
APT-001812,2025-02-26,10:38,10,Dr. Almeida,Hygiene recall,kept,48.2,13.1,84.32,Public scheme,PT-3079
APT-001830,2025-02-26,10:50,10,"M. Ellis, PT",Exam & imaging,kept,23.4,11.5,74.52,Corporate plan,PT-2645
APT-001809,2025-02-26,11:13,11,Dr. Benitez,Crown fit,kept,73.8,7.4,638.07,Insurance,PT-2538
APT-001820,2025-02-26,11:26,11,Dr. Almeida,Hygiene recall,kept,53.9,12.9,129.57,Private,PT-1954
APT-001807,2025-02-26,11:41,11,Dr. Almeida,Follow-up consult,kept,25.5,7.4,61.89,Private,PT-2841
APT-001808,2025-02-26,11:41,11,Dr. Faber,Physio assessment,kept,52.9,3.2,171.25,Private,PT-1175
APT-001828,2025-02-26,12:08,12,"K. Duarte, PT",Physio session,kept,39.0,6.8,91.09,Corporate plan,PT-1465
APT-001782,2025-02-26,12:21,12,Dr. Benitez,Physio assessment,kept,65.3,4.1,163.8,Private,PT-2606
APT-001810,2025-02-26,12:49,12,Dr. Almeida,Hygiene recall,kept,49.7,8.1,116.82,Insurance,PT-1346
APT-001827,2025-02-26,12:57,12,Dr. Almeida,Hygiene recall,kept,41.6,18.1,110.29,Insurance,PT-2189
APT-001814,2025-02-26,13:05,13,Dr. Almeida,Physio assessment,kept,62.3,8.6,94.01,Public scheme,PT-2622
APT-001831,2025-02-26,13:08,13,"M. Ellis, PT",Hygiene recall,kept,48.4,9.9,117.69,Insurance,PT-2514
APT-001811,2025-02-26,13:19,13,Dr. Benitez,Hygiene recall,kept,45.5,18.2,112.74,Insurance,PT-3015
APT-001823,2025-02-26,14:09,14,Dr. Faber,Hygiene recall,kept,59.0,16.7,106.76,Insurance,PT-1129
APT-001806,2025-02-26,14:10,14,Dr. Benitez,Physio assessment,kept,58.1,12.7,156.97,Private,PT-2660
APT-001795,2025-02-26,14:13,14,Dr. Faber,Physio session,kept,36.9,9.5,102.07,Insurance,PT-2580
APT-001821,2025-02-26,14:31,14,"M. Ellis, PT",Exam & imaging,kept,37.4,14.9,59.45,Corporate plan,PT-1560
APT-001791,2025-02-26,15:10,15,Dr. Benitez,Hygiene recall,kept,54.8,10.7,123.8,Insurance,PT-2310
APT-001800,2025-02-26,15:20,15,Dr. Benitez,Hygiene recall,kept,42.6,11.2,107.74,Insurance,PT-1481
APT-001826,2025-02-26,15:38,15,"K. Duarte, PT",Physio assessment,kept,50.9,11.1,172.54,Private,PT-3133
APT-001789,2025-02-26,15:40,15,"K. Duarte, PT",Filling,kept,42.8,16.7,171.82,Insurance,PT-2627
APT-001797,2025-02-26,15:43,15,Dr. Faber,Root canal,no_show,73.4,11.0,0.0,Corporate plan,PT-2992
APT-001825,2025-02-26,15:43,15,"K. Duarte, PT",Physio assessment,no_show,54.6,13.5,0.0,Insurance,PT-1910
APT-001832,2025-02-26,15:49,15,Dr. Almeida,Physio assessment,rescheduled,52.4,13.1,0.0,Insurance,PT-2580
APT-001805,2025-02-26,15:55,15,Dr. Almeida,Filling,kept,43.3,21.4,150.09,Insurance,PT-1170
APT-001787,2025-02-26,16:02,16,"K. Duarte, PT",Exam & imaging,kept,25.6,16.5,84.57,Insurance,PT-1362
APT-001794,2025-02-26,16:03,16,Dr. Almeida,Hygiene recall,kept,47.4,11.0,95.84,Private,PT-2431
APT-001796,2025-02-26,16:05,16,Dr. Almeida,Exam & imaging,kept,27.4,13.1,109.27,Private,PT-2323
APT-001783,2025-02-26,16:20,16,Dr. Almeida,Exam & imaging,kept,27.9,8.3,72.09,Insurance,PT-1175
APT-001785,2025-02-26,16:28,16,Dr. Benitez,Hygiene recall,kept,39.1,12.6,80.91,Public scheme,PT-2464
APT-001829,2025-02-26,16:28,16,"M. Ellis, PT",Physio assessment,kept,52.1,10.4,131.83,Insurance,PT-1111
APT-001803,2025-02-26,16:47,16,Dr. Almeida,Exam & imaging,kept,27.3,11.6,95.41,Private,PT-1055
APT-001819,2025-02-26,16:47,16,Dr. Faber,Exam & imaging,cancelled,35.9,19.3,9.14,Insurance,PT-3162
APT-001801,2025-02-26,16:59,16,Dr. Benitez,Exam & imaging,kept,31.0,14.6,96.27,Insurance,PT-1351
APT-001824,2025-02-26,17:40,17,Dr. Benitez,Physio session,rescheduled,36.7,16.3,0.0,Private,PT-1308
APT-001859,2025-02-27,08:25,8,Dr. Almeida,Exam & imaging,kept,19.1,5.1,83.96,Insurance,PT-1815
APT-001876,2025-02-27,08:59,8,Dr. Almeida,Physio session,kept,38.3,3.3,87.13,Insurance,PT-2013
APT-001851,2025-02-27,09:04,9,"M. Ellis, PT",Hygiene recall,cancelled,50.1,6.9,14.59,Private,PT-1183
APT-001837,2025-02-27,09:10,9,Dr. Faber,Filling,kept,44.2,6.8,170.49,Insurance,PT-2180
APT-001854,2025-02-27,09:34,9,Dr. Almeida,Physio session,kept,52.6,10.5,92.91,Insurance,PT-1978
APT-001849,2025-02-27,09:55,9,Dr. Faber,Hygiene recall,kept,41.8,10.1,126.15,Insurance,PT-1796
APT-001869,2025-02-27,10:05,10,Dr. Chandra,Exam & imaging,kept,19.2,9.7,84.71,Private,PT-2458
APT-001870,2025-02-27,10:29,10,Dr. Almeida,Hygiene recall,kept,42.3,13.2,129.26,Private,PT-1317
APT-001865,2025-02-27,10:46,10,"M. Ellis, PT",Root canal,no_show,87.3,15.3,0.0,Insurance,PT-2217
APT-001845,2025-02-27,11:00,11,Dr. Chandra,Physio session,kept,32.5,2.9,84.25,Insurance,PT-2475
APT-001861,2025-02-27,11:04,11,"K. Duarte, PT",Filling,no_show,52.8,8.0,0.0,Insurance,PT-1289
APT-001836,2025-02-27,11:06,11,"K. Duarte, PT",Hygiene recall,kept,26.5,3.6,141.05,Private,PT-1751
APT-001844,2025-02-27,11:08,11,Dr. Benitez,Follow-up consult,kept,9.9,9.2,55.68,Corporate plan,PT-3038
APT-001855,2025-02-27,11:30,11,Dr. Benitez,Physio session,kept,37.3,12.3,75.84,Corporate plan,PT-1617
APT-001858,2025-02-27,12:02,12,Dr. Chandra,Filling,kept,42.8,9.3,181.16,Insurance,PT-2298
APT-001873,2025-02-27,12:29,12,Dr. Almeida,Exam & imaging,kept,26.9,9.7,83.84,Insurance,PT-2066
APT-001856,2025-02-27,12:30,12,Dr. Almeida,Filling,kept,40.9,5.3,216.39,Private,PT-1498
APT-001840,2025-02-27,12:33,12,Dr. Chandra,Physio session,kept,33.7,10.4,88.28,Insurance,PT-2883
APT-001842,2025-02-27,12:56,12,Dr. Benitez,Hygiene recall,kept,39.8,6.2,114.02,Corporate plan,PT-1809
APT-001867,2025-02-27,13:12,13,Dr. Chandra,Physio assessment,kept,42.3,11.9,101.59,Public scheme,PT-3006
APT-001835,2025-02-27,14:13,14,Dr. Benitez,Physio session,kept,33.3,18.9,82.98,Corporate plan,PT-2316
APT-001838,2025-02-27,14:13,14,Dr. Benitez,Hygiene recall,kept,42.2,13.1,107.36,Insurance,PT-1924
APT-001857,2025-02-27,14:19,14,Dr. Chandra,Filling,kept,50.7,14.4,190.18,Insurance,PT-2033
APT-001871,2025-02-27,14:21,14,Dr. Benitez,Hygiene recall,kept,43.3,12.3,118.98,Insurance,PT-1703
APT-001847,2025-02-27,14:27,14,Dr. Almeida,Filling,kept,37.8,10.4,164.7,Corporate plan,PT-1032
APT-001868,2025-02-27,14:38,14,Dr. Benitez,Root canal,cancelled,64.1,11.6,72.89,Private,PT-1744
APT-001839,2025-02-27,14:44,14,Dr. Benitez,Exam & imaging,kept,25.3,9.7,84.41,Insurance,PT-2324
APT-001853,2025-02-27,14:53,14,Dr. Chandra,Hygiene recall,kept,48.0,22.6,111.32,Corporate plan,PT-1106
APT-001875,2025-02-27,15:07,15,Dr. Chandra,Filling,kept,35.2,12.0,170.78,Insurance,PT-2989
APT-001841,2025-02-27,15:24,15,Dr. Almeida,Filling,kept,47.0,10.0,217.66,Private,PT-1755
APT-001852,2025-02-27,15:25,15,"K. Duarte, PT",Hygiene recall,kept,50.1,9.5,106.47,Corporate plan,PT-2724
APT-001862,2025-02-27,15:26,15,Dr. Almeida,Physio session,kept,40.3,20.5,82.86,Insurance,PT-1439
APT-001843,2025-02-27,15:34,15,"K. Duarte, PT",Exam & imaging,kept,9.8,9.3,68.24,Corporate plan,PT-3016
APT-001850,2025-02-27,16:05,16,"M. Ellis, PT",Physio session,kept,31.4,8.6,109.98,Private,PT-1330
APT-001846,2025-02-27,16:17,16,"K. Duarte, PT",Exam & imaging,kept,21.1,16.1,103.03,Private,PT-1969
APT-001866,2025-02-27,16:19,16,"K. Duarte, PT",Physio assessment,kept,57.6,11.3,137.32,Private,PT-2152
APT-001863,2025-02-27,16:44,16,Dr. Almeida,Crown fit,rescheduled,66.8,18.5,0.0,Insurance,PT-2660
APT-001872,2025-02-27,16:46,16,Dr. Chandra,Physio session,kept,34.8,11.0,90.38,Insurance,PT-1352
APT-001834,2025-02-27,16:56,16,Dr. Benitez,Exam & imaging,no_show,36.2,11.9,0.0,Public scheme,PT-2401
APT-001848,2025-02-27,17:02,17,Dr. Almeida,Exam & imaging,cancelled,31.3,19.5,9.46,Insurance,PT-3074
APT-001833,2025-02-27,17:06,17,"K. Duarte, PT",Hygiene recall,no_show,37.4,8.5,0.0,Public scheme,PT-2881
APT-001860,2025-02-27,17:25,17,Dr. Almeida,Physio session,kept,32.3,12.0,113.08,Private,PT-1131
APT-001874,2025-02-27,17:36,17,"K. Duarte, PT",Hygiene recall,kept,51.1,12.7,129.87,Private,PT-1505
APT-001864,2025-02-27,17:56,17,Dr. Benitez,Root canal,rescheduled,90.2,16.7,0.0,Private,PT-2863
APT-001894,2025-02-28,08:05,8,Dr. Chandra,Exam & imaging,kept,17.6,8.2,91.71,Private,PT-2442
APT-001900,2025-02-28,09:03,9,Dr. Benitez,Physio session,kept,47.4,12.8,99.26,Insurance,PT-2987
APT-001905,2025-02-28,09:27,9,"M. Ellis, PT",Crown fit,kept,64.8,4.7,724.75,Insurance,PT-1234
APT-001898,2025-02-28,09:52,9,Dr. Benitez,Crown fit,kept,72.3,4.8,799.72,Insurance,PT-1926
APT-001921,2025-02-28,10:04,10,"K. Duarte, PT",Filling,kept,50.7,12.3,177.45,Insurance,PT-3147
APT-001877,2025-02-28,10:12,10,Dr. Almeida,Crown fit,kept,69.8,7.6,554.69,Public scheme,PT-2720
APT-001920,2025-02-28,10:23,10,Dr. Chandra,Crown fit,no_show,72.8,14.6,0.0,Private,PT-3011
APT-001911,2025-02-28,10:29,10,"M. Ellis, PT",Exam & imaging,cancelled,33.0,4.2,9.46,Insurance,PT-2127
APT-001889,2025-02-28,10:30,10,Dr. Faber,Exam & imaging,no_show,25.4,10.3,0.0,Insurance,PT-2676
APT-001887,2025-02-28,10:53,10,Dr. Benitez,Physio session,kept,32.3,7.1,95.54,Private,PT-1064
APT-001899,2025-02-28,10:55,10,Dr. Almeida,Exam & imaging,no_show,27.7,8.1,0.0,Insurance,PT-2891
APT-001897,2025-02-28,11:00,11,Dr. Almeida,Root canal,kept,79.7,8.0,676.48,Private,PT-2443
APT-001912,2025-02-28,11:07,11,Dr. Almeida,Follow-up consult,kept,31.2,6.4,63.03,Insurance,PT-2154
APT-001903,2025-02-28,11:09,11,Dr. Almeida,Hygiene recall,kept,47.5,8.3,92.09,Corporate plan,PT-3105
APT-001902,2025-02-28,11:15,11,"K. Duarte, PT",Exam & imaging,kept,20.4,7.3,77.61,Insurance,PT-2455
APT-001881,2025-02-28,11:41,11,"M. Ellis, PT",Hygiene recall,kept,48.2,4.6,123.87,Insurance,PT-1300
APT-001886,2025-02-28,11:50,11,"K. Duarte, PT",Hygiene recall,kept,42.6,17.5,100.46,Corporate plan,PT-3049
APT-001896,2025-02-28,12:26,12,Dr. Almeida,Root canal,kept,69.2,23.2,550.75,Private,PT-1774
APT-001906,2025-02-28,12:32,12,Dr. Faber,Exam & imaging,kept,9.6,3.3,84.99,Insurance,PT-2879
APT-001910,2025-02-28,13:20,13,"K. Duarte, PT",Physio assessment,kept,54.0,15.2,131.16,Insurance,PT-1047
APT-001890,2025-02-28,13:29,13,"M. Ellis, PT",Filling,kept,57.8,11.6,181.32,Insurance,PT-3039
APT-001915,2025-02-28,14:00,14,"K. Duarte, PT",Hygiene recall,kept,41.5,12.2,123.32,Insurance,PT-2441
APT-001879,2025-02-28,14:18,14,Dr. Chandra,Hygiene recall,kept,46.7,10.7,122.48,Insurance,PT-2287
APT-001917,2025-02-28,14:19,14,Dr. Chandra,Hygiene recall,kept,44.5,17.0,82.61,Public scheme,PT-2118
APT-001901,2025-02-28,14:43,14,"K. Duarte, PT",Filling,kept,54.8,9.3,171.38,Corporate plan,PT-1145
APT-001883,2025-02-28,14:51,14,Dr. Benitez,Hygiene recall,kept,42.2,21.5,114.08,Insurance,PT-1837
APT-001888,2025-02-28,15:00,15,Dr. Chandra,Physio session,no_show,50.1,11.5,0.0,Private,PT-1255
APT-001914,2025-02-28,15:22,15,"M. Ellis, PT",Physio session,no_show,47.3,9.5,0.0,Private,PT-2183
APT-001884,2025-02-28,15:25,15,Dr. Almeida,Exam & imaging,kept,17.4,8.0,91.44,Insurance,PT-2709
APT-001882,2025-02-28,15:26,15,Dr. Faber,Physio assessment,no_show,52.4,10.4,0.0,Insurance,PT-1175
APT-001913,2025-02-28,15:27,15,"M. Ellis, PT",Filling,kept,40.2,13.8,178.71,Insurance,PT-1077
APT-001893,2025-02-28,15:29,15,Dr. Almeida,Crown fit,kept,64.4,14.3,917.59,Private,PT-2646
APT-001907,2025-02-28,15:38,15,Dr. Benitez,Physio session,kept,40.6,9.4,83.82,Insurance,PT-1029
APT-001909,2025-02-28,15:38,15,"K. Duarte, PT",Exam & imaging,kept,24.2,18.5,83.23,Insurance,PT-2809
APT-001891,2025-02-28,16:23,16,Dr. Faber,Physio assessment,kept,48.4,22.1,115.57,Corporate plan,PT-1678
APT-001918,2025-02-28,16:26,16,Dr. Almeida,Physio session,kept,35.9,8.5,92.51,Corporate plan,PT-1257
APT-001892,2025-02-28,16:27,16,Dr. Chandra,Follow-up consult,no_show,26.7,11.6,0.0,Corporate plan,PT-2770
APT-001904,2025-02-28,16:36,16,"M. Ellis, PT",Hygiene recall,kept,47.5,8.6,104.1,Corporate plan,PT-3048
APT-001919,2025-02-28,16:36,16,"K. Duarte, PT",Exam & imaging,kept,28.4,8.2,92.88,Private,PT-3188
APT-001908,2025-02-28,16:45,16,"K. Duarte, PT",Exam & imaging,kept,23.9,12.3,88.23,Insurance,PT-1635
APT-001916,2025-02-28,16:49,16,Dr. Chandra,Hygiene recall,kept,44.4,10.8,117.13,Insurance,PT-2088
APT-001878,2025-02-28,16:59,16,Dr. Benitez,Hygiene recall,kept,38.1,11.3,116.19,Corporate plan,PT-3126
APT-001880,2025-02-28,17:17,17,"M. Ellis, PT",Hygiene recall,kept,41.4,10.4,119.72,Private,PT-3031
APT-001885,2025-02-28,17:37,17,"M. Ellis, PT",Root canal,kept,67.5,11.8,469.68,Corporate plan,PT-3000
APT-001895,2025-02-28,17:37,17,Dr. Almeida,Hygiene recall,kept,44.7,14.4,116.04,Insurance,PT-1361
APT-001947,2025-03-01,08:16,8,"M. Ellis, PT",Physio assessment,kept,64.2,5.0,119.95,Corporate plan,PT-1949
APT-001925,2025-03-01,08:59,8,"M. Ellis, PT",Physio session,kept,47.2,8.3,95.81,Insurance,PT-2443
APT-001922,2025-03-01,09:00,9,"M. Ellis, PT",Hygiene recall,rescheduled,41.2,5.8,0.0,Private,PT-3016
APT-001934,2025-03-01,09:07,9,"M. Ellis, PT",Root canal,kept,78.9,9.2,521.96,Insurance,PT-2559
APT-001945,2025-03-01,09:37,9,"K. Duarte, PT",Filling,kept,57.7,6.1,208.86,Private,PT-3170
APT-001941,2025-03-01,09:45,9,"M. Ellis, PT",Physio assessment,kept,58.0,10.1,133.0,Insurance,PT-2954
APT-001938,2025-03-01,09:55,9,"K. Duarte, PT",Exam & imaging,kept,25.6,15.5,88.99,Insurance,PT-1151
APT-001942,2025-03-01,10:03,10,"K. Duarte, PT",Physio assessment,kept,47.7,9.3,118.22,Corporate plan,PT-1425
APT-001933,2025-03-01,10:13,10,"M. Ellis, PT",Hygiene recall,kept,39.3,10.5,122.66,Private,PT-1386
APT-001928,2025-03-01,10:21,10,"K. Duarte, PT",Filling,cancelled,48.1,3.9,26.37,Private,PT-1815
APT-001940,2025-03-01,10:32,10,"M. Ellis, PT",Hygiene recall,kept,51.8,3.6,114.94,Private,PT-1078
APT-001935,2025-03-01,10:38,10,"K. Duarte, PT",Filling,no_show,50.1,8.1,0.0,Private,PT-1580
APT-001946,2025-03-01,10:39,10,"K. Duarte, PT",Exam & imaging,kept,30.2,4.9,77.31,Insurance,PT-2257
APT-001932,2025-03-01,10:43,10,"K. Duarte, PT",Filling,kept,52.6,5.9,171.28,Insurance,PT-1182
APT-001937,2025-03-01,11:25,11,"K. Duarte, PT",Physio session,kept,51.3,6.4,92.3,Insurance,PT-3139
APT-001936,2025-03-01,11:52,11,"K. Duarte, PT",Root canal,kept,75.2,4.9,593.6,Insurance,PT-2830
APT-001943,2025-03-01,12:33,12,"K. Duarte, PT",Root canal,cancelled,90.0,9.3,47.87,Public scheme,PT-1729
APT-001927,2025-03-01,12:46,12,"M. Ellis, PT",Physio assessment,kept,56.6,5.5,129.47,Insurance,PT-2385
APT-001944,2025-03-01,14:20,14,"M. Ellis, PT",Crown fit,kept,61.6,11.7,1038.15,Private,PT-2558
APT-001929,2025-03-01,14:51,14,"K. Duarte, PT",Root canal,kept,79.5,17.4,545.3,Insurance,PT-2671
APT-001931,2025-03-01,14:54,14,"K. Duarte, PT",Exam & imaging,kept,34.7,12.9,89.88,Insurance,PT-3009
APT-001926,2025-03-01,15:09,15,"K. Duarte, PT",Physio assessment,kept,59.2,20.0,152.77,Insurance,PT-2833
APT-001924,2025-03-01,15:49,15,"M. Ellis, PT",Hygiene recall,kept,44.2,10.8,119.88,Private,PT-1071
APT-001930,2025-03-01,15:57,15,"K. Duarte, PT",Hygiene recall,kept,44.1,9.7,120.99,Insurance,PT-1263
APT-001939,2025-03-01,16:21,16,"K. Duarte, PT",Filling,kept,43.0,9.8,163.21,Corporate plan,PT-2482
APT-001923,2025-03-01,17:23,17,"K. Duarte, PT",Physio session,kept,40.3,8.7,80.33,Insurance,PT-3067
APT-001970,2025-03-03,08:12,8,Dr. Benitez,Exam & imaging,no_show,22.4,7.5,0.0,Private,PT-2650
APT-001974,2025-03-03,09:09,9,Dr. Chandra,Physio session,cancelled,40.5,13.9,10.37,Insurance,PT-1921
APT-001954,2025-03-03,09:10,9,Dr. Almeida,Physio session,kept,52.2,14.8,100.43,Private,PT-2030
APT-001972,2025-03-03,09:13,9,Dr. Benitez,Crown fit,cancelled,61.5,8.2,114.85,Private,PT-2025
APT-001948,2025-03-03,09:24,9,"K. Duarte, PT",Exam & imaging,kept,31.5,7.4,88.69,Insurance,PT-1723
APT-001960,2025-03-03,09:27,9,"K. Duarte, PT",Exam & imaging,no_show,27.9,9.9,0.0,Corporate plan,PT-2289
APT-001964,2025-03-03,09:27,9,"K. Duarte, PT",Exam & imaging,cancelled,25.1,6.5,9.58,Insurance,PT-3103
APT-001973,2025-03-03,09:49,9,Dr. Benitez,Filling,cancelled,41.9,23.3,22.87,Insurance,PT-3112
APT-001967,2025-03-03,10:08,10,Dr. Almeida,Exam & imaging,kept,21.6,9.5,86.93,Private,PT-2810
APT-001968,2025-03-03,10:09,10,Dr. Benitez,Hygiene recall,kept,33.3,4.5,134.94,Private,PT-2738
APT-001963,2025-03-03,10:49,10,Dr. Chandra,Exam & imaging,no_show,27.9,9.0,0.0,Insurance,PT-1768
APT-001962,2025-03-03,10:56,10,Dr. Almeida,Physio session,kept,39.3,11.6,87.34,Insurance,PT-2189
APT-001984,2025-03-03,11:07,11,Dr. Chandra,Exam & imaging,cancelled,20.5,6.5,10.43,Insurance,PT-1287
APT-001966,2025-03-03,11:30,11,"K. Duarte, PT",Crown fit,rescheduled,68.5,3.5,0.0,Insurance,PT-2118
APT-001965,2025-03-03,11:34,11,"K. Duarte, PT",Physio session,kept,51.3,3.2,65.68,Public scheme,PT-3167
APT-001980,2025-03-03,11:37,11,Dr. Almeida,Crown fit,kept,60.6,14.3,787.98,Insurance,PT-1190
APT-001969,2025-03-03,12:02,12,"K. Duarte, PT",Exam & imaging,kept,39.6,6.7,72.5,Corporate plan,PT-1060
APT-001971,2025-03-03,12:23,12,Dr. Almeida,Physio assessment,kept,61.2,10.9,118.19,Corporate plan,PT-1041
APT-001957,2025-03-03,12:30,12,Dr. Almeida,Exam & imaging,kept,38.8,5.9,77.05,Insurance,PT-1143
APT-001959,2025-03-03,12:44,12,Dr. Almeida,Root canal,kept,78.5,9.7,681.74,Private,PT-1212
APT-001979,2025-03-03,13:13,13,"K. Duarte, PT",Physio session,no_show,36.3,19.1,0.0,Insurance,PT-1765
APT-001953,2025-03-03,14:04,14,Dr. Almeida,Physio assessment,kept,40.2,11.0,134.18,Insurance,PT-1867
APT-001955,2025-03-03,14:14,14,"K. Duarte, PT",Hygiene recall,kept,29.0,8.4,106.39,Insurance,PT-1252
APT-001989,2025-03-03,14:20,14,Dr. Almeida,Hygiene recall,kept,36.0,11.9,87.89,Public scheme,PT-1358
APT-001982,2025-03-03,14:43,14,"K. Duarte, PT",Hygiene recall,kept,40.9,12.0,109.06,Corporate plan,PT-1251
APT-001988,2025-03-03,14:45,14,Dr. Chandra,Physio assessment,kept,44.9,11.1,153.81,Private,PT-1871
APT-001951,2025-03-03,14:46,14,Dr. Benitez,Hygiene recall,kept,48.4,27.2,159.7,Private,PT-2855
APT-001981,2025-03-03,14:53,14,Dr. Benitez,Hygiene recall,kept,45.8,10.8,145.76,Private,PT-2352
APT-001956,2025-03-03,15:11,15,Dr. Chandra,Physio session,kept,35.9,10.5,113.15,Private,PT-1192
APT-001958,2025-03-03,15:20,15,Dr. Chandra,Root canal,kept,82.4,10.0,659.56,Private,PT-1782
APT-001978,2025-03-03,15:21,15,"K. Duarte, PT",Hygiene recall,kept,50.1,13.4,128.02,Insurance,PT-1262
APT-001949,2025-03-03,15:24,15,"K. Duarte, PT",Physio assessment,no_show,52.3,10.2,0.0,Corporate plan,PT-2659
APT-001961,2025-03-03,16:10,16,Dr. Benitez,Physio session,kept,56.0,11.8,101.28,Insurance,PT-1173
APT-001952,2025-03-03,16:20,16,Dr. Benitez,Hygiene recall,kept,52.5,12.6,131.04,Private,PT-2989
APT-001985,2025-03-03,16:23,16,"K. Duarte, PT",Physio session,kept,23.8,16.6,76.57,Corporate plan,PT-1500
APT-001950,2025-03-03,16:37,16,Dr. Benitez,Hygiene recall,kept,39.7,19.1,77.02,Public scheme,PT-1952
APT-001976,2025-03-03,16:54,16,"K. Duarte, PT",Physio session,kept,34.1,11.8,96.13,Insurance,PT-2012
APT-001975,2025-03-03,16:58,16,"K. Duarte, PT",Filling,kept,45.6,8.9,186.99,Insurance,PT-1575
APT-001983,2025-03-03,17:09,17,"K. Duarte, PT",Hygiene recall,kept,41.5,21.6,146.89,Private,PT-3057
APT-001990,2025-03-03,17:19,17,Dr. Almeida,Hygiene recall,kept,33.0,16.9,139.91,Private,PT-1326
APT-001987,2025-03-03,17:40,17,Dr. Benitez,Hygiene recall,kept,49.5,11.8,107.12,Insurance,PT-2170
APT-001977,2025-03-03,17:45,17,Dr. Chandra,Hygiene recall,kept,52.5,13.0,110.99,Insurance,PT-1352
APT-001986,2025-03-03,17:46,17,Dr. Chandra,Hygiene recall,kept,33.8,21.3,92.19,Public scheme,PT-1180
APT-001999,2025-03-04,08:59,8,"K. Duarte, PT",Root canal,cancelled,77.5,18.2,74.6,Private,PT-1599
APT-001992,2025-03-04,09:06,9,Dr. Benitez,Hygiene recall,kept,38.4,8.2,137.77,Private,PT-2331
APT-002024,2025-03-04,09:46,9,Dr. Almeida,Physio session,kept,48.3,11.9,87.68,Insurance,PT-1006
APT-002026,2025-03-04,09:59,9,"K. Duarte, PT",Physio session,kept,51.1,10.3,96.73,Private,PT-3097
APT-002029,2025-03-04,10:00,10,Dr. Benitez,Exam & imaging,kept,16.8,5.3,84.24,Insurance,PT-2941
APT-002015,2025-03-04,10:09,10,Dr. Almeida,Root canal,kept,79.1,6.6,618.57,Private,PT-1452
APT-002021,2025-03-04,10:26,10,"K. Duarte, PT",Physio assessment,kept,66.1,10.1,99.26,Public scheme,PT-2907
APT-002001,2025-03-04,10:28,10,"K. Duarte, PT",Physio session,kept,53.1,9.0,78.43,Corporate plan,PT-3005
APT-001996,2025-03-04,10:39,10,"M. Ellis, PT",Exam & imaging,cancelled,25.8,8.3,6.98,Public scheme,PT-2017
APT-002007,2025-03-04,10:47,10,Dr. Almeida,Root canal,kept,78.9,3.6,519.54,Corporate plan,PT-1792
APT-001993,2025-03-04,10:49,10,Dr. Almeida,Root canal,kept,88.1,5.9,553.21,Insurance,PT-1097
APT-002000,2025-03-04,10:55,10,"K. Duarte, PT",Hygiene recall,kept,41.5,5.0,118.71,Private,PT-3122
APT-002004,2025-03-04,11:05,11,Dr. Almeida,Filling,kept,46.3,6.8,182.67,Corporate plan,PT-2511
APT-002013,2025-03-04,11:09,11,Dr. Chandra,Filling,kept,48.8,4.9,153.99,Corporate plan,PT-1464
APT-002017,2025-03-04,11:22,11,Dr. Almeida,Exam & imaging,kept,30.2,7.8,103.72,Private,PT-1630
APT-002006,2025-03-04,11:37,11,"M. Ellis, PT",Hygiene recall,kept,47.9,6.7,143.43,Private,PT-2282
APT-001998,2025-03-04,11:44,11,Dr. Benitez,Filling,kept,31.9,6.9,184.35,Insurance,PT-1042
APT-002023,2025-03-04,12:01,12,"K. Duarte, PT",Physio session,kept,32.9,4.8,84.81,Insurance,PT-3028
APT-002003,2025-03-04,12:09,12,"M. Ellis, PT",Follow-up consult,kept,12.7,3.7,58.55,Insurance,PT-1701
APT-002002,2025-03-04,12:19,12,"M. Ellis, PT",Hygiene recall,kept,44.0,5.5,109.81,Insurance,PT-3011
APT-002011,2025-03-04,12:35,12,Dr. Chandra,Hygiene recall,no_show,38.2,4.5,0.0,Insurance,PT-1964
APT-002012,2025-03-04,14:29,14,"M. Ellis, PT",Physio assessment,no_show,69.9,16.7,0.0,Corporate plan,PT-2541
APT-002019,2025-03-04,14:44,14,Dr. Benitez,Physio assessment,kept,49.7,10.4,167.27,Private,PT-1261
APT-002027,2025-03-04,14:51,14,Dr. Chandra,Hygiene recall,cancelled,51.0,12.5,12.1,Corporate plan,PT-1010
APT-002009,2025-03-04,14:54,14,"K. Duarte, PT",Physio assessment,kept,75.0,11.5,174.35,Private,PT-2663
APT-001994,2025-03-04,15:08,15,"K. Duarte, PT",Physio assessment,kept,57.7,18.1,81.28,Public scheme,PT-1113
APT-002020,2025-03-04,15:13,15,Dr. Benitez,Physio session,kept,32.8,8.2,90.25,Corporate plan,PT-1477
APT-001997,2025-03-04,15:20,15,Dr. Benitez,Physio session,kept,35.2,9.9,79.51,Insurance,PT-2637
APT-002028,2025-03-04,15:22,15,"K. Duarte, PT",Hygiene recall,kept,49.1,15.5,113.48,Insurance,PT-1543
APT-001995,2025-03-04,15:31,15,"K. Duarte, PT",Follow-up consult,kept,20.1,15.2,62.42,Insurance,PT-1351
APT-002025,2025-03-04,15:31,15,Dr. Benitez,Exam & imaging,kept,40.3,8.0,69.46,Corporate plan,PT-2751
APT-002018,2025-03-04,15:51,15,"K. Duarte, PT",Crown fit,kept,52.2,13.1,735.67,Corporate plan,PT-2318
APT-002005,2025-03-04,16:07,16,Dr. Benitez,Filling,kept,47.2,12.1,184.31,Insurance,PT-2751
APT-001991,2025-03-04,16:42,16,"M. Ellis, PT",Physio session,kept,34.2,10.2,108.91,Private,PT-1864
APT-002016,2025-03-04,16:43,16,Dr. Benitez,Crown fit,kept,65.9,8.9,775.17,Insurance,PT-1449
APT-002014,2025-03-04,17:16,17,Dr. Almeida,Hygiene recall,kept,42.3,10.2,107.08,Corporate plan,PT-2039
APT-002022,2025-03-04,17:42,17,"K. Duarte, PT",Hygiene recall,no_show,40.0,15.5,0.0,Insurance,PT-1090
APT-002010,2025-03-04,17:43,17,Dr. Almeida,Physio assessment,kept,61.7,9.0,120.5,Corporate plan,PT-2854
APT-002008,2025-03-04,17:50,17,Dr. Benitez,Hygiene recall,kept,48.8,12.3,125.54,Insurance,PT-1441
APT-002088,2025-03-05,09:17,9,"K. Duarte, PT",Exam & imaging,kept,21.5,3.6,100.67,Private,PT-2484
APT-002047,2025-03-05,09:18,9,Dr. Almeida,Physio session,rescheduled,48.2,3.8,0.0,Private,PT-2375
APT-002056,2025-03-05,09:23,9,"K. Duarte, PT",Crown fit,kept,50.8,7.1,789.77,Corporate plan,PT-1427
APT-002066,2025-03-05,09:32,9,Dr. Faber,Hygiene recall,no_show,40.5,8.7,0.0,Private,PT-1914
APT-002057,2025-03-05,09:42,9,Dr. Almeida,Exam & imaging,kept,28.7,11.2,76.14,Corporate plan,PT-1279
APT-002037,2025-03-05,09:52,9,Dr. Almeida,Follow-up consult,cancelled,12.4,7.9,8.36,Private,PT-1135
APT-002069,2025-03-05,09:58,9,Dr. Faber,Hygiene recall,kept,38.3,3.0,105.11,Insurance,PT-2861
APT-002053,2025-03-05,10:10,10,"K. Duarte, PT",Hygiene recall,kept,41.8,4.1,86.83,Corporate plan,PT-3176
APT-002077,2025-03-05,10:11,10,Dr. Almeida,Hygiene recall,kept,36.5,8.7,122.38,Insurance,PT-1180
APT-002039,2025-03-05,10:21,10,Dr. Benitez,Filling,cancelled,40.7,13.5,23.72,Insurance,PT-1899
APT-002076,2025-03-05,10:21,10,Dr. Almeida,Exam & imaging,cancelled,9.6,4.9,10.62,Insurance,PT-1148
APT-002038,2025-03-05,10:24,10,Dr. Faber,Physio session,kept,29.8,9.1,64.86,Public scheme,PT-1608
APT-002075,2025-03-05,10:25,10,"M. Ellis, PT",Hygiene recall,kept,42.7,5.2,89.47,Insurance,PT-2428
APT-002045,2025-03-05,10:31,10,Dr. Almeida,Physio session,kept,52.8,4.2,75.75,Corporate plan,PT-2603
APT-002072,2025-03-05,10:33,10,"K. Duarte, PT",Physio session,kept,45.2,10.4,92.96,Insurance,PT-1918
APT-002036,2025-03-05,10:35,10,Dr. Almeida,Exam & imaging,kept,21.8,15.9,56.74,Public scheme,PT-1482
APT-002064,2025-03-05,10:53,10,"K. Duarte, PT",Hygiene recall,kept,42.9,4.5,112.57,Insurance,PT-2694
APT-002060,2025-03-05,10:59,10,"K. Duarte, PT",Filling,kept,51.2,9.7,222.85,Private,PT-2971
APT-002061,2025-03-05,10:59,10,Dr. Benitez,Exam & imaging,kept,21.1,4.3,101.59,Private,PT-3057
APT-002043,2025-03-05,11:02,11,"M. Ellis, PT",Root canal,kept,79.1,7.2,547.82,Insurance,PT-1951
APT-002032,2025-03-05,11:15,11,"K. Duarte, PT",Hygiene recall,no_show,43.8,9.4,0.0,Private,PT-1843
APT-002049,2025-03-05,11:31,11,Dr. Almeida,Root canal,kept,98.2,14.6,574.51,Insurance,PT-1495
APT-002081,2025-03-05,11:43,11,"K. Duarte, PT",Physio session,kept,48.4,6.4,71.16,Public scheme,PT-2341
APT-002084,2025-03-05,11:50,11,Dr. Almeida,Physio assessment,kept,61.7,5.0,114.68,Corporate plan,PT-1441
APT-002083,2025-03-05,11:55,11,Dr. Almeida,Exam & imaging,kept,37.9,12.3,95.91,Private,PT-2248
APT-002055,2025-03-05,12:04,12,"M. Ellis, PT",Exam & imaging,kept,37.0,5.1,59.93,Public scheme,PT-2144
APT-002034,2025-03-05,12:14,12,Dr. Benitez,Hygiene recall,cancelled,33.8,7.2,14.51,Insurance,PT-2618
APT-002074,2025-03-05,12:19,12,Dr. Faber,Exam & imaging,kept,28.9,5.8,91.83,Private,PT-2712
APT-002041,2025-03-05,12:27,12,Dr. Almeida,Exam & imaging,kept,10.6,13.5,81.04,Insurance,PT-2509
APT-002046,2025-03-05,12:44,12,"M. Ellis, PT",Exam & imaging,kept,25.3,4.7,105.08,Private,PT-2136
APT-002035,2025-03-05,12:45,12,Dr. Benitez,Filling,kept,44.9,6.1,179.67,Insurance,PT-1210
APT-002082,2025-03-05,12:46,12,Dr. Faber,Hygiene recall,kept,48.3,4.5,142.97,Private,PT-3047
APT-002052,2025-03-05,12:51,12,"M. Ellis, PT",Hygiene recall,kept,51.5,9.5,127.25,Insurance,PT-2267
APT-002040,2025-03-05,12:54,12,"K. Duarte, PT",Hygiene recall,kept,33.4,13.4,117.98,Insurance,PT-2331
APT-002058,2025-03-05,13:28,13,Dr. Almeida,Physio session,kept,32.3,8.3,86.84,Insurance,PT-1771
APT-002050,2025-03-05,14:06,14,Dr. Almeida,Exam & imaging,kept,22.4,11.3,59.85,Public scheme,PT-2323
APT-002073,2025-03-05,14:09,14,"K. Duarte, PT",Hygiene recall,cancelled,43.5,10.1,12.68,Corporate plan,PT-2649
APT-002030,2025-03-05,14:15,14,"M. Ellis, PT",Exam & imaging,kept,23.6,13.6,62.79,Public scheme,PT-3005
APT-002051,2025-03-05,14:36,14,"M. Ellis, PT",Physio assessment,kept,70.1,19.1,150.33,Insurance,PT-2442
APT-002085,2025-03-05,14:39,14,Dr. Benitez,Hygiene recall,kept,51.0,8.8,117.9,Insurance,PT-1407
APT-002059,2025-03-05,14:43,14,"K. Duarte, PT",Filling,kept,49.4,10.6,249.65,Private,PT-2101
APT-002079,2025-03-05,14:46,14,"M. Ellis, PT",Follow-up consult,kept,21.4,14.7,67.58,Insurance,PT-1162
APT-002078,2025-03-05,14:50,14,Dr. Faber,Physio assessment,rescheduled,54.1,10.2,0.0,Private,PT-1774
APT-002065,2025-03-05,15:04,15,Dr. Almeida,Hygiene recall,kept,48.6,11.3,116.72,Insurance,PT-1596
APT-002087,2025-03-05,15:24,15,"K. Duarte, PT",Exam & imaging,kept,18.5,12.4,82.35,Insurance,PT-1469
APT-002063,2025-03-05,15:30,15,Dr. Almeida,Filling,no_show,54.5,9.1,0.0,Public scheme,PT-1672
APT-002086,2025-03-05,15:45,15,Dr. Faber,Follow-up consult,kept,18.2,9.3,57.42,Insurance,PT-3160
APT-002044,2025-03-05,15:51,15,Dr. Almeida,Exam & imaging,no_show,26.0,15.3,0.0,Private,PT-2892
APT-002068,2025-03-05,16:03,16,"K. Duarte, PT",Filling,kept,50.1,12.1,257.83,Private,PT-1445
APT-002067,2025-03-05,16:04,16,"M. Ellis, PT",Hygiene recall,kept,32.9,12.2,129.38,Insurance,PT-2184
APT-002048,2025-03-05,16:11,16,Dr. Almeida,Exam & imaging,kept,9.8,11.8,68.5,Corporate plan,PT-3042
APT-002031,2025-03-05,16:16,16,"M. Ellis, PT",Hygiene recall,kept,38.6,9.3,72.05,Public scheme,PT-3073
APT-002062,2025-03-05,16:19,16,"K. Duarte, PT",Hygiene recall,kept,38.3,14.1,134.22,Insurance,PT-2490
APT-002054,2025-03-05,16:36,16,Dr. Benitez,Hygiene recall,cancelled,41.8,9.0,13.39,Insurance,PT-2114
APT-002033,2025-03-05,16:37,16,Dr. Almeida,Hygiene recall,cancelled,41.4,10.6,12.4,Insurance,PT-1164
APT-002071,2025-03-05,16:44,16,"K. Duarte, PT",Exam & imaging,kept,34.9,10.4,57.12,Public scheme,PT-2738
APT-002042,2025-03-05,16:52,16,"M. Ellis, PT",Hygiene recall,kept,45.7,11.4,123.5,Private,PT-1646
APT-002070,2025-03-05,17:54,17,"K. Duarte, PT",Hygiene recall,kept,39.1,18.0,115.78,Insurance,PT-2749
APT-002080,2025-03-05,17:54,17,"K. Duarte, PT",Exam & imaging,kept,28.0,13.6,88.37,Insurance,PT-2430
APT-002100,2025-03-06,08:05,8,"M. Ellis, PT",Filling,kept,48.6,5.1,161.03,Corporate plan,PT-1184
APT-002125,2025-03-06,09:00,9,Dr. Benitez,Hygiene recall,kept,48.5,4.4,86.66,Public scheme,PT-2061
APT-002129,2025-03-06,09:15,9,Dr. Benitez,Exam & imaging,kept,25.3,11.7,104.81,Private,PT-1297
APT-002090,2025-03-06,09:56,9,Dr. Almeida,Hygiene recall,kept,40.9,5.1,105.33,Insurance,PT-2946
APT-002119,2025-03-06,10:00,10,"K. Duarte, PT",Physio session,kept,35.0,10.0,88.01,Insurance,PT-1586
APT-002122,2025-03-06,10:13,10,Dr. Benitez,Hygiene recall,kept,48.6,10.9,136.45,Private,PT-1675
APT-002127,2025-03-06,10:14,10,Dr. Chandra,Exam & imaging,kept,29.4,4.2,88.37,Insurance,PT-2672
APT-002124,2025-03-06,10:30,10,Dr. Almeida,Physio assessment,kept,56.6,6.0,139.87,Insurance,PT-1278
APT-002095,2025-03-06,10:39,10,Dr. Almeida,Filling,kept,52.8,8.1,183.67,Insurance,PT-1145
APT-002114,2025-03-06,10:39,10,Dr. Benitez,Physio session,kept,34.4,6.2,78.69,Corporate plan,PT-3149
APT-002106,2025-03-06,10:41,10,Dr. Almeida,Hygiene recall,kept,50.6,7.0,158.11,Private,PT-1569
APT-002110,2025-03-06,10:45,10,"K. Duarte, PT",Root canal,rescheduled,80.6,15.3,0.0,Public scheme,PT-1503
APT-002104,2025-03-06,10:57,10,"K. Duarte, PT",Filling,kept,38.0,3.0,125.97,Public scheme,PT-1788
APT-002121,2025-03-06,11:03,11,Dr. Chandra,Exam & imaging,kept,15.1,3.0,90.91,Insurance,PT-2174
APT-002118,2025-03-06,11:15,11,"M. Ellis, PT",Hygiene recall,kept,48.5,10.8,129.97,Private,PT-1879
APT-002130,2025-03-06,11:15,11,Dr. Almeida,Exam & imaging,kept,15.5,4.8,94.18,Private,PT-1008
APT-002123,2025-03-06,11:23,11,Dr. Benitez,Filling,cancelled,41.0,2.9,22.03,Insurance,PT-2742
APT-002126,2025-03-06,11:23,11,"K. Duarte, PT",Hygiene recall,kept,46.8,11.2,104.47,Insurance,PT-2427
APT-002107,2025-03-06,11:37,11,"M. Ellis, PT",Hygiene recall,kept,48.2,9.5,98.55,Corporate plan,PT-2850
APT-002115,2025-03-06,11:50,11,"K. Duarte, PT",Hygiene recall,kept,43.4,8.0,126.73,Insurance,PT-1184
APT-002111,2025-03-06,12:24,12,Dr. Benitez,Root canal,cancelled,78.6,6.7,80.32,Private,PT-2429
APT-002113,2025-03-06,13:22,13,Dr. Almeida,Hygiene recall,rescheduled,35.1,15.1,0.0,Corporate plan,PT-2657
APT-002098,2025-03-06,13:47,13,Dr. Benitez,Hygiene recall,kept,40.6,10.4,141.04,Private,PT-1244
APT-002097,2025-03-06,13:56,13,"K. Duarte, PT",Hygiene recall,kept,52.4,12.3,123.1,Private,PT-3071
APT-002128,2025-03-06,14:12,14,Dr. Benitez,Physio assessment,no_show,48.9,12.1,0.0,Private,PT-1780
APT-002103,2025-03-06,14:21,14,"M. Ellis, PT",Hygiene recall,kept,43.7,21.3,110.22,Insurance,PT-2042
APT-002091,2025-03-06,14:26,14,Dr. Faber,Filling,kept,40.3,13.0,171.72,Corporate plan,PT-2718
APT-002116,2025-03-06,14:46,14,Dr. Chandra,Exam & imaging,kept,25.3,11.8,102.63,Private,PT-1674
APT-002120,2025-03-06,15:46,15,Dr. Benitez,Root canal,kept,71.9,12.5,695.46,Private,PT-2534
APT-002094,2025-03-06,15:53,15,Dr. Chandra,Exam & imaging,kept,34.3,13.1,82.84,Insurance,PT-2081
APT-002117,2025-03-06,15:53,15,"M. Ellis, PT",Physio session,kept,28.2,24.9,85.52,Corporate plan,PT-2870
APT-002102,2025-03-06,15:57,15,Dr. Benitez,Physio session,kept,25.6,15.4,87.83,Insurance,PT-1960
APT-002101,2025-03-06,15:58,15,Dr. Almeida,Hygiene recall,kept,37.1,21.4,132.14,Private,PT-1796
APT-002108,2025-03-06,16:12,16,"K. Duarte, PT",Filling,kept,45.7,12.1,193.32,Insurance,PT-1561
APT-002096,2025-03-06,16:13,16,Dr. Chandra,Hygiene recall,cancelled,39.0,23.0,12.25,Corporate plan,PT-2061
APT-002099,2025-03-06,16:13,16,Dr. Faber,Filling,kept,63.9,9.5,184.35,Private,PT-1593
APT-002109,2025-03-06,16:22,16,Dr. Chandra,Root canal,cancelled,84.3,14.1,63.84,Insurance,PT-1555
APT-002092,2025-03-06,16:27,16,"K. Duarte, PT",Physio session,cancelled,46.2,9.3,10.24,Insurance,PT-1135
APT-002105,2025-03-06,16:32,16,"M. Ellis, PT",Root canal,kept,78.5,8.6,693.86,Private,PT-2180
APT-002112,2025-03-06,16:48,16,"M. Ellis, PT",Hygiene recall,kept,47.2,22.8,128.79,Private,PT-2403
APT-002089,2025-03-06,17:07,17,Dr. Almeida,Hygiene recall,kept,35.8,14.6,80.18,Public scheme,PT-2017
APT-002093,2025-03-06,17:29,17,"K. Duarte, PT",Root canal,no_show,80.8,13.5,0.0,Insurance,PT-1623
APT-002169,2025-03-07,09:09,9,"M. Ellis, PT",Exam & imaging,rescheduled,21.4,12.0,0.0,Corporate plan,PT-2727
APT-002166,2025-03-07,09:13,9,Dr. Benitez,Physio session,kept,30.9,5.5,96.97,Private,PT-2483
APT-002145,2025-03-07,09:21,9,Dr. Benitez,Hygiene recall,kept,46.7,13.0,134.62,Private,PT-1113
APT-002135,2025-03-07,09:41,9,"K. Duarte, PT",Filling,kept,39.3,3.1,168.53,Insurance,PT-1142
APT-002153,2025-03-07,09:54,9,Dr. Almeida,Hygiene recall,kept,44.4,6.8,92.37,Public scheme,PT-3091
APT-002136,2025-03-07,10:06,10,"M. Ellis, PT",Crown fit,kept,68.3,5.5,820.9,Insurance,PT-3126
APT-002149,2025-03-07,10:15,10,Dr. Almeida,Physio session,cancelled,21.0,10.8,8.87,Corporate plan,PT-1724
APT-002142,2025-03-07,10:40,10,"K. Duarte, PT",Root canal,kept,72.6,19.2,579.65,Insurance,PT-3076
APT-002159,2025-03-07,10:41,10,Dr. Almeida,Hygiene recall,kept,61.2,6.5,116.51,Insurance,PT-1572
APT-002164,2025-03-07,10:48,10,Dr. Faber,Hygiene recall,cancelled,35.0,12.6,13.23,Insurance,PT-1525
APT-002161,2025-03-07,11:22,11,Dr. Chandra,Filling,kept,43.9,6.4,117.77,Public scheme,PT-1149
APT-002173,2025-03-07,11:23,11,Dr. Almeida,Physio assessment,kept,41.0,6.7,142.24,Insurance,PT-2502
APT-002137,2025-03-07,11:26,11,"K. Duarte, PT",Crown fit,cancelled,63.6,2.8,106.2,Insurance,PT-2481
APT-002132,2025-03-07,11:27,11,"M. Ellis, PT",Hygiene recall,kept,48.3,4.8,89.31,Public scheme,PT-2920
APT-002179,2025-03-07,11:32,11,Dr. Chandra,Exam & imaging,kept,37.2,7.1,60.77,Public scheme,PT-2662
APT-002151,2025-03-07,11:58,11,Dr. Benitez,Root canal,kept,73.8,6.1,615.99,Private,PT-1575
APT-002144,2025-03-07,12:31,12,Dr. Chandra,Physio session,kept,37.4,2.9,113.14,Private,PT-2991
APT-002160,2025-03-07,13:09,13,Dr. Benitez,Filling,kept,40.3,14.2,206.28,Insurance,PT-1557
APT-002167,2025-03-07,13:21,13,"K. Duarte, PT",Physio session,kept,49.9,8.9,105.37,Private,PT-1124
APT-002143,2025-03-07,13:27,13,Dr. Chandra,Root canal,kept,73.6,11.5,575.5,Insurance,PT-1880
APT-002171,2025-03-07,13:35,13,Dr. Almeida,Filling,kept,38.5,13.4,175.05,Insurance,PT-1868
APT-002138,2025-03-07,13:38,13,"K. Duarte, PT",Filling,kept,53.3,13.9,219.23,Private,PT-1747
APT-002141,2025-03-07,13:55,13,Dr. Almeida,Physio assessment,kept,52.4,13.0,118.79,Insurance,PT-3114
APT-002157,2025-03-07,14:00,14,"M. Ellis, PT",Hygiene recall,cancelled,49.0,10.0,11.43,Corporate plan,PT-1808
APT-002165,2025-03-07,14:00,14,Dr. Chandra,Filling,kept,34.2,10.8,149.38,Public scheme,PT-2633
APT-002183,2025-03-07,14:04,14,Dr. Benitez,Hygiene recall,kept,46.2,9.9,122.16,Private,PT-1242
APT-002175,2025-03-07,14:05,14,"M. Ellis, PT",Filling,kept,51.2,19.0,199.03,Insurance,PT-2356
APT-002148,2025-03-07,14:12,14,"K. Duarte, PT",Exam & imaging,kept,41.5,9.7,102.01,Private,PT-3047
APT-002152,2025-03-07,14:16,14,Dr. Faber,Crown fit,cancelled,67.6,23.0,120.13,Private,PT-1024
APT-002133,2025-03-07,14:30,14,Dr. Almeida,Hygiene recall,kept,48.2,15.6,119.63,Private,PT-2078
APT-002178,2025-03-07,14:32,14,Dr. Benitez,Exam & imaging,kept,19.7,12.3,94.38,Private,PT-2241
APT-002131,2025-03-07,14:36,14,Dr. Benitez,Filling,kept,60.2,25.1,217.76,Private,PT-1401
APT-002154,2025-03-07,14:37,14,Dr. Chandra,Hygiene recall,kept,42.7,8.7,116.25,Insurance,PT-2027
APT-002180,2025-03-07,14:40,14,"M. Ellis, PT",Hygiene recall,kept,52.3,17.9,116.84,Insurance,PT-3012
APT-002150,2025-03-07,14:50,14,Dr. Benitez,Exam & imaging,kept,8.0,9.7,97.2,Insurance,PT-2914
APT-002155,2025-03-07,14:52,14,"K. Duarte, PT",Exam & imaging,kept,23.2,16.5,90.9,Private,PT-2716
APT-002176,2025-03-07,15:11,15,Dr. Faber,Hygiene recall,kept,50.5,10.9,108.8,Insurance,PT-1948
APT-002140,2025-03-07,15:23,15,Dr. Almeida,Filling,kept,39.2,10.3,176.39,Corporate plan,PT-1174
APT-002170,2025-03-07,15:24,15,"K. Duarte, PT",Crown fit,no_show,62.9,8.0,0.0,Public scheme,PT-3109
APT-002181,2025-03-07,15:45,15,"M. Ellis, PT",Physio session,kept,37.5,11.5,81.21,Insurance,PT-2930
APT-002158,2025-03-07,15:57,15,Dr. Benitez,Exam & imaging,kept,29.1,12.3,98.8,Private,PT-1300
APT-002156,2025-03-07,16:06,16,"K. Duarte, PT",Hygiene recall,kept,48.1,16.4,122.08,Private,PT-2196
APT-002174,2025-03-07,16:08,16,Dr. Benitez,Physio session,kept,31.9,18.8,121.53,Private,PT-2989
APT-002147,2025-03-07,16:18,16,"K. Duarte, PT",Filling,kept,38.2,23.8,185.23,Insurance,PT-1026
APT-002177,2025-03-07,16:22,16,"M. Ellis, PT",Physio session,kept,30.7,8.7,102.21,Insurance,PT-1239
APT-002146,2025-03-07,16:23,16,Dr. Faber,Hygiene recall,kept,48.6,18.1,101.3,Insurance,PT-2369
APT-002139,2025-03-07,16:31,16,"M. Ellis, PT",Filling,kept,51.6,13.8,209.01,Insurance,PT-1723
APT-002182,2025-03-07,16:34,16,Dr. Almeida,Crown fit,cancelled,59.9,8.0,76.22,Corporate plan,PT-1002
APT-002163,2025-03-07,17:04,17,Dr. Chandra,Filling,cancelled,54.6,13.8,26.76,Private,PT-1271
APT-002134,2025-03-07,17:05,17,"M. Ellis, PT",Hygiene recall,kept,48.4,12.9,131.12,Insurance,PT-2209
APT-002162,2025-03-07,17:30,17,Dr. Chandra,Exam & imaging,rescheduled,13.5,18.3,0.0,Insurance,PT-1131
APT-002168,2025-03-07,17:38,17,"K. Duarte, PT",Hygiene recall,no_show,46.0,14.1,0.0,Private,PT-3166
APT-002172,2025-03-07,17:57,17,Dr. Chandra,Exam & imaging,kept,28.2,16.2,92.92,Private,PT-2672
APT-002201,2025-03-08,09:31,9,"K. Duarte, PT",Hygiene recall,cancelled,49.9,4.1,14.21,Insurance,PT-1426
APT-002196,2025-03-08,09:43,9,"M. Ellis, PT",Physio session,kept,43.9,3.3,83.37,Corporate plan,PT-2767
APT-002187,2025-03-08,10:24,10,"M. Ellis, PT",Exam & imaging,kept,19.0,13.1,60.05,Public scheme,PT-1878
APT-002186,2025-03-08,10:32,10,"M. Ellis, PT",Hygiene recall,kept,36.8,6.7,121.63,Insurance,PT-1710
APT-002184,2025-03-08,10:35,10,"M. Ellis, PT",Crown fit,kept,59.6,7.1,828.6,Private,PT-1440
APT-002188,2025-03-08,10:51,10,"K. Duarte, PT",Hygiene recall,no_show,46.0,11.1,0.0,Private,PT-2318
APT-002193,2025-03-08,11:05,11,"K. Duarte, PT",Filling,kept,46.4,6.1,161.3,Insurance,PT-1570
APT-002205,2025-03-08,12:07,12,"M. Ellis, PT",Exam & imaging,kept,26.4,11.4,82.21,Insurance,PT-1448
APT-002190,2025-03-08,12:12,12,"M. Ellis, PT",Physio session,kept,38.6,8.7,75.84,Insurance,PT-1277
APT-002195,2025-03-08,12:21,12,"K. Duarte, PT",Physio assessment,kept,54.6,16.3,136.62,Private,PT-2678
APT-002198,2025-03-08,12:24,12,"K. Duarte, PT",Physio session,kept,32.6,7.1,87.73,Insurance,PT-1530
APT-002204,2025-03-08,12:24,12,"K. Duarte, PT",Exam & imaging,no_show,24.4,3.9,0.0,Insurance,PT-1960
APT-002197,2025-03-08,13:53,13,"M. Ellis, PT",Physio session,kept,29.9,10.0,68.88,Public scheme,PT-2371
APT-002202,2025-03-08,14:02,14,"K. Duarte, PT",Physio assessment,kept,46.5,24.3,94.28,Public scheme,PT-2889
APT-002194,2025-03-08,14:20,14,"K. Duarte, PT",Follow-up consult,kept,19.5,10.8,69.91,Private,PT-2500
APT-002192,2025-03-08,14:24,14,"K. Duarte, PT",Physio assessment,kept,52.2,32.1,145.12,Insurance,PT-2687
APT-002185,2025-03-08,14:32,14,"M. Ellis, PT",Hygiene recall,kept,54.2,11.1,131.37,Insurance,PT-2389
APT-002191,2025-03-08,14:36,14,"M. Ellis, PT",Hygiene recall,kept,48.2,20.9,79.09,Public scheme,PT-1455
APT-002199,2025-03-08,15:09,15,"M. Ellis, PT",Physio assessment,kept,65.2,12.9,132.66,Corporate plan,PT-1485
APT-002203,2025-03-08,15:38,15,"K. Duarte, PT",Root canal,kept,81.7,8.9,544.43,Insurance,PT-2346
APT-002189,2025-03-08,15:39,15,"K. Duarte, PT",Physio assessment,kept,53.9,16.8,139.0,Private,PT-1062
APT-002206,2025-03-08,15:54,15,"K. Duarte, PT",Hygiene recall,kept,38.9,14.7,141.91,Private,PT-2254
APT-002200,2025-03-08,17:43,17,"K. Duarte, PT",Physio session,no_show,38.1,10.7,0.0,Private,PT-2191
APT-002241,2025-03-10,08:37,8,Dr. Benitez,Hygiene recall,kept,48.3,5.1,134.82,Insurance,PT-2353
APT-002210,2025-03-10,09:01,9,"K. Duarte, PT",Exam & imaging,rescheduled,19.7,6.5,0.0,Insurance,PT-2277
APT-002239,2025-03-10,09:02,9,Dr. Almeida,Exam & imaging,kept,28.7,4.1,82.97,Insurance,PT-1727
APT-002232,2025-03-10,09:03,9,Dr. Chandra,Hygiene recall,kept,54.3,9.1,121.15,Insurance,PT-1647
APT-002246,2025-03-10,09:21,9,Dr. Benitez,Filling,kept,51.3,16.7,206.94,Private,PT-2968
APT-002240,2025-03-10,09:25,9,Dr. Benitez,Hygiene recall,cancelled,43.9,10.5,15.35,Insurance,PT-1083
APT-002248,2025-03-10,09:38,9,"K. Duarte, PT",Hygiene recall,kept,45.4,3.6,124.56,Insurance,PT-1273
APT-002228,2025-03-10,09:52,9,Dr. Benitez,Hygiene recall,kept,48.7,10.1,83.78,Public scheme,PT-3024
APT-002227,2025-03-10,10:02,10,"K. Duarte, PT",Physio assessment,kept,64.5,6.1,145.56,Private,PT-1274
APT-002208,2025-03-10,10:05,10,"K. Duarte, PT",Hygiene recall,kept,49.5,8.7,127.28,Private,PT-1173
APT-002238,2025-03-10,10:17,10,Dr. Almeida,Crown fit,rescheduled,59.0,9.5,0.0,Corporate plan,PT-1261
APT-002226,2025-03-10,10:28,10,Dr. Benitez,Physio session,kept,39.9,10.3,80.96,Corporate plan,PT-1580
APT-002236,2025-03-10,10:31,10,Dr. Benitez,Physio assessment,kept,47.9,3.8,178.56,Private,PT-2746
APT-002219,2025-03-10,10:33,10,Dr. Chandra,Hygiene recall,kept,42.9,8.4,104.61,Insurance,PT-2804
APT-002222,2025-03-10,10:38,10,Dr. Benitez,Hygiene recall,rescheduled,41.7,5.7,0.0,Corporate plan,PT-2198
APT-002242,2025-03-10,10:56,10,Dr. Benitez,Exam & imaging,kept,30.1,10.4,76.46,Corporate plan,PT-2195
APT-002254,2025-03-10,11:04,11,Dr. Benitez,Physio assessment,no_show,58.3,11.2,0.0,Private,PT-2577
APT-002231,2025-03-10,11:05,11,Dr. Almeida,Crown fit,kept,62.1,7.1,530.23,Public scheme,PT-1756
APT-002249,2025-03-10,11:55,11,Dr. Benitez,Physio assessment,kept,52.2,3.5,163.47,Private,PT-1499
APT-002233,2025-03-10,11:57,11,Dr. Chandra,Exam & imaging,kept,21.9,11.7,65.56,Insurance,PT-2405
APT-002224,2025-03-10,12:06,12,Dr. Chandra,Filling,kept,37.8,4.9,182.81,Insurance,PT-1806
APT-002221,2025-03-10,12:12,12,Dr. Almeida,Filling,kept,41.7,6.3,231.11,Private,PT-1548
APT-002209,2025-03-10,12:26,12,Dr. Chandra,Exam & imaging,kept,35.7,23.1,73.37,Insurance,PT-3139
APT-002213,2025-03-10,12:34,12,Dr. Chandra,Hygiene recall,kept,27.3,10.2,135.74,Private,PT-2033
APT-002218,2025-03-10,12:34,12,Dr. Almeida,Hygiene recall,kept,33.8,8.2,137.03,Private,PT-2916
APT-002256,2025-03-10,12:42,12,Dr. Benitez,Filling,kept,49.1,6.8,209.43,Private,PT-2106
APT-002244,2025-03-10,12:53,12,Dr. Almeida,Hygiene recall,kept,47.9,6.3,109.29,Insurance,PT-2454
APT-002207,2025-03-10,13:30,13,Dr. Benitez,Exam & imaging,kept,28.2,16.1,96.52,Private,PT-1316
APT-002220,2025-03-10,13:49,13,Dr. Almeida,Hygiene recall,kept,50.5,11.0,104.81,Corporate plan,PT-1504
APT-002212,2025-03-10,14:22,14,"K. Duarte, PT",Exam & imaging,cancelled,20.7,11.3,11.04,Private,PT-2983
APT-002255,2025-03-10,14:23,14,Dr. Almeida,Physio session,kept,39.7,9.6,84.65,Corporate plan,PT-2043
APT-002211,2025-03-10,14:41,14,"K. Duarte, PT",Filling,kept,44.1,22.8,167.97,Corporate plan,PT-1488
APT-002253,2025-03-10,14:59,14,"K. Duarte, PT",Hygiene recall,kept,42.3,9.9,96.61,Corporate plan,PT-2171
APT-002243,2025-03-10,15:07,15,Dr. Almeida,Physio session,kept,46.8,8.6,87.54,Insurance,PT-2647
APT-002215,2025-03-10,15:09,15,Dr. Benitez,Hygiene recall,kept,43.9,12.6,101.0,Corporate plan,PT-1343
APT-002251,2025-03-10,15:11,15,"K. Duarte, PT",Exam & imaging,kept,21.0,18.6,92.11,Private,PT-1082
APT-002258,2025-03-10,15:19,15,"K. Duarte, PT",Hygiene recall,kept,50.0,14.2,146.46,Private,PT-1859
APT-002217,2025-03-10,15:31,15,"K. Duarte, PT",Physio assessment,kept,54.9,15.4,121.37,Corporate plan,PT-2078
APT-002216,2025-03-10,15:36,15,"K. Duarte, PT",Hygiene recall,kept,46.7,12.9,117.08,Insurance,PT-2468
APT-002223,2025-03-10,15:42,15,Dr. Almeida,Root canal,kept,66.7,17.9,509.67,Corporate plan,PT-2571
APT-002252,2025-03-10,15:47,15,Dr. Almeida,Hygiene recall,kept,41.7,11.5,107.71,Insurance,PT-1259
APT-002230,2025-03-10,15:48,15,Dr. Benitez,Hygiene recall,kept,55.4,15.2,131.71,Private,PT-2938
APT-002245,2025-03-10,15:48,15,Dr. Chandra,Hygiene recall,kept,43.8,12.7,102.52,Corporate plan,PT-1474
APT-002247,2025-03-10,15:52,15,"K. Duarte, PT",Hygiene recall,rescheduled,32.1,7.8,0.0,Insurance,PT-3100
APT-002257,2025-03-10,15:55,15,Dr. Chandra,Hygiene recall,kept,48.1,12.1,117.05,Insurance,PT-1341
APT-002214,2025-03-10,15:56,15,Dr. Almeida,Filling,kept,42.9,10.4,226.22,Private,PT-1363
APT-002225,2025-03-10,15:58,15,Dr. Benitez,Exam & imaging,kept,27.4,9.3,78.22,Corporate plan,PT-1782
APT-002234,2025-03-10,15:59,15,Dr. Benitez,Hygiene recall,kept,48.3,9.0,101.87,Corporate plan,PT-1951
APT-002250,2025-03-10,16:04,16,Dr. Benitez,Hygiene recall,cancelled,35.4,13.9,16.46,Private,PT-2573
APT-002261,2025-03-10,16:08,16,Dr. Almeida,Physio assessment,kept,42.1,11.4,137.14,Corporate plan,PT-1598
APT-002260,2025-03-10,16:09,16,Dr. Almeida,Crown fit,kept,53.9,12.9,966.85,Private,PT-1238
APT-002235,2025-03-10,16:28,16,"K. Duarte, PT",Physio session,kept,36.8,13.9,57.51,Public scheme,PT-3094
APT-002259,2025-03-10,16:31,16,"K. Duarte, PT",Root canal,kept,82.5,15.1,401.59,Public scheme,PT-2063
APT-002229,2025-03-10,16:39,16,Dr. Almeida,Hygiene recall,kept,47.9,11.1,81.52,Public scheme,PT-2787
APT-002237,2025-03-10,16:56,16,Dr. Almeida,Root canal,kept,68.1,9.6,595.97,Private,PT-2590
APT-002298,2025-03-11,08:28,8,Dr. Almeida,Hygiene recall,kept,43.0,4.3,116.17,Insurance,PT-2035
APT-002271,2025-03-11,09:07,9,Dr. Benitez,Physio assessment,kept,54.5,3.0,144.01,Insurance,PT-1040
APT-002275,2025-03-11,10:00,10,Dr. Benitez,Hygiene recall,kept,51.3,6.0,110.4,Corporate plan,PT-2992
APT-002289,2025-03-11,10:01,10,"K. Duarte, PT",Hygiene recall,kept,41.0,6.8,117.49,Insurance,PT-2007
APT-002277,2025-03-11,10:09,10,Dr. Almeida,Filling,kept,50.8,7.0,215.08,Private,PT-2461
APT-002272,2025-03-11,10:16,10,"K. Duarte, PT",Physio assessment,kept,44.2,11.1,160.52,Private,PT-1515
APT-002288,2025-03-11,10:30,10,"K. Duarte, PT",Hygiene recall,kept,44.3,5.5,101.5,Corporate plan,PT-1066
APT-002306,2025-03-11,10:31,10,"K. Duarte, PT",Exam & imaging,cancelled,25.5,6.5,8.09,Public scheme,PT-2333
APT-002293,2025-03-11,10:38,10,"K. Duarte, PT",Hygiene recall,kept,45.1,3.8,103.07,Corporate plan,PT-2692
APT-002292,2025-03-11,10:43,10,Dr. Chandra,Exam & imaging,no_show,23.0,3.6,0.0,Private,PT-2502
APT-002297,2025-03-11,10:44,10,"K. Duarte, PT",Physio session,kept,37.4,9.0,107.68,Private,PT-2119
APT-002300,2025-03-11,10:56,10,Dr. Almeida,Filling,kept,37.0,3.9,131.78,Public scheme,PT-1841
APT-002270,2025-03-11,11:06,11,Dr. Chandra,Physio assessment,kept,41.0,12.9,151.73,Private,PT-2411
APT-002268,2025-03-11,11:22,11,Dr. Chandra,Physio assessment,kept,54.1,10.5,143.35,Insurance,PT-1646
APT-002264,2025-03-11,11:25,11,Dr. Chandra,Exam & imaging,cancelled,23.4,3.4,12.43,Private,PT-1258
APT-002265,2025-03-11,11:44,11,Dr. Almeida,Filling,kept,44.6,6.2,135.9,Public scheme,PT-2258
APT-002299,2025-03-11,11:56,11,Dr. Benitez,Hygiene recall,kept,45.7,4.0,103.51,Insurance,PT-1887
APT-002274,2025-03-11,12:09,12,Dr. Almeida,Hygiene recall,kept,51.5,6.7,103.57,Corporate plan,PT-1395
APT-002305,2025-03-11,12:25,12,Dr. Benitez,Exam & imaging,kept,21.1,11.5,105.96,Private,PT-1233
APT-002290,2025-03-11,12:26,12,Dr. Benitez,Physio assessment,kept,54.9,8.3,162.55,Private,PT-2694
APT-002262,2025-03-11,12:27,12,"K. Duarte, PT",Exam & imaging,kept,24.2,8.7,53.97,Public scheme,PT-2353
APT-002273,2025-03-11,12:57,12,"K. Duarte, PT",Exam & imaging,kept,16.2,8.1,91.54,Insurance,PT-1474
APT-002296,2025-03-11,13:19,13,"K. Duarte, PT",Exam & imaging,kept,21.1,9.6,98.41,Private,PT-2789
APT-002285,2025-03-11,13:35,13,Dr. Benitez,Physio session,kept,47.2,9.8,94.02,Insurance,PT-2962
APT-002303,2025-03-11,13:36,13,Dr. Benitez,Follow-up consult,kept,23.2,14.0,75.29,Private,PT-2773
APT-002302,2025-03-11,13:38,13,Dr. Chandra,Physio session,kept,36.6,11.8,69.09,Insurance,PT-2629
APT-002279,2025-03-11,13:42,13,"M. Ellis, PT",Follow-up consult,kept,19.2,11.1,78.38,Private,PT-2249
APT-002263,2025-03-11,13:44,13,Dr. Chandra,Physio assessment,kept,63.2,16.1,104.58,Public scheme,PT-1693
APT-002278,2025-03-11,14:00,14,"K. Duarte, PT",Physio session,kept,42.4,11.0,94.88,Insurance,PT-1567
APT-002304,2025-03-11,14:34,14,Dr. Almeida,Hygiene recall,kept,41.7,9.0,115.55,Insurance,PT-2088
APT-002280,2025-03-11,14:41,14,Dr. Benitez,Crown fit,kept,57.7,9.8,849.61,Private,PT-3100
APT-002283,2025-03-11,14:56,14,"M. Ellis, PT",Filling,cancelled,33.6,8.2,19.5,Corporate plan,PT-2558
APT-002295,2025-03-11,15:06,15,"M. Ellis, PT",Physio session,cancelled,52.2,12.0,9.18,Insurance,PT-1216
APT-002282,2025-03-11,15:47,15,Dr. Benitez,Hygiene recall,kept,50.2,12.8,142.48,Private,PT-2893
APT-002276,2025-03-11,15:48,15,Dr. Almeida,Exam & imaging,no_show,32.1,12.6,0.0,Private,PT-3109
APT-002284,2025-03-11,15:51,15,Dr. Almeida,Hygiene recall,kept,49.1,9.5,99.65,Insurance,PT-2225
APT-002267,2025-03-11,15:54,15,Dr. Benitez,Hygiene recall,cancelled,38.0,10.7,12.53,Insurance,PT-1634
APT-002301,2025-03-11,16:11,16,Dr. Benitez,Hygiene recall,kept,44.7,9.4,129.85,Private,PT-1447
APT-002287,2025-03-11,16:16,16,"M. Ellis, PT",Exam & imaging,kept,22.0,15.6,78.46,Insurance,PT-2531
APT-002269,2025-03-11,16:29,16,"K. Duarte, PT",Filling,kept,41.7,13.7,174.67,Corporate plan,PT-1238
APT-002266,2025-03-11,16:36,16,"M. Ellis, PT",Exam & imaging,no_show,20.8,8.1,0.0,Insurance,PT-2975
APT-002291,2025-03-11,16:44,16,"M. Ellis, PT",Hygiene recall,kept,57.1,10.5,122.95,Insurance,PT-2393
APT-002281,2025-03-11,16:51,16,"M. Ellis, PT",Filling,kept,51.6,11.0,181.16,Corporate plan,PT-2436
APT-002294,2025-03-11,17:03,17,Dr. Benitez,Physio session,kept,50.1,12.2,106.89,Private,PT-2289
APT-002286,2025-03-11,17:49,17,"M. Ellis, PT",Hygiene recall,kept,47.1,10.2,152.41,Private,PT-2236
APT-002308,2025-03-12,08:20,8,Dr. Almeida,Physio assessment,kept,64.4,14.6,130.81,Insurance,PT-2613
APT-002328,2025-03-12,08:36,8,"K. Duarte, PT",Hygiene recall,kept,54.4,10.6,142.52,Private,PT-1928
APT-002325,2025-03-12,08:46,8,"M. Ellis, PT",Exam & imaging,kept,25.8,6.6,81.29,Insurance,PT-2345
APT-002310,2025-03-12,09:20,9,"M. Ellis, PT",Physio assessment,kept,59.8,11.7,98.36,Public scheme,PT-2832
APT-002313,2025-03-12,09:26,9,"K. Duarte, PT",Filling,kept,46.4,6.9,174.84,Insurance,PT-3020
APT-002324,2025-03-12,09:37,9,"K. Duarte, PT",Root canal,kept,81.2,5.4,418.93,Public scheme,PT-1956
APT-002322,2025-03-12,09:44,9,Dr. Faber,Hygiene recall,no_show,54.2,8.7,0.0,Insurance,PT-2311
APT-002348,2025-03-12,09:44,9,Dr. Benitez,Physio session,kept,22.5,8.3,112.92,Private,PT-1888
APT-002315,2025-03-12,09:51,9,Dr. Almeida,Filling,kept,60.6,6.3,167.26,Insurance,PT-1932
APT-002335,2025-03-12,09:59,9,"K. Duarte, PT",Root canal,kept,85.0,7.0,501.39,Corporate plan,PT-3153
APT-002345,2025-03-12,10:03,10,Dr. Faber,Physio session,kept,41.5,9.1,84.58,Insurance,PT-1813
APT-002340,2025-03-12,10:36,10,Dr. Benitez,Filling,rescheduled,35.8,6.1,0.0,Private,PT-2422
APT-002333,2025-03-12,10:46,10,Dr. Benitez,Follow-up consult,kept,18.6,7.4,52.41,Corporate plan,PT-2481
APT-002320,2025-03-12,10:47,10,Dr. Benitez,Filling,kept,41.7,3.1,114.05,Public scheme,PT-1862
APT-002331,2025-03-12,11:02,11,"K. Duarte, PT",Follow-up consult,kept,33.9,3.0,58.99,Insurance,PT-2291
APT-002321,2025-03-12,11:07,11,"M. Ellis, PT",Hygiene recall,kept,50.9,3.7,122.39,Corporate plan,PT-3095
APT-002341,2025-03-12,11:19,11,"M. Ellis, PT",Physio assessment,kept,44.0,3.9,94.13,Public scheme,PT-2330
APT-002317,2025-03-12,11:25,11,Dr. Faber,Physio session,kept,36.2,16.1,104.16,Private,PT-2210
APT-002337,2025-03-12,11:27,11,"M. Ellis, PT",Exam & imaging,kept,24.3,3.5,107.79,Private,PT-2539
APT-002323,2025-03-12,11:40,11,Dr. Almeida,Physio assessment,kept,59.1,6.2,134.15,Insurance,PT-1778
APT-002343,2025-03-12,11:55,11,"M. Ellis, PT",Physio assessment,kept,51.6,4.4,130.36,Insurance,PT-1604
APT-002332,2025-03-12,11:57,11,"K. Duarte, PT",Hygiene recall,kept,40.6,12.0,103.94,Corporate plan,PT-1980
APT-002349,2025-03-12,12:17,12,Dr. Benitez,Hygiene recall,kept,52.7,4.1,103.75,Corporate plan,PT-1299
APT-002342,2025-03-12,12:43,12,Dr. Benitez,Physio assessment,kept,59.7,7.2,154.5,Private,PT-1691
APT-002338,2025-03-12,13:17,13,"K. Duarte, PT",Hygiene recall,kept,42.6,10.6,146.15,Private,PT-2035
APT-002336,2025-03-12,13:34,13,Dr. Almeida,Filling,cancelled,44.4,18.7,22.76,Insurance,PT-1714
APT-002329,2025-03-12,14:01,14,"M. Ellis, PT",Hygiene recall,kept,47.1,8.1,99.14,Corporate plan,PT-1304
APT-002318,2025-03-12,14:14,14,Dr. Benitez,Physio session,kept,52.5,9.7,104.0,Private,PT-2350
APT-002316,2025-03-12,14:48,14,Dr. Benitez,Hygiene recall,kept,51.3,10.2,137.07,Insurance,PT-1467
APT-002334,2025-03-12,14:51,14,Dr. Benitez,Hygiene recall,kept,43.3,9.0,110.89,Corporate plan,PT-3115
APT-002319,2025-03-12,15:03,15,Dr. Almeida,Physio session,kept,40.9,8.8,81.8,Insurance,PT-1034
APT-002311,2025-03-12,15:12,15,Dr. Faber,Exam & imaging,cancelled,13.4,12.2,10.93,Private,PT-3107
APT-002309,2025-03-12,15:22,15,Dr. Almeida,Hygiene recall,kept,44.2,11.3,126.35,Insurance,PT-1281
APT-002314,2025-03-12,15:32,15,"M. Ellis, PT",Physio session,kept,35.2,14.0,100.76,Private,PT-1834
APT-002339,2025-03-12,15:38,15,Dr. Almeida,Filling,kept,49.9,16.8,172.87,Insurance,PT-2344
APT-002344,2025-03-12,15:43,15,Dr. Benitez,Hygiene recall,kept,42.8,12.2,143.44,Private,PT-2047
APT-002330,2025-03-12,15:47,15,Dr. Benitez,Hygiene recall,kept,30.0,14.7,137.52,Insurance,PT-2682
APT-002327,2025-03-12,15:51,15,Dr. Faber,Physio assessment,kept,41.8,9.9,130.23,Insurance,PT-1296
APT-002326,2025-03-12,15:53,15,"M. Ellis, PT",Filling,kept,48.7,21.1,215.56,Private,PT-1169
APT-002346,2025-03-12,16:23,16,Dr. Benitez,Filling,kept,36.4,12.1,191.71,Corporate plan,PT-1415
APT-002312,2025-03-12,17:12,17,Dr. Faber,Physio session,kept,41.6,11.4,106.16,Insurance,PT-2476
APT-002307,2025-03-12,17:23,17,Dr. Almeida,Hygiene recall,kept,52.7,8.3,116.74,Insurance,PT-1730
APT-002347,2025-03-12,17:42,17,Dr. Faber,Physio session,kept,31.4,8.1,66.03,Public scheme,PT-2376
APT-002377,2025-03-13,08:32,8,Dr. Benitez,Hygiene recall,kept,37.3,24.4,142.07,Private,PT-2558
APT-002358,2025-03-13,08:56,8,"M. Ellis, PT",Physio session,kept,28.3,7.4,96.59,Insurance,PT-1025
APT-002373,2025-03-13,09:32,9,"K. Duarte, PT",Hygiene recall,kept,53.3,6.5,122.72,Insurance,PT-2263
APT-002363,2025-03-13,09:52,9,Dr. Benitez,Exam & imaging,kept,24.0,10.6,102.6,Private,PT-1927
APT-002382,2025-03-13,10:01,10,"K. Duarte, PT",Hygiene recall,kept,45.1,20.7,120.4,Private,PT-1865
APT-002353,2025-03-13,10:11,10,Dr. Chandra,Physio assessment,kept,59.6,9.0,157.98,Private,PT-2847
APT-002370,2025-03-13,10:22,10,Dr. Benitez,Filling,kept,37.7,5.2,207.6,Insurance,PT-1429
APT-002374,2025-03-13,10:25,10,"K. Duarte, PT",Crown fit,cancelled,69.6,2.7,96.24,Insurance,PT-1530
APT-002371,2025-03-13,10:28,10,"K. Duarte, PT",Exam & imaging,no_show,20.9,6.3,0.0,Corporate plan,PT-1119
APT-002360,2025-03-13,10:32,10,Dr. Almeida,Hygiene recall,kept,37.3,3.6,112.02,Insurance,PT-1079
APT-002355,2025-03-13,10:38,10,"K. Duarte, PT",Filling,cancelled,34.7,7.8,16.73,Public scheme,PT-2981
APT-002366,2025-03-13,10:50,10,Dr. Chandra,Filling,kept,35.8,8.1,218.43,Private,PT-2580
APT-002362,2025-03-13,11:24,11,"M. Ellis, PT",Crown fit,kept,68.6,3.3,675.2,Insurance,PT-3197
APT-002379,2025-03-13,11:31,11,Dr. Almeida,Exam & imaging,kept,14.6,8.1,95.7,Private,PT-1233
APT-002367,2025-03-13,11:40,11,"K. Duarte, PT",Physio session,rescheduled,31.9,4.4,0.0,Insurance,PT-1790
APT-002351,2025-03-13,11:50,11,Dr. Almeida,Physio session,cancelled,37.9,10.6,9.15,Insurance,PT-3162
APT-002354,2025-03-13,11:51,11,Dr. Benitez,Crown fit,kept,68.2,7.8,835.24,Private,PT-1892
APT-002350,2025-03-13,11:57,11,Dr. Benitez,Physio session,kept,38.0,8.2,93.57,Private,PT-1774
APT-002356,2025-03-13,12:19,12,Dr. Chandra,Physio assessment,no_show,48.0,6.3,0.0,Insurance,PT-2727
APT-002352,2025-03-13,12:46,12,Dr. Almeida,Physio assessment,kept,50.9,12.5,125.37,Corporate plan,PT-1336
APT-002381,2025-03-13,12:53,12,Dr. Faber,Exam & imaging,no_show,20.3,13.2,0.0,Insurance,PT-2901
APT-002378,2025-03-13,12:54,12,"M. Ellis, PT",Physio assessment,cancelled,53.3,10.1,16.77,Insurance,PT-1462
APT-002365,2025-03-13,14:22,14,Dr. Benitez,Hygiene recall,kept,48.2,16.6,133.26,Private,PT-1592
APT-002372,2025-03-13,14:47,14,Dr. Almeida,Exam & imaging,kept,22.0,10.3,93.29,Private,PT-2468
APT-002364,2025-03-13,15:03,15,Dr. Faber,Exam & imaging,no_show,27.4,11.3,0.0,Insurance,PT-2222
APT-002375,2025-03-13,15:07,15,Dr. Benitez,Hygiene recall,kept,43.2,13.1,108.61,Insurance,PT-2644
APT-002361,2025-03-13,15:10,15,Dr. Almeida,Exam & imaging,kept,23.5,19.6,82.2,Insurance,PT-1704
APT-002357,2025-03-13,15:16,15,Dr. Almeida,Physio assessment,kept,56.0,8.7,91.81,Public scheme,PT-2176
APT-002376,2025-03-13,15:30,15,"K. Duarte, PT",Physio session,kept,34.2,14.2,85.12,Corporate plan,PT-1993
APT-002369,2025-03-13,15:44,15,Dr. Faber,Hygiene recall,kept,56.6,8.9,136.95,Private,PT-2556
APT-002380,2025-03-13,15:51,15,Dr. Chandra,Exam & imaging,kept,32.3,20.2,77.98,Private,PT-2997
APT-002368,2025-03-13,16:40,16,Dr. Faber,Filling,kept,29.2,12.5,165.89,Corporate plan,PT-2025
APT-002359,2025-03-13,17:37,17,Dr. Almeida,Hygiene recall,kept,40.6,9.5,103.39,Corporate plan,PT-2827
APT-002383,2025-03-14,08:23,8,"K. Duarte, PT",Physio assessment,kept,56.7,6.0,114.44,Insurance,PT-1232
APT-002419,2025-03-14,08:53,8,"K. Duarte, PT",Filling,kept,43.3,3.7,220.58,Private,PT-3154
APT-002413,2025-03-14,08:55,8,"M. Ellis, PT",Physio session,kept,40.2,3.6,97.65,Insurance,PT-3194
APT-002396,2025-03-14,09:17,9,Dr. Benitez,Physio session,kept,33.6,16.2,86.75,Corporate plan,PT-2685
APT-002395,2025-03-14,09:20,9,Dr. Faber,Exam & imaging,rescheduled,19.8,3.3,0.0,Insurance,PT-2381
APT-002403,2025-03-14,09:40,9,Dr. Chandra,Hygiene recall,kept,36.5,10.4,121.92,Private,PT-2705
APT-002414,2025-03-14,09:40,9,Dr. Benitez,Physio session,kept,47.5,22.2,74.91,Corporate plan,PT-2897
APT-002408,2025-03-14,09:42,9,"M. Ellis, PT",Physio assessment,no_show,50.8,3.0,0.0,Public scheme,PT-3124
APT-002416,2025-03-14,09:57,9,"M. Ellis, PT",Exam & imaging,kept,18.4,14.6,103.66,Private,PT-1068
APT-002407,2025-03-14,10:07,10,Dr. Benitez,Physio session,kept,37.7,15.1,93.9,Insurance,PT-2019
APT-002411,2025-03-14,10:10,10,Dr. Benitez,Hygiene recall,cancelled,52.1,3.5,14.6,Insurance,PT-1445
APT-002399,2025-03-14,10:15,10,Dr. Almeida,Exam & imaging,kept,23.1,11.6,98.39,Private,PT-1631
APT-002386,2025-03-14,10:16,10,Dr. Benitez,Follow-up consult,cancelled,17.8,8.6,8.11,Insurance,PT-2772
APT-002404,2025-03-14,10:31,10,"K. Duarte, PT",Hygiene recall,rescheduled,40.7,10.7,0.0,Private,PT-2531
APT-002391,2025-03-14,10:58,10,"K. Duarte, PT",Hygiene recall,kept,40.2,5.7,135.5,Private,PT-3082
APT-002402,2025-03-14,11:18,11,"M. Ellis, PT",Hygiene recall,kept,59.3,4.1,138.67,Private,PT-2288
APT-002390,2025-03-14,11:34,11,"K. Duarte, PT",Filling,cancelled,59.1,5.3,20.48,Insurance,PT-2180
APT-002388,2025-03-14,11:41,11,Dr. Benitez,Physio session,kept,47.8,10.0,92.65,Insurance,PT-1532
APT-002400,2025-03-14,12:27,12,"K. Duarte, PT",Crown fit,kept,63.3,3.2,663.29,Corporate plan,PT-1681
APT-002417,2025-03-14,12:27,12,Dr. Benitez,Crown fit,kept,71.1,8.3,669.72,Corporate plan,PT-2610
APT-002418,2025-03-14,12:32,12,Dr. Benitez,Filling,kept,39.2,13.0,210.93,Private,PT-1181
APT-002401,2025-03-14,12:42,12,Dr. Chandra,Physio assessment,rescheduled,43.9,5.0,0.0,Public scheme,PT-3071
APT-002406,2025-03-14,12:58,12,Dr. Faber,Hygiene recall,kept,54.2,4.2,124.95,Insurance,PT-1152
APT-002387,2025-03-14,13:07,13,Dr. Almeida,Hygiene recall,kept,57.2,17.2,132.95,Private,PT-1192
APT-002415,2025-03-14,14:21,14,"M. Ellis, PT",Physio session,kept,32.8,9.2,91.65,Corporate plan,PT-1026
APT-002409,2025-03-14,14:56,14,"K. Duarte, PT",Filling,kept,52.2,14.3,133.38,Public scheme,PT-1406
APT-002422,2025-03-14,15:00,15,"M. Ellis, PT",Hygiene recall,kept,31.0,13.7,103.71,Insurance,PT-1540
APT-002412,2025-03-14,15:16,15,Dr. Almeida,Filling,cancelled,43.8,18.9,22.17,Insurance,PT-3146
APT-002392,2025-03-14,15:37,15,"M. Ellis, PT",Physio session,kept,51.3,11.2,72.77,Corporate plan,PT-2502
APT-002384,2025-03-14,15:39,15,Dr. Almeida,Filling,kept,52.0,11.1,228.96,Private,PT-1336
APT-002421,2025-03-14,15:39,15,Dr. Almeida,Hygiene recall,kept,38.4,8.4,146.72,Private,PT-1189
APT-002393,2025-03-14,15:41,15,Dr. Almeida,Physio assessment,kept,52.5,23.1,146.97,Insurance,PT-1163
APT-002385,2025-03-14,15:44,15,"K. Duarte, PT",Physio session,no_show,40.6,9.0,0.0,Corporate plan,PT-2034
APT-002394,2025-03-14,15:45,15,Dr. Chandra,Exam & imaging,kept,23.0,19.5,74.11,Insurance,PT-2310
APT-002410,2025-03-14,16:05,16,Dr. Chandra,Hygiene recall,kept,42.4,16.2,122.9,Insurance,PT-2362
APT-002397,2025-03-14,16:24,16,Dr. Almeida,Hygiene recall,kept,47.8,11.9,112.51,Insurance,PT-1879
APT-002420,2025-03-14,16:32,16,"M. Ellis, PT",Root canal,no_show,78.2,13.3,0.0,Insurance,PT-2882
APT-002389,2025-03-14,16:54,16,Dr. Almeida,Physio session,kept,50.5,11.5,64.9,Public scheme,PT-1931
APT-002405,2025-03-14,17:33,17,Dr. Benitez,Exam & imaging,kept,24.9,17.1,80.75,Corporate plan,PT-2269
APT-002398,2025-03-14,17:54,17,"M. Ellis, PT",Physio assessment,kept,42.7,12.5,124.35,Insurance,PT-2417
APT-002425,2025-03-15,09:10,9,"M. Ellis, PT",Filling,kept,54.7,5.2,180.68,Insurance,PT-2604
APT-002439,2025-03-15,09:57,9,"K. Duarte, PT",Hygiene recall,kept,45.2,3.3,123.64,Private,PT-2822
APT-002436,2025-03-15,10:47,10,"M. Ellis, PT",Physio session,kept,40.5,3.3,87.26,Insurance,PT-1612
APT-002423,2025-03-15,11:18,11,"M. Ellis, PT",Root canal,rescheduled,78.7,5.4,0.0,Insurance,PT-1532
APT-002438,2025-03-15,11:27,11,"M. Ellis, PT",Physio assessment,kept,46.7,6.6,167.72,Private,PT-2484
APT-002440,2025-03-15,12:39,12,"K. Duarte, PT",Physio assessment,kept,63.7,5.0,180.04,Private,PT-1784
APT-002433,2025-03-15,12:56,12,"K. Duarte, PT",Hygiene recall,kept,40.5,3.2,124.07,Insurance,PT-1950
APT-002426,2025-03-15,13:23,13,"M. Ellis, PT",Hygiene recall,kept,48.7,8.5,136.08,Private,PT-1768
APT-002437,2025-03-15,13:47,13,"K. Duarte, PT",Hygiene recall,kept,56.7,11.4,103.08,Insurance,PT-3063
APT-002431,2025-03-15,14:01,14,"M. Ellis, PT",Physio session,rescheduled,37.3,9.4,0.0,Private,PT-2479
APT-002427,2025-03-15,14:06,14,"K. Duarte, PT",Filling,kept,38.7,11.4,166.79,Corporate plan,PT-2001
APT-002430,2025-03-15,14:30,14,"K. Duarte, PT",Filling,kept,41.4,15.3,214.79,Private,PT-2606
APT-002441,2025-03-15,14:52,14,"K. Duarte, PT",Hygiene recall,kept,39.3,12.6,147.96,Private,PT-1843
APT-002432,2025-03-15,15:01,15,"K. Duarte, PT",Crown fit,kept,56.2,9.5,610.67,Corporate plan,PT-2746
APT-002434,2025-03-15,15:41,15,"K. Duarte, PT",Exam & imaging,kept,25.2,18.2,87.71,Insurance,PT-2971
APT-002435,2025-03-15,16:31,16,"M. Ellis, PT",Filling,no_show,35.4,9.8,0.0,Corporate plan,PT-1411
APT-002429,2025-03-15,17:17,17,"M. Ellis, PT",Hygiene recall,kept,43.5,12.2,99.46,Insurance,PT-2409
APT-002424,2025-03-15,17:31,17,"M. Ellis, PT",Hygiene recall,cancelled,40.9,12.2,13.82,Insurance,PT-1090
APT-002428,2025-03-15,17:33,17,"M. Ellis, PT",Hygiene recall,kept,39.5,15.4,96.16,Public scheme,PT-2515
APT-002454,2025-03-17,09:09,9,Dr. Benitez,Filling,kept,40.1,4.8,201.43,Private,PT-2455
APT-002473,2025-03-17,09:13,9,Dr. Almeida,Crown fit,kept,65.2,4.9,727.82,Corporate plan,PT-2106
APT-002482,2025-03-17,09:13,9,Dr. Benitez,Crown fit,kept,62.6,6.3,897.03,Private,PT-3125
APT-002472,2025-03-17,09:23,9,"K. Duarte, PT",Physio session,kept,30.7,5.4,91.9,Insurance,PT-2810
APT-002477,2025-03-17,09:44,9,"K. Duarte, PT",Crown fit,kept,62.8,5.0,839.82,Insurance,PT-1749
APT-002468,2025-03-17,09:49,9,Dr. Almeida,Physio assessment,kept,58.8,3.9,149.71,Private,PT-2401
APT-002480,2025-03-17,09:50,9,"K. Duarte, PT",Filling,kept,55.3,8.4,241.04,Private,PT-1292
APT-002492,2025-03-17,10:06,10,"K. Duarte, PT",Hygiene recall,kept,39.7,9.5,117.34,Private,PT-2985
APT-002460,2025-03-17,10:13,10,"K. Duarte, PT",Root canal,cancelled,84.0,7.4,70.81,Private,PT-2988
APT-002446,2025-03-17,10:14,10,"K. Duarte, PT",Exam & imaging,kept,42.5,15.4,88.13,Private,PT-1818
APT-002475,2025-03-17,10:18,10,Dr. Almeida,Physio assessment,cancelled,60.0,4.1,17.03,Insurance,PT-3169
APT-002484,2025-03-17,10:36,10,Dr. Benitez,Hygiene recall,kept,40.8,8.3,129.57,Insurance,PT-2638
APT-002445,2025-03-17,10:38,10,Dr. Benitez,Physio session,kept,39.8,5.0,82.32,Insurance,PT-2233
APT-002479,2025-03-17,10:40,10,Dr. Chandra,Root canal,kept,72.4,6.5,700.41,Private,PT-1378
APT-002456,2025-03-17,11:02,11,Dr. Chandra,Exam & imaging,kept,22.9,13.7,80.98,Insurance,PT-1360
APT-002453,2025-03-17,11:06,11,Dr. Almeida,Hygiene recall,cancelled,54.9,10.2,16.35,Private,PT-2515
APT-002483,2025-03-17,11:12,11,Dr. Almeida,Exam & imaging,kept,27.5,4.5,91.69,Private,PT-2290
APT-002448,2025-03-17,11:20,11,"K. Duarte, PT",Physio assessment,kept,55.1,13.5,171.06,Private,PT-1878
APT-002464,2025-03-17,11:21,11,Dr. Benitez,Exam & imaging,kept,23.6,11.5,98.12,Private,PT-2446
APT-002476,2025-03-17,11:24,11,Dr. Benitez,Physio session,kept,42.7,6.4,79.25,Insurance,PT-2874
APT-002457,2025-03-17,11:29,11,Dr. Almeida,Physio session,kept,48.9,16.6,101.31,Insurance,PT-1592
APT-002467,2025-03-17,11:35,11,Dr. Chandra,Physio assessment,kept,58.5,4.7,130.42,Insurance,PT-2498
APT-002442,2025-03-17,11:45,11,Dr. Benitez,Filling,kept,52.3,4.7,140.81,Public scheme,PT-1296
APT-002495,2025-03-17,11:47,11,Dr. Benitez,Root canal,kept,83.3,4.9,395.92,Public scheme,PT-1489
APT-002450,2025-03-17,11:48,11,"K. Duarte, PT",Physio session,kept,36.6,7.3,103.12,Insurance,PT-1807
APT-002459,2025-03-17,11:57,11,Dr. Chandra,Follow-up consult,kept,27.6,7.2,65.07,Insurance,PT-2498
APT-002488,2025-03-17,12:20,12,Dr. Chandra,Physio assessment,kept,66.8,3.5,136.64,Insurance,PT-2083
APT-002493,2025-03-17,12:36,12,Dr. Almeida,Exam & imaging,kept,28.1,15.5,85.88,Insurance,PT-2178
APT-002443,2025-03-17,12:47,12,"K. Duarte, PT",Physio assessment,no_show,67.2,11.1,0.0,Private,PT-2000
APT-002478,2025-03-17,13:00,13,Dr. Chandra,Crown fit,kept,66.6,15.9,813.7,Insurance,PT-3040
APT-002466,2025-03-17,13:14,13,Dr. Benitez,Physio session,cancelled,30.6,10.7,10.54,Insurance,PT-1772
APT-002494,2025-03-17,14:05,14,Dr. Benitez,Hygiene recall,rescheduled,46.0,22.5,0.0,Insurance,PT-2522
APT-002455,2025-03-17,14:14,14,Dr. Almeida,Physio assessment,kept,53.5,11.0,144.61,Private,PT-1140
APT-002470,2025-03-17,15:02,15,Dr. Benitez,Hygiene recall,no_show,37.0,9.8,0.0,Insurance,PT-1390
APT-002458,2025-03-17,15:05,15,Dr. Chandra,Hygiene recall,kept,45.2,10.6,101.3,Corporate plan,PT-1289
APT-002444,2025-03-17,15:17,15,"K. Duarte, PT",Hygiene recall,kept,48.2,10.7,111.41,Private,PT-2622
APT-002489,2025-03-17,15:27,15,Dr. Almeida,Filling,rescheduled,43.5,16.5,0.0,Private,PT-1730
APT-002490,2025-03-17,15:29,15,Dr. Chandra,Exam & imaging,kept,23.7,18.7,83.79,Insurance,PT-1078
APT-002462,2025-03-17,15:48,15,Dr. Benitez,Exam & imaging,kept,17.2,16.2,73.92,Insurance,PT-3161
APT-002463,2025-03-17,15:48,15,Dr. Almeida,Filling,kept,52.4,8.4,196.97,Private,PT-2463
APT-002469,2025-03-17,15:54,15,Dr. Benitez,Exam & imaging,kept,20.8,10.6,107.25,Private,PT-2811
APT-002486,2025-03-17,15:58,15,Dr. Chandra,Physio session,no_show,46.3,13.4,0.0,Public scheme,PT-1061
APT-002461,2025-03-17,16:12,16,Dr. Benitez,Crown fit,kept,59.2,14.3,765.78,Insurance,PT-1384
APT-002491,2025-03-17,16:16,16,"K. Duarte, PT",Exam & imaging,no_show,14.0,8.5,0.0,Private,PT-1410
APT-002452,2025-03-17,16:23,16,"K. Duarte, PT",Hygiene recall,rescheduled,35.0,21.4,0.0,Corporate plan,PT-2396
APT-002451,2025-03-17,16:26,16,Dr. Benitez,Exam & imaging,kept,26.8,10.2,73.77,Corporate plan,PT-1175
APT-002474,2025-03-17,16:42,16,Dr. Benitez,Hygiene recall,kept,46.1,13.0,125.35,Insurance,PT-1906
APT-002449,2025-03-17,16:44,16,Dr. Almeida,Exam & imaging,kept,24.6,11.9,78.05,Corporate plan,PT-3017
APT-002485,2025-03-17,16:45,16,Dr. Chandra,Physio session,kept,41.6,13.2,69.8,Public scheme,PT-1796
APT-002487,2025-03-17,16:50,16,Dr. Chandra,Hygiene recall,kept,49.6,14.1,107.84,Corporate plan,PT-3096
APT-002465,2025-03-17,17:15,17,Dr. Chandra,Filling,kept,47.0,13.7,189.0,Insurance,PT-2721
APT-002471,2025-03-17,17:26,17,Dr. Chandra,Filling,kept,44.3,12.3,166.18,Insurance,PT-2342
APT-002481,2025-03-17,17:37,17,Dr. Benitez,Exam & imaging,kept,25.4,8.9,67.95,Insurance,PT-2089
APT-002447,2025-03-17,17:48,17,Dr. Benitez,Physio session,no_show,39.6,11.5,0.0,Private,PT-2645
APT-002526,2025-03-18,09:24,9,"K. Duarte, PT",Hygiene recall,cancelled,42.1,11.5,17.48,Private,PT-2228
APT-002503,2025-03-18,09:25,9,Dr. Chandra,Hygiene recall,kept,53.8,10.5,128.67,Insurance,PT-1458
APT-002537,2025-03-18,09:28,9,Dr. Benitez,Hygiene recall,kept,46.5,5.0,88.21,Public scheme,PT-1755
APT-002509,2025-03-18,09:31,9,"M. Ellis, PT",Hygiene recall,kept,49.0,5.2,115.24,Insurance,PT-2401
APT-002535,2025-03-18,09:50,9,"M. Ellis, PT",Filling,kept,45.0,7.4,211.72,Private,PT-2074
APT-002507,2025-03-18,09:52,9,"K. Duarte, PT",Physio session,no_show,37.4,6.5,0.0,Private,PT-2852
APT-002502,2025-03-18,10:03,10,Dr. Chandra,Hygiene recall,kept,54.1,4.3,150.26,Private,PT-1727
APT-002499,2025-03-18,10:14,10,"K. Duarte, PT",Hygiene recall,kept,58.8,7.2,84.11,Public scheme,PT-2280
APT-002524,2025-03-18,10:21,10,Dr. Almeida,Filling,kept,48.0,3.8,162.96,Insurance,PT-1556
APT-002533,2025-03-18,10:21,10,"K. Duarte, PT",Filling,cancelled,38.1,3.2,19.11,Corporate plan,PT-1153
APT-002511,2025-03-18,10:23,10,Dr. Benitez,Physio session,kept,36.4,12.0,100.88,Private,PT-1549
APT-002506,2025-03-18,10:38,10,Dr. Chandra,Exam & imaging,kept,22.9,15.7,81.31,Insurance,PT-1079
APT-002519,2025-03-18,10:43,10,"M. Ellis, PT",Root canal,kept,63.9,5.5,560.72,Insurance,PT-1034
APT-002520,2025-03-18,10:53,10,"M. Ellis, PT",Hygiene recall,kept,46.1,17.2,141.86,Private,PT-1399
APT-002501,2025-03-18,10:54,10,Dr. Almeida,Exam & imaging,kept,30.9,4.8,86.82,Private,PT-1727
APT-002529,2025-03-18,11:02,11,Dr. Benitez,Hygiene recall,kept,43.8,8.7,82.34,Public scheme,PT-2294
APT-002508,2025-03-18,11:08,11,"K. Duarte, PT",Physio session,kept,43.1,7.1,63.87,Public scheme,PT-2488
APT-002500,2025-03-18,11:14,11,"K. Duarte, PT",Physio session,kept,44.1,4.8,112.13,Private,PT-1759
APT-002518,2025-03-18,11:34,11,Dr. Benitez,Hygiene recall,kept,54.8,7.1,106.38,Corporate plan,PT-1647
APT-002536,2025-03-18,11:46,11,Dr. Chandra,Hygiene recall,cancelled,55.2,25.1,12.62,Insurance,PT-1682
APT-002498,2025-03-18,12:23,12,Dr. Benitez,Hygiene recall,kept,41.5,15.3,114.61,Insurance,PT-1798
APT-002521,2025-03-18,12:29,12,"K. Duarte, PT",Filling,kept,45.1,17.0,201.58,Private,PT-2097
APT-002510,2025-03-18,12:37,12,Dr. Chandra,Hygiene recall,kept,53.5,4.5,103.66,Insurance,PT-1679
APT-002496,2025-03-18,13:19,13,"K. Duarte, PT",Hygiene recall,kept,53.6,11.6,95.02,Corporate plan,PT-2341
APT-002497,2025-03-18,13:20,13,Dr. Benitez,Physio assessment,kept,60.6,9.2,159.82,Private,PT-1857
APT-002525,2025-03-18,13:32,13,"K. Duarte, PT",Hygiene recall,kept,44.4,12.2,81.94,Public scheme,PT-1371
APT-002534,2025-03-18,13:40,13,"K. Duarte, PT",Hygiene recall,kept,44.8,8.9,122.96,Insurance,PT-2126
APT-002531,2025-03-18,14:01,14,Dr. Chandra,Physio assessment,kept,59.2,11.5,85.28,Public scheme,PT-2266
APT-002512,2025-03-18,14:09,14,"K. Duarte, PT",Exam & imaging,kept,24.1,10.3,93.83,Insurance,PT-3021
APT-002532,2025-03-18,14:17,14,Dr. Chandra,Exam & imaging,kept,19.1,10.0,77.72,Insurance,PT-2906
APT-002527,2025-03-18,14:53,14,Dr. Almeida,Root canal,kept,84.2,11.4,437.93,Corporate plan,PT-2637
APT-002504,2025-03-18,15:04,15,Dr. Benitez,Physio session,kept,31.9,10.6,76.07,Corporate plan,PT-1624
APT-002530,2025-03-18,15:14,15,Dr. Chandra,Exam & imaging,kept,33.3,9.2,93.6,Private,PT-1809
APT-002515,2025-03-18,15:18,15,Dr. Almeida,Exam & imaging,kept,19.2,9.5,95.63,Private,PT-1072
APT-002522,2025-03-18,15:28,15,"K. Duarte, PT",Physio assessment,kept,55.3,20.2,126.13,Insurance,PT-2659
APT-002513,2025-03-18,15:44,15,Dr. Almeida,Exam & imaging,kept,27.6,16.5,84.74,Corporate plan,PT-1454
APT-002514,2025-03-18,16:07,16,Dr. Almeida,Hygiene recall,kept,49.3,8.8,134.3,Private,PT-2297
APT-002528,2025-03-18,16:25,16,Dr. Benitez,Exam & imaging,kept,20.9,8.7,99.16,Private,PT-1953
APT-002505,2025-03-18,16:30,16,Dr. Benitez,Exam & imaging,kept,22.9,20.5,84.56,Private,PT-2412
APT-002516,2025-03-18,16:54,16,Dr. Almeida,Physio session,cancelled,37.3,8.9,12.05,Private,PT-1342
APT-002523,2025-03-18,16:59,16,Dr. Almeida,Hygiene recall,kept,40.8,8.8,111.29,Insurance,PT-1899
APT-002517,2025-03-18,17:09,17,Dr. Benitez,Physio session,kept,43.3,19.6,86.62,Corporate plan,PT-1353
APT-002538,2025-03-18,17:56,17,"M. Ellis, PT",Hygiene recall,kept,39.1,12.0,146.06,Private,PT-1375
APT-002557,2025-03-19,09:12,9,"K. Duarte, PT",Physio session,kept,34.5,5.9,103.57,Private,PT-3107
APT-002545,2025-03-19,09:36,9,"M. Ellis, PT",Root canal,kept,79.9,4.2,539.98,Insurance,PT-1066
APT-002552,2025-03-19,09:40,9,"K. Duarte, PT",Filling,kept,45.0,4.1,181.76,Insurance,PT-2368
APT-002556,2025-03-19,09:47,9,"K. Duarte, PT",Exam & imaging,kept,32.3,5.3,80.57,Insurance,PT-1595
APT-002558,2025-03-19,09:54,9,Dr. Benitez,Physio session,kept,25.1,8.6,81.25,Insurance,PT-1987
APT-002576,2025-03-19,10:24,10,"K. Duarte, PT",Filling,kept,41.7,13.8,135.81,Public scheme,PT-1868
APT-002566,2025-03-19,10:29,10,Dr. Benitez,Hygiene recall,kept,37.1,5.5,159.44,Private,PT-2112
APT-002568,2025-03-19,10:31,10,Dr. Almeida,Hygiene recall,kept,51.8,6.8,129.97,Insurance,PT-3142
APT-002559,2025-03-19,10:43,10,Dr. Almeida,Hygiene recall,cancelled,42.7,4.5,12.06,Corporate plan,PT-1564
APT-002561,2025-03-19,10:44,10,Dr. Almeida,Physio session,rescheduled,39.5,2.9,0.0,Private,PT-1765
APT-002539,2025-03-19,10:55,10,Dr. Benitez,Exam & imaging,kept,31.3,4.4,87.34,Insurance,PT-1647
APT-002555,2025-03-19,10:56,10,"K. Duarte, PT",Physio assessment,kept,43.9,3.2,128.24,Corporate plan,PT-2884
APT-002572,2025-03-19,11:01,11,Dr. Almeida,Exam & imaging,kept,21.9,6.3,107.34,Private,PT-2700
APT-002569,2025-03-19,11:19,11,"M. Ellis, PT",Hygiene recall,kept,42.7,10.1,134.35,Private,PT-1604
APT-002542,2025-03-19,11:21,11,"M. Ellis, PT",Exam & imaging,kept,26.8,8.1,84.68,Insurance,PT-1291
APT-002549,2025-03-19,11:28,11,Dr. Almeida,Physio session,kept,39.7,7.7,106.83,Private,PT-1506
APT-002541,2025-03-19,11:46,11,"K. Duarte, PT",Physio session,kept,40.1,4.8,98.75,Private,PT-2380
APT-002574,2025-03-19,11:50,11,"K. Duarte, PT",Exam & imaging,kept,17.5,5.2,77.77,Insurance,PT-1070
APT-002565,2025-03-19,12:56,12,Dr. Almeida,Filling,kept,40.1,4.5,200.27,Private,PT-1712
APT-002564,2025-03-19,12:57,12,Dr. Almeida,Filling,kept,57.9,8.8,181.7,Insurance,PT-2302
APT-002563,2025-03-19,13:03,13,"M. Ellis, PT",Crown fit,kept,59.0,12.5,800.43,Insurance,PT-3130
APT-002547,2025-03-19,13:22,13,Dr. Almeida,Physio assessment,cancelled,66.0,12.7,15.92,Insurance,PT-3196
APT-002560,2025-03-19,13:22,13,"M. Ellis, PT",Root canal,kept,82.2,11.9,499.6,Insurance,PT-2937
APT-002544,2025-03-19,13:27,13,"K. Duarte, PT",Hygiene recall,cancelled,41.3,7.8,15.88,Insurance,PT-2083
APT-002570,2025-03-19,13:39,13,Dr. Almeida,Exam & imaging,kept,29.8,10.1,81.44,Private,PT-2493
APT-002567,2025-03-19,13:52,13,Dr. Almeida,Crown fit,kept,53.8,13.7,544.36,Public scheme,PT-1995
APT-002571,2025-03-19,14:13,14,Dr. Faber,Follow-up consult,kept,23.2,9.5,58.99,Insurance,PT-2578
APT-002548,2025-03-19,14:20,14,"K. Duarte, PT",Filling,kept,27.5,9.1,141.02,Public scheme,PT-2700
APT-002551,2025-03-19,14:39,14,Dr. Almeida,Hygiene recall,kept,41.1,19.0,129.47,Insurance,PT-1896
APT-002554,2025-03-19,14:46,14,Dr. Benitez,Exam & imaging,cancelled,17.2,11.3,9.18,Insurance,PT-3033
APT-002573,2025-03-19,15:01,15,Dr. Benitez,Hygiene recall,rescheduled,38.9,8.4,0.0,Private,PT-1846
APT-002562,2025-03-19,15:38,15,Dr. Almeida,Hygiene recall,kept,45.1,9.3,110.82,Insurance,PT-2004
APT-002543,2025-03-19,15:54,15,"K. Duarte, PT",Physio session,kept,54.3,15.9,84.5,Corporate plan,PT-1336
APT-002546,2025-03-19,16:06,16,"K. Duarte, PT",Exam & imaging,kept,31.1,13.9,72.06,Corporate plan,PT-2251
APT-002550,2025-03-19,16:11,16,"K. Duarte, PT",Hygiene recall,kept,44.4,18.9,113.36,Insurance,PT-2313
APT-002553,2025-03-19,16:30,16,"K. Duarte, PT",Filling,kept,48.3,13.2,223.01,Private,PT-2284
APT-002540,2025-03-19,16:34,16,Dr. Almeida,Filling,kept,49.7,29.1,181.2,Corporate plan,PT-2661
APT-002575,2025-03-19,16:46,16,Dr. Almeida,Physio assessment,kept,47.2,9.1,153.85,Private,PT-1915
APT-002615,2025-03-20,08:58,8,Dr. Benitez,Follow-up consult,cancelled,21.0,10.6,5.12,Public scheme,PT-1348
APT-002610,2025-03-20,08:59,8,Dr. Almeida,Physio session,kept,41.6,6.0,70.56,Public scheme,PT-1878
APT-002614,2025-03-20,09:08,9,Dr. Benitez,Hygiene recall,rescheduled,42.4,3.3,0.0,Private,PT-2779
APT-002613,2025-03-20,09:10,9,Dr. Chandra,Hygiene recall,kept,44.7,4.7,116.71,Insurance,PT-1674
APT-002608,2025-03-20,09:11,9,Dr. Benitez,Hygiene recall,kept,39.1,11.0,96.54,Corporate plan,PT-1461
APT-002609,2025-03-20,09:37,9,Dr. Almeida,Physio session,kept,35.4,21.9,78.35,Corporate plan,PT-2880
APT-002592,2025-03-20,10:19,10,"K. Duarte, PT",Hygiene recall,cancelled,47.7,3.3,11.44,Corporate plan,PT-2224
APT-002604,2025-03-20,11:08,11,"M. Ellis, PT",Physio assessment,kept,58.0,2.7,149.88,Insurance,PT-1570
APT-002593,2025-03-20,11:10,11,"K. Duarte, PT",Physio session,kept,46.9,4.3,108.86,Insurance,PT-2969
APT-002594,2025-03-20,11:24,11,Dr. Almeida,Exam & imaging,kept,26.0,4.7,70.97,Insurance,PT-2733
APT-002602,2025-03-20,11:44,11,Dr. Almeida,Crown fit,kept,66.6,9.5,705.27,Corporate plan,PT-1924
APT-002607,2025-03-20,11:44,11,Dr. Almeida,Hygiene recall,kept,43.4,7.1,102.25,Insurance,PT-1178
APT-002583,2025-03-20,11:47,11,Dr. Benitez,Exam & imaging,rescheduled,26.5,18.3,0.0,Private,PT-2140
APT-002577,2025-03-20,12:02,12,"K. Duarte, PT",Physio assessment,kept,55.3,13.0,107.61,Insurance,PT-2640
APT-002582,2025-03-20,12:28,12,"K. Duarte, PT",Exam & imaging,kept,16.3,8.1,72.79,Corporate plan,PT-1817
APT-002590,2025-03-20,12:34,12,Dr. Almeida,Crown fit,kept,61.0,6.8,983.36,Private,PT-1687
APT-002588,2025-03-20,13:02,13,"K. Duarte, PT",Physio session,cancelled,34.3,12.1,10.75,Corporate plan,PT-1958
APT-002586,2025-03-20,13:14,13,Dr. Chandra,Hygiene recall,kept,57.9,9.0,120.31,Insurance,PT-2008
APT-002581,2025-03-20,13:40,13,"M. Ellis, PT",Hygiene recall,kept,49.2,23.4,109.88,Insurance,PT-1891
APT-002611,2025-03-20,13:47,13,Dr. Almeida,Exam & imaging,kept,14.7,22.5,73.2,Insurance,PT-2383
APT-002585,2025-03-20,14:06,14,Dr. Faber,Filling,kept,53.2,11.8,191.37,Insurance,PT-2232
APT-002596,2025-03-20,14:06,14,Dr. Faber,Physio assessment,kept,53.9,15.3,114.16,Corporate plan,PT-1750
APT-002606,2025-03-20,14:16,14,"K. Duarte, PT",Physio session,no_show,40.9,10.2,0.0,Private,PT-3080
APT-002612,2025-03-20,14:23,14,Dr. Almeida,Physio session,kept,40.4,9.6,58.97,Public scheme,PT-1641
APT-002579,2025-03-20,14:40,14,"M. Ellis, PT",Hygiene recall,kept,34.3,8.8,115.54,Insurance,PT-2994
APT-002598,2025-03-20,14:41,14,"K. Duarte, PT",Exam & imaging,kept,20.0,13.4,66.45,Corporate plan,PT-1597
APT-002584,2025-03-20,14:44,14,Dr. Almeida,Hygiene recall,kept,50.8,8.3,138.9,Private,PT-1081
APT-002616,2025-03-20,14:48,14,Dr. Benitez,Physio session,no_show,40.1,16.3,0.0,Private,PT-2461
APT-002605,2025-03-20,15:14,15,"M. Ellis, PT",Hygiene recall,kept,49.8,11.3,147.65,Private,PT-2211
APT-002587,2025-03-20,15:34,15,"M. Ellis, PT",Physio session,kept,25.2,9.7,110.76,Private,PT-2200
APT-002578,2025-03-20,15:45,15,Dr. Almeida,Hygiene recall,kept,50.2,9.6,152.6,Private,PT-1467
APT-002589,2025-03-20,15:45,15,Dr. Faber,Exam & imaging,kept,25.5,10.5,69.19,Corporate plan,PT-3169
APT-002591,2025-03-20,15:45,15,"M. Ellis, PT",Hygiene recall,kept,55.1,10.5,106.38,Insurance,PT-3155
APT-002600,2025-03-20,15:52,15,Dr. Benitez,Hygiene recall,kept,36.5,16.6,124.52,Insurance,PT-2401
APT-002601,2025-03-20,16:11,16,Dr. Almeida,Physio session,kept,40.0,16.0,90.23,Insurance,PT-3107
APT-002595,2025-03-20,16:32,16,Dr. Almeida,Physio assessment,kept,39.5,20.8,169.0,Private,PT-1157
APT-002580,2025-03-20,16:53,16,Dr. Faber,Hygiene recall,kept,53.9,13.1,137.43,Private,PT-1172
APT-002597,2025-03-20,17:28,17,Dr. Benitez,Crown fit,kept,60.9,11.5,742.85,Corporate plan,PT-1393
APT-002599,2025-03-20,17:37,17,Dr. Faber,Exam & imaging,rescheduled,46.7,11.8,0.0,Corporate plan,PT-2005
APT-002603,2025-03-20,17:51,17,Dr. Chandra,Hygiene recall,kept,45.2,8.8,118.21,Insurance,PT-2674
APT-002659,2025-03-21,08:16,8,"K. Duarte, PT",Exam & imaging,kept,29.6,8.1,66.2,Corporate plan,PT-1887
APT-002662,2025-03-21,09:05,9,Dr. Chandra,Crown fit,kept,70.9,9.1,827.94,Insurance,PT-1970
APT-002629,2025-03-21,09:36,9,Dr. Almeida,Root canal,kept,83.7,7.8,560.59,Insurance,PT-2876
APT-002638,2025-03-21,09:39,9,"K. Duarte, PT",Follow-up consult,kept,29.4,9.3,58.61,Insurance,PT-3158
APT-002643,2025-03-21,09:42,9,Dr. Almeida,Exam & imaging,kept,19.9,13.3,73.92,Insurance,PT-2294
APT-002655,2025-03-21,10:04,10,Dr. Almeida,Exam & imaging,rescheduled,28.7,7.0,0.0,Insurance,PT-2104
APT-002632,2025-03-21,10:07,10,Dr. Benitez,Filling,cancelled,54.0,7.5,19.6,Insurance,PT-2887
APT-002652,2025-03-21,10:08,10,Dr. Chandra,Hygiene recall,kept,47.2,8.2,145.78,Private,PT-2507
APT-002649,2025-03-21,10:12,10,Dr. Almeida,Root canal,kept,86.1,8.3,659.3,Private,PT-1034
APT-002653,2025-03-21,10:14,10,Dr. Almeida,Filling,kept,51.8,10.3,234.82,Private,PT-1081
APT-002642,2025-03-21,10:21,10,Dr. Almeida,Physio assessment,kept,53.5,2.8,89.42,Public scheme,PT-1885
APT-002619,2025-03-21,10:39,10,"M. Ellis, PT",Filling,kept,44.5,3.1,167.4,Insurance,PT-2838
APT-002618,2025-03-21,11:10,11,Dr. Benitez,Hygiene recall,kept,43.6,17.3,115.25,Insurance,PT-1271
APT-002620,2025-03-21,11:12,11,"K. Duarte, PT",Root canal,kept,77.0,8.1,492.62,Insurance,PT-1283
APT-002640,2025-03-21,11:16,11,"M. Ellis, PT",Filling,kept,53.2,10.3,183.06,Insurance,PT-1646
APT-002654,2025-03-21,11:16,11,Dr. Faber,Physio session,kept,40.0,8.6,102.96,Private,PT-1153
APT-002633,2025-03-21,11:26,11,"K. Duarte, PT",Hygiene recall,rescheduled,51.3,6.0,0.0,Corporate plan,PT-1085
APT-002661,2025-03-21,11:29,11,Dr. Almeida,Crown fit,kept,64.2,7.2,768.78,Insurance,PT-2778
APT-002644,2025-03-21,11:34,11,"K. Duarte, PT",Physio assessment,kept,42.0,4.7,145.83,Insurance,PT-1276
APT-002622,2025-03-21,11:45,11,Dr. Benitez,Hygiene recall,kept,38.1,9.1,112.7,Private,PT-1289
APT-002647,2025-03-21,11:55,11,"K. Duarte, PT",Hygiene recall,kept,52.8,4.5,130.58,Private,PT-2272
APT-002636,2025-03-21,11:57,11,"K. Duarte, PT",Hygiene recall,kept,32.3,10.7,107.67,Insurance,PT-2431
APT-002657,2025-03-21,12:45,12,"M. Ellis, PT",Exam & imaging,kept,19.5,4.3,98.52,Private,PT-1333
APT-002650,2025-03-21,12:54,12,"K. Duarte, PT",Exam & imaging,cancelled,23.7,16.4,9.76,Private,PT-1261
APT-002626,2025-03-21,12:56,12,Dr. Almeida,Exam & imaging,no_show,43.5,9.3,0.0,Insurance,PT-1829
APT-002639,2025-03-21,13:49,13,Dr. Benitez,Filling,kept,36.2,17.2,227.08,Private,PT-1296
APT-002656,2025-03-21,13:57,13,Dr. Faber,Exam & imaging,kept,22.6,11.1,81.57,Insurance,PT-1390
APT-002628,2025-03-21,14:14,14,"K. Duarte, PT",Crown fit,kept,73.8,11.3,816.74,Insurance,PT-2678
APT-002663,2025-03-21,14:37,14,Dr. Almeida,Hygiene recall,rescheduled,41.5,11.4,0.0,Private,PT-2849
APT-002658,2025-03-21,14:51,14,Dr. Benitez,Exam & imaging,kept,28.8,11.3,59.53,Public scheme,PT-2981
APT-002627,2025-03-21,14:52,14,Dr. Benitez,Follow-up consult,kept,8.0,10.9,55.58,Insurance,PT-2129
APT-002634,2025-03-21,14:59,14,"M. Ellis, PT",Hygiene recall,kept,42.8,11.9,137.91,Private,PT-1958
APT-002660,2025-03-21,15:02,15,Dr. Benitez,Filling,rescheduled,33.5,14.6,0.0,Insurance,PT-1788
APT-002645,2025-03-21,15:10,15,Dr. Chandra,Exam & imaging,kept,16.8,10.5,82.87,Insurance,PT-2115
APT-002631,2025-03-21,15:16,15,"M. Ellis, PT",Physio session,kept,31.1,11.2,79.64,Insurance,PT-2070
APT-002646,2025-03-21,15:16,15,"K. Duarte, PT",Physio assessment,kept,50.5,9.7,115.87,Insurance,PT-1396
APT-002648,2025-03-21,15:35,15,Dr. Chandra,Follow-up consult,kept,16.7,11.8,59.07,Insurance,PT-1775
APT-002630,2025-03-21,15:36,15,Dr. Almeida,Crown fit,kept,72.5,10.2,565.74,Public scheme,PT-3195
APT-002617,2025-03-21,15:45,15,Dr. Faber,Hygiene recall,kept,44.8,9.6,92.72,Public scheme,PT-2421
APT-002637,2025-03-21,16:07,16,Dr. Chandra,Physio session,kept,44.3,9.0,116.79,Private,PT-2101
APT-002623,2025-03-21,16:13,16,"M. Ellis, PT",Physio assessment,kept,55.6,10.4,119.02,Corporate plan,PT-1286
APT-002651,2025-03-21,16:19,16,Dr. Benitez,Exam & imaging,kept,22.7,8.3,95.68,Private,PT-2530
APT-002641,2025-03-21,16:39,16,"K. Duarte, PT",Hygiene recall,kept,52.1,10.3,115.57,Insurance,PT-2127
APT-002621,2025-03-21,16:47,16,Dr. Almeida,Physio session,kept,48.5,10.2,73.83,Corporate plan,PT-3153
APT-002624,2025-03-21,17:04,17,Dr. Chandra,Filling,kept,41.4,13.6,178.38,Insurance,PT-1849
APT-002625,2025-03-21,17:24,17,Dr. Almeida,Hygiene recall,kept,47.7,12.9,109.79,Insurance,PT-2045
APT-002635,2025-03-21,17:41,17,"K. Duarte, PT",Filling,no_show,51.0,10.1,0.0,Corporate plan,PT-1166
APT-002679,2025-03-22,08:01,8,"M. Ellis, PT",Follow-up consult,kept,10.3,6.5,59.88,Insurance,PT-2237
APT-002671,2025-03-22,08:15,8,"M. Ellis, PT",Physio assessment,kept,59.2,8.5,88.55,Public scheme,PT-1110
APT-002668,2025-03-22,10:10,10,"K. Duarte, PT",Physio assessment,kept,60.0,15.6,132.37,Insurance,PT-2866
APT-002673,2025-03-22,10:16,10,"K. Duarte, PT",Hygiene recall,kept,43.3,6.0,114.44,Private,PT-1684
APT-002680,2025-03-22,10:22,10,"M. Ellis, PT",Physio assessment,kept,54.1,4.2,164.15,Private,PT-1726
APT-002672,2025-03-22,10:37,10,"K. Duarte, PT",Hygiene recall,kept,51.4,7.2,114.31,Insurance,PT-1980
APT-002685,2025-03-22,10:45,10,"K. Duarte, PT",Exam & imaging,kept,9.7,7.5,78.28,Insurance,PT-2927
APT-002666,2025-03-22,10:48,10,"K. Duarte, PT",Exam & imaging,cancelled,8.0,4.6,10.29,Insurance,PT-2434
APT-002683,2025-03-22,10:49,10,"K. Duarte, PT",Hygiene recall,no_show,51.9,7.2,0.0,Insurance,PT-2950
APT-002674,2025-03-22,11:01,11,"M. Ellis, PT",Hygiene recall,kept,44.5,12.5,138.91,Private,PT-1488
APT-002687,2025-03-22,11:07,11,"K. Duarte, PT",Filling,rescheduled,32.6,7.4,0.0,Insurance,PT-1441
APT-002682,2025-03-22,11:30,11,"K. Duarte, PT",Filling,kept,51.2,11.1,209.23,Private,PT-1512
APT-002678,2025-03-22,11:51,11,"M. Ellis, PT",Physio session,rescheduled,41.4,17.1,0.0,Insurance,PT-1817
APT-002677,2025-03-22,12:26,12,"M. Ellis, PT",Crown fit,kept,60.0,6.3,766.98,Insurance,PT-2499
APT-002670,2025-03-22,14:19,14,"M. Ellis, PT",Hygiene recall,no_show,48.5,11.4,0.0,Insurance,PT-1261
APT-002665,2025-03-22,14:21,14,"M. Ellis, PT",Filling,kept,42.7,14.6,130.53,Public scheme,PT-1456
APT-002686,2025-03-22,15:08,15,"K. Duarte, PT",Exam & imaging,kept,23.4,10.8,79.74,Insurance,PT-1632
APT-002669,2025-03-22,15:16,15,"K. Duarte, PT",Filling,kept,51.6,11.6,196.48,Insurance,PT-2383
APT-002667,2025-03-22,15:20,15,"M. Ellis, PT",Hygiene recall,kept,46.7,8.3,144.48,Private,PT-2384
APT-002676,2025-03-22,15:55,15,"K. Duarte, PT",Filling,no_show,53.0,15.6,0.0,Private,PT-1518
APT-002681,2025-03-22,16:23,16,"M. Ellis, PT",Exam & imaging,kept,21.8,8.7,93.92,Private,PT-2414
APT-002675,2025-03-22,16:27,16,"K. Duarte, PT",Physio assessment,kept,45.3,10.2,120.08,Insurance,PT-2123
APT-002664,2025-03-22,17:02,17,"M. Ellis, PT",Physio session,kept,30.1,12.4,119.98,Private,PT-2954
APT-002684,2025-03-22,17:50,17,"K. Duarte, PT",Hygiene recall,cancelled,42.4,9.8,14.42,Insurance,PT-2006
APT-002738,2025-03-24,08:41,8,Dr. Almeida,Exam & imaging,kept,26.9,3.0,54.4,Public scheme,PT-3131
APT-002705,2025-03-24,08:54,8,"K. Duarte, PT",Physio session,kept,29.5,17.5,90.54,Insurance,PT-1435
APT-002715,2025-03-24,09:19,9,Dr. Almeida,Hygiene recall,kept,55.5,16.8,118.21,Insurance,PT-2648
APT-002712,2025-03-24,09:36,9,Dr. Almeida,Filling,kept,49.0,4.2,211.96,Private,PT-2696
APT-002722,2025-03-24,09:39,9,Dr. Chandra,Physio session,kept,31.4,7.3,76.26,Corporate plan,PT-2708
APT-002728,2025-03-24,09:50,9,"K. Duarte, PT",Hygiene recall,kept,57.5,3.4,118.5,Private,PT-2059
APT-002699,2025-03-24,09:54,9,"K. Duarte, PT",Physio assessment,cancelled,40.5,5.9,16.18,Insurance,PT-2807
APT-002723,2025-03-24,09:55,9,Dr. Chandra,Exam & imaging,rescheduled,24.8,5.2,0.0,Insurance,PT-1025
APT-002695,2025-03-24,09:57,9,Dr. Almeida,Hygiene recall,kept,32.6,3.7,107.74,Insurance,PT-2384
APT-002735,2025-03-24,10:08,10,Dr. Chandra,Hygiene recall,kept,55.0,15.4,120.78,Private,PT-2124
APT-002704,2025-03-24,10:11,10,Dr. Chandra,Filling,kept,50.7,4.1,180.13,Insurance,PT-1893
APT-002710,2025-03-24,10:12,10,Dr. Almeida,Physio assessment,kept,49.0,9.2,119.6,Insurance,PT-2226
APT-002688,2025-03-24,10:19,10,"K. Duarte, PT",Filling,cancelled,54.0,5.6,22.7,Insurance,PT-3067
APT-002721,2025-03-24,10:40,10,Dr. Almeida,Exam & imaging,kept,17.3,4.8,93.96,Private,PT-2247
APT-002689,2025-03-24,10:53,10,Dr. Almeida,Exam & imaging,kept,16.4,6.4,81.96,Insurance,PT-1052
APT-002739,2025-03-24,11:09,11,Dr. Chandra,Follow-up consult,kept,30.5,5.5,58.87,Corporate plan,PT-2356
APT-002691,2025-03-24,11:11,11,"K. Duarte, PT",Crown fit,kept,65.0,5.1,817.47,Insurance,PT-2441
APT-002724,2025-03-24,11:32,11,Dr. Benitez,Physio session,rescheduled,43.5,7.4,0.0,Insurance,PT-3164
APT-002731,2025-03-24,11:42,11,Dr. Benitez,Exam & imaging,kept,23.2,6.3,88.19,Insurance,PT-1758
APT-002713,2025-03-24,11:50,11,"K. Duarte, PT",Exam & imaging,kept,24.6,4.6,80.53,Private,PT-1734
APT-002725,2025-03-24,11:54,11,Dr. Almeida,Physio session,kept,25.5,8.2,86.27,Corporate plan,PT-1610
APT-002737,2025-03-24,12:17,12,Dr. Benitez,Crown fit,kept,49.8,3.1,809.22,Insurance,PT-3068
APT-002696,2025-03-24,12:39,12,"K. Duarte, PT",Physio session,kept,51.5,12.0,86.8,Insurance,PT-2744
APT-002729,2025-03-24,12:56,12,Dr. Almeida,Filling,cancelled,30.6,9.0,26.13,Private,PT-1722
APT-002692,2025-03-24,13:09,13,"K. Duarte, PT",Physio assessment,kept,50.2,11.6,121.22,Insurance,PT-1099
APT-002698,2025-03-24,13:16,13,Dr. Benitez,Follow-up consult,kept,8.0,9.5,38.41,Public scheme,PT-1533
APT-002701,2025-03-24,13:16,13,Dr. Chandra,Follow-up consult,kept,18.2,15.4,67.21,Private,PT-2361
APT-002697,2025-03-24,13:25,13,Dr. Benitez,Physio session,kept,41.6,11.6,85.98,Insurance,PT-3143
APT-002732,2025-03-24,13:52,13,Dr. Chandra,Exam & imaging,kept,20.2,17.4,79.47,Insurance,PT-2054
APT-002702,2025-03-24,14:32,14,Dr. Almeida,Hygiene recall,kept,39.5,10.7,121.91,Insurance,PT-2481
APT-002706,2025-03-24,14:37,14,Dr. Benitez,Filling,kept,50.8,8.5,141.66,Public scheme,PT-2475
APT-002694,2025-03-24,14:44,14,"K. Duarte, PT",Follow-up consult,rescheduled,19.3,11.4,0.0,Insurance,PT-2585
APT-002703,2025-03-24,15:03,15,Dr. Almeida,Hygiene recall,kept,48.7,12.1,116.29,Insurance,PT-1878
APT-002693,2025-03-24,15:09,15,Dr. Almeida,Physio session,no_show,29.5,13.0,0.0,Private,PT-3135
APT-002720,2025-03-24,15:21,15,Dr. Chandra,Physio session,kept,40.5,11.2,97.7,Insurance,PT-1896
APT-002716,2025-03-24,15:23,15,Dr. Chandra,Exam & imaging,kept,17.4,9.3,59.85,Public scheme,PT-1678
APT-002730,2025-03-24,15:40,15,"K. Duarte, PT",Root canal,cancelled,84.4,10.5,72.21,Private,PT-1502
APT-002717,2025-03-24,15:42,15,Dr. Chandra,Hygiene recall,kept,45.5,14.4,85.05,Public scheme,PT-2177
APT-002708,2025-03-24,16:10,16,Dr. Almeida,Physio session,kept,40.5,10.4,87.74,Insurance,PT-3096
APT-002707,2025-03-24,16:19,16,Dr. Almeida,Filling,kept,47.9,13.2,237.79,Private,PT-3106
APT-002734,2025-03-24,16:19,16,Dr. Almeida,Physio assessment,kept,48.9,19.4,165.43,Private,PT-1584
APT-002718,2025-03-24,16:34,16,Dr. Chandra,Root canal,kept,78.5,12.1,409.94,Public scheme,PT-2451
APT-002727,2025-03-24,16:34,16,Dr. Chandra,Filling,kept,55.3,10.3,183.01,Insurance,PT-1593
APT-002714,2025-03-24,16:38,16,Dr. Benitez,Physio assessment,kept,58.6,9.6,118.11,Insurance,PT-1459
APT-002711,2025-03-24,16:40,16,Dr. Almeida,Filling,kept,27.7,11.8,124.27,Public scheme,PT-2977
APT-002736,2025-03-24,16:41,16,"K. Duarte, PT",Physio assessment,kept,62.8,11.2,125.11,Insurance,PT-1560
APT-002719,2025-03-24,16:48,16,"K. Duarte, PT",Exam & imaging,kept,25.1,9.8,69.08,Corporate plan,PT-2811
APT-002733,2025-03-24,16:54,16,"K. Duarte, PT",Exam & imaging,kept,28.3,22.4,93.16,Private,PT-1039
APT-002709,2025-03-24,16:56,16,Dr. Benitez,Filling,kept,42.6,11.6,222.66,Private,PT-3070
APT-002700,2025-03-24,17:50,17,Dr. Benitez,Physio session,kept,46.9,12.1,99.81,Private,PT-1421
APT-002726,2025-03-24,17:50,17,Dr. Almeida,Hygiene recall,no_show,42.7,11.1,0.0,Public scheme,PT-1047
APT-002690,2025-03-24,17:53,17,Dr. Almeida,Filling,kept,50.2,16.0,180.64,Insurance,PT-2627
APT-002741,2025-03-25,08:17,8,"M. Ellis, PT",Exam & imaging,kept,10.9,16.0,85.68,Insurance,PT-1199
APT-002775,2025-03-25,08:27,8,"K. Duarte, PT",Hygiene recall,kept,41.5,21.4,98.86,Corporate plan,PT-2400
APT-002754,2025-03-25,09:04,9,Dr. Chandra,Hygiene recall,kept,46.3,5.6,115.51,Insurance,PT-1057
APT-002755,2025-03-25,09:15,9,"K. Duarte, PT",Hygiene recall,kept,34.5,2.9,110.64,Insurance,PT-2371
APT-002747,2025-03-25,09:19,9,"K. Duarte, PT",Physio assessment,cancelled,62.5,4.8,17.06,Private,PT-2315
APT-002763,2025-03-25,09:35,9,"M. Ellis, PT",Filling,no_show,55.0,4.6,0.0,Corporate plan,PT-1735
APT-002757,2025-03-25,09:44,9,Dr. Benitez,Exam & imaging,kept,18.0,3.5,74.1,Private,PT-1743
APT-002742,2025-03-25,09:49,9,"M. Ellis, PT",Hygiene recall,kept,37.0,11.1,118.38,Insurance,PT-1830
APT-002779,2025-03-25,10:08,10,Dr. Almeida,Root canal,kept,85.6,20.5,608.6,Private,PT-2183
APT-002740,2025-03-25,10:23,10,Dr. Almeida,Hygiene recall,kept,46.5,8.8,119.43,Insurance,PT-1425
APT-002773,2025-03-25,10:24,10,"K. Duarte, PT",Exam & imaging,cancelled,8.0,6.1,10.52,Private,PT-1926
APT-002782,2025-03-25,10:30,10,Dr. Chandra,Hygiene recall,kept,43.5,6.0,117.33,Insurance,PT-2130
APT-002743,2025-03-25,10:34,10,"M. Ellis, PT",Hygiene recall,no_show,35.5,4.4,0.0,Public scheme,PT-1699
APT-002764,2025-03-25,10:43,10,Dr. Chandra,Crown fit,cancelled,55.0,5.9,102.86,Private,PT-3018
APT-002765,2025-03-25,10:44,10,Dr. Almeida,Physio assessment,kept,47.9,4.9,171.66,Private,PT-2357
APT-002745,2025-03-25,10:59,10,"K. Duarte, PT",Root canal,kept,86.2,4.9,583.77,Insurance,PT-3039
APT-002746,2025-03-25,11:02,11,Dr. Benitez,Hygiene recall,no_show,45.9,5.9,0.0,Public scheme,PT-1364
APT-002750,2025-03-25,11:02,11,"M. Ellis, PT",Hygiene recall,cancelled,60.5,4.4,16.42,Private,PT-1353
APT-002759,2025-03-25,11:04,11,"K. Duarte, PT",Exam & imaging,kept,22.8,6.1,87.16,Insurance,PT-2949
APT-002751,2025-03-25,11:07,11,"M. Ellis, PT",Root canal,kept,77.8,6.1,532.53,Insurance,PT-1965
APT-002744,2025-03-25,11:09,11,Dr. Almeida,Physio session,kept,38.0,4.8,72.73,Public scheme,PT-2015
APT-002749,2025-03-25,11:10,11,Dr. Benitez,Physio session,kept,43.8,8.1,65.27,Public scheme,PT-2407
APT-002761,2025-03-25,11:25,11,Dr. Benitez,Hygiene recall,kept,36.3,20.7,103.1,Insurance,PT-2744
APT-002748,2025-03-25,11:27,11,Dr. Benitez,Follow-up consult,kept,24.5,5.1,67.14,Insurance,PT-2720
APT-002780,2025-03-25,11:57,11,Dr. Benitez,Crown fit,kept,68.9,4.7,749.76,Insurance,PT-1400
APT-002771,2025-03-25,12:09,12,Dr. Chandra,Hygiene recall,kept,45.5,7.3,100.06,Corporate plan,PT-1398
APT-002762,2025-03-25,13:16,13,Dr. Benitez,Physio assessment,kept,47.7,10.1,124.83,Corporate plan,PT-2009
APT-002756,2025-03-25,14:13,14,Dr. Benitez,Follow-up consult,kept,14.7,8.8,43.34,Public scheme,PT-1052
APT-002777,2025-03-25,14:18,14,Dr. Chandra,Physio assessment,kept,58.5,8.2,155.58,Insurance,PT-2891
APT-002776,2025-03-25,14:19,14,Dr. Almeida,Exam & imaging,kept,32.5,15.8,94.82,Private,PT-2956
APT-002769,2025-03-25,14:25,14,Dr. Almeida,Follow-up consult,kept,17.1,9.0,58.81,Insurance,PT-1724
APT-002768,2025-03-25,14:45,14,"M. Ellis, PT",Crown fit,kept,64.4,14.7,687.37,Insurance,PT-2814
APT-002778,2025-03-25,15:02,15,Dr. Almeida,Filling,kept,44.0,14.0,192.34,Insurance,PT-2665
APT-002758,2025-03-25,15:03,15,Dr. Benitez,Hygiene recall,kept,46.4,25.9,138.72,Private,PT-2137
APT-002770,2025-03-25,15:16,15,Dr. Chandra,Follow-up consult,kept,27.6,10.6,56.14,Insurance,PT-2713
APT-002753,2025-03-25,15:59,15,Dr. Chandra,Exam & imaging,kept,30.3,9.7,76.91,Insurance,PT-2003
APT-002774,2025-03-25,16:21,16,"K. Duarte, PT",Exam & imaging,no_show,28.0,11.0,0.0,Public scheme,PT-2775
APT-002752,2025-03-25,16:28,16,"K. Duarte, PT",Exam & imaging,kept,15.5,8.0,75.34,Insurance,PT-2830
APT-002772,2025-03-25,16:53,16,Dr. Chandra,Exam & imaging,kept,19.7,8.3,99.12,Private,PT-2804
APT-002781,2025-03-25,16:53,16,Dr. Chandra,Filling,kept,34.0,16.0,184.52,Insurance,PT-2810
APT-002766,2025-03-25,17:32,17,Dr. Almeida,Physio session,no_show,41.7,14.1,0.0,Insurance,PT-2650
APT-002760,2025-03-25,17:36,17,Dr. Benitez,Exam & imaging,kept,16.5,18.2,81.02,Insurance,PT-2177
APT-002767,2025-03-25,17:38,17,"K. Duarte, PT",Follow-up consult,kept,13.6,9.8,74.1,Private,PT-1608
APT-002801,2025-03-26,09:04,9,Dr. Benitez,Exam & imaging,kept,24.7,5.9,99.43,Insurance,PT-2850
APT-002815,2025-03-26,09:24,9,"K. Duarte, PT",Physio session,kept,45.1,9.0,97.95,Insurance,PT-1794
APT-002796,2025-03-26,10:01,10,Dr. Almeida,Root canal,kept,73.2,8.5,666.17,Private,PT-2451
APT-002784,2025-03-26,10:10,10,"K. Duarte, PT",Crown fit,kept,61.9,19.8,726.34,Insurance,PT-1988
APT-002783,2025-03-26,10:11,10,"K. Duarte, PT",Crown fit,kept,65.9,3.4,729.73,Corporate plan,PT-2485
APT-002806,2025-03-26,10:14,10,Dr. Benitez,Hygiene recall,cancelled,44.3,15.4,14.94,Private,PT-2683
APT-002799,2025-03-26,10:27,10,Dr. Faber,Follow-up consult,kept,22.7,17.3,52.91,Insurance,PT-2661
APT-002804,2025-03-26,10:42,10,"M. Ellis, PT",Exam & imaging,kept,20.5,5.3,89.1,Private,PT-3058
APT-002811,2025-03-26,10:43,10,Dr. Almeida,Exam & imaging,kept,30.4,13.6,64.81,Corporate plan,PT-1681
APT-002788,2025-03-26,11:36,11,Dr. Faber,Hygiene recall,kept,45.7,6.8,109.08,Corporate plan,PT-1231
APT-002786,2025-03-26,11:45,11,Dr. Benitez,Hygiene recall,kept,44.2,7.2,130.05,Private,PT-1045
APT-002826,2025-03-26,11:58,11,"K. Duarte, PT",Filling,kept,40.5,8.7,196.4,Private,PT-1261
APT-002797,2025-03-26,12:17,12,Dr. Faber,Hygiene recall,kept,48.8,4.2,126.02,Insurance,PT-2286
APT-002807,2025-03-26,12:21,12,Dr. Almeida,Hygiene recall,kept,29.5,16.2,126.54,Insurance,PT-1326
APT-002791,2025-03-26,12:24,12,Dr. Benitez,Hygiene recall,kept,47.0,7.7,123.54,Insurance,PT-3117
APT-002814,2025-03-26,12:25,12,"K. Duarte, PT",Crown fit,kept,62.0,6.5,745.37,Insurance,PT-2032
APT-002820,2025-03-26,12:38,12,Dr. Benitez,Physio session,kept,32.1,5.7,86.76,Corporate plan,PT-1683
APT-002800,2025-03-26,12:42,12,Dr. Benitez,Physio assessment,kept,49.8,9.5,122.13,Insurance,PT-2742
APT-002819,2025-03-26,12:44,12,Dr. Faber,Hygiene recall,kept,48.4,9.2,137.18,Private,PT-1514
APT-002802,2025-03-26,12:54,12,Dr. Faber,Follow-up consult,cancelled,15.7,7.8,6.16,Corporate plan,PT-2093
APT-002810,2025-03-26,12:57,12,Dr. Benitez,Crown fit,kept,60.1,6.7,651.16,Corporate plan,PT-3139
APT-002790,2025-03-26,13:20,13,Dr. Almeida,Physio session,kept,37.5,14.8,86.16,Corporate plan,PT-1335
APT-002813,2025-03-26,13:32,13,Dr. Benitez,Physio assessment,cancelled,59.6,15.5,16.77,Private,PT-2700
APT-002805,2025-03-26,14:18,14,"M. Ellis, PT",Physio session,kept,40.7,15.3,95.37,Insurance,PT-1032
APT-002823,2025-03-26,14:21,14,"K. Duarte, PT",Follow-up consult,kept,31.4,10.7,66.02,Private,PT-2384
APT-002787,2025-03-26,14:26,14,Dr. Almeida,Root canal,rescheduled,80.9,8.5,0.0,Corporate plan,PT-1144
APT-002824,2025-03-26,14:29,14,Dr. Benitez,Filling,kept,46.1,8.6,181.5,Corporate plan,PT-1253
APT-002803,2025-03-26,14:57,14,Dr. Benitez,Physio session,kept,52.4,15.8,116.38,Private,PT-1064
APT-002808,2025-03-26,15:09,15,"M. Ellis, PT",Filling,rescheduled,26.3,11.1,0.0,Private,PT-2052
APT-002817,2025-03-26,15:19,15,"K. Duarte, PT",Crown fit,kept,70.5,23.4,884.56,Private,PT-2984
APT-002809,2025-03-26,15:23,15,Dr. Almeida,Physio assessment,no_show,60.4,15.5,0.0,Public scheme,PT-2634
APT-002816,2025-03-26,15:24,15,Dr. Benitez,Hygiene recall,kept,37.7,9.7,126.87,Private,PT-1783
APT-002798,2025-03-26,15:30,15,Dr. Benitez,Filling,kept,46.7,10.5,199.99,Private,PT-1629
APT-002785,2025-03-26,15:31,15,"K. Duarte, PT",Root canal,kept,74.6,13.6,667.64,Private,PT-1141
APT-002793,2025-03-26,15:35,15,Dr. Almeida,Filling,kept,35.2,13.6,172.95,Corporate plan,PT-2413
APT-002795,2025-03-26,15:45,15,Dr. Almeida,Crown fit,rescheduled,72.0,11.7,0.0,Private,PT-2716
APT-002818,2025-03-26,15:45,15,"M. Ellis, PT",Root canal,kept,79.3,8.2,494.27,Corporate plan,PT-1070
APT-002822,2025-03-26,16:15,16,Dr. Benitez,Filling,kept,45.8,17.0,206.52,Insurance,PT-1156
APT-002825,2025-03-26,16:19,16,Dr. Benitez,Root canal,kept,81.5,8.4,597.44,Insurance,PT-2095
APT-002789,2025-03-26,16:36,16,Dr. Benitez,Physio session,no_show,40.4,13.7,0.0,Private,PT-1240
APT-002821,2025-03-26,16:38,16,Dr. Benitez,Exam & imaging,kept,24.9,8.4,71.08,Insurance,PT-1673
APT-002794,2025-03-26,17:45,17,Dr. Faber,Crown fit,cancelled,62.0,9.0,70.08,Public scheme,PT-1808
APT-002792,2025-03-26,17:50,17,Dr. Faber,Physio session,kept,39.9,11.5,89.68,Insurance,PT-2436
APT-002812,2025-03-26,17:51,17,Dr. Faber,Exam & imaging,kept,17.5,12.9,66.96,Corporate plan,PT-1710
APT-002873,2025-03-27,08:42,8,Dr. Chandra,Physio assessment,kept,50.3,26.1,129.11,Corporate plan,PT-2409
APT-002865,2025-03-27,09:09,9,"K. Duarte, PT",Physio session,rescheduled,34.1,13.4,0.0,Corporate plan,PT-2466
APT-002831,2025-03-27,09:34,9,Dr. Almeida,Exam & imaging,kept,21.4,4.9,70.01,Corporate plan,PT-1287
APT-002867,2025-03-27,09:55,9,"M. Ellis, PT",Filling,no_show,45.3,2.8,0.0,Insurance,PT-2418
APT-002835,2025-03-27,10:06,10,Dr. Almeida,Hygiene recall,kept,36.2,5.1,129.22,Private,PT-1888
APT-002842,2025-03-27,10:25,10,"K. Duarte, PT",Hygiene recall,kept,54.7,6.0,105.86,Insurance,PT-2134
APT-002855,2025-03-27,10:26,10,Dr. Faber,Hygiene recall,kept,35.9,5.6,130.49,Insurance,PT-1841
APT-002846,2025-03-27,10:35,10,"M. Ellis, PT",Physio session,kept,45.8,9.4,106.5,Private,PT-1726
APT-002858,2025-03-27,10:36,10,Dr. Benitez,Hygiene recall,kept,40.8,16.6,116.35,Insurance,PT-2401
APT-002860,2025-03-27,10:46,10,Dr. Almeida,Physio assessment,kept,61.7,6.8,161.62,Private,PT-3003
APT-002859,2025-03-27,10:50,10,Dr. Benitez,Follow-up consult,kept,19.4,15.6,45.81,Public scheme,PT-2596
APT-002845,2025-03-27,11:00,11,Dr. Almeida,Physio session,kept,41.5,5.9,93.33,Corporate plan,PT-2186
APT-002871,2025-03-27,11:03,11,Dr. Benitez,Filling,kept,44.8,5.4,137.56,Public scheme,PT-1025
APT-002868,2025-03-27,11:04,11,Dr. Almeida,Physio assessment,kept,54.1,3.5,142.97,Insurance,PT-1637
APT-002830,2025-03-27,11:12,11,"K. Duarte, PT",Physio session,kept,36.0,7.9,71.7,Insurance,PT-1796
APT-002849,2025-03-27,11:18,11,"M. Ellis, PT",Hygiene recall,kept,33.6,5.9,132.78,Insurance,PT-1426
APT-002863,2025-03-27,11:20,11,Dr. Benitez,Physio assessment,kept,60.7,7.3,150.68,Private,PT-3002
APT-002829,2025-03-27,11:24,11,"K. Duarte, PT",Filling,kept,43.8,4.1,223.42,Private,PT-1643
APT-002864,2025-03-27,11:27,11,Dr. Chandra,Crown fit,kept,55.3,5.7,791.97,Insurance,PT-1784
APT-002851,2025-03-27,11:36,11,"K. Duarte, PT",Hygiene recall,kept,51.7,5.8,97.84,Corporate plan,PT-2726
APT-002847,2025-03-27,11:37,11,Dr. Benitez,Exam & imaging,kept,31.1,3.5,77.9,Insurance,PT-1860
APT-002857,2025-03-27,12:37,12,"M. Ellis, PT",Exam & imaging,cancelled,24.8,4.5,9.19,Insurance,PT-1454
APT-002833,2025-03-27,12:42,12,Dr. Almeida,Hygiene recall,kept,53.8,8.3,125.28,Private,PT-1371
APT-002841,2025-03-27,13:02,13,"K. Duarte, PT",Root canal,kept,73.3,11.4,545.14,Insurance,PT-1395
APT-002866,2025-03-27,13:32,13,"K. Duarte, PT",Follow-up consult,kept,28.3,15.4,70.17,Private,PT-1669
APT-002870,2025-03-27,13:45,13,Dr. Faber,Hygiene recall,kept,46.0,19.7,94.94,Corporate plan,PT-3035
APT-002827,2025-03-27,14:02,14,Dr. Benitez,Exam & imaging,kept,21.3,8.7,62.57,Corporate plan,PT-1096
APT-002843,2025-03-27,14:37,14,Dr. Benitez,Hygiene recall,kept,35.8,11.3,79.25,Public scheme,PT-2342
APT-002836,2025-03-27,14:42,14,"K. Duarte, PT",Exam & imaging,kept,26.6,12.1,90.56,Private,PT-2347
APT-002844,2025-03-27,14:46,14,Dr. Benitez,Exam & imaging,cancelled,20.9,22.2,11.17,Private,PT-1531
APT-002853,2025-03-27,14:56,14,Dr. Chandra,Filling,kept,51.9,22.3,213.89,Private,PT-1223
APT-002850,2025-03-27,15:07,15,Dr. Chandra,Exam & imaging,kept,28.8,8.1,75.54,Insurance,PT-2473
APT-002874,2025-03-27,15:07,15,"K. Duarte, PT",Physio assessment,kept,48.4,9.3,143.75,Insurance,PT-2509
APT-002861,2025-03-27,15:16,15,"K. Duarte, PT",Filling,kept,37.3,15.6,199.48,Insurance,PT-2177
APT-002872,2025-03-27,15:16,15,"K. Duarte, PT",Physio session,kept,39.8,17.2,82.93,Insurance,PT-3065
APT-002875,2025-03-27,15:28,15,"K. Duarte, PT",Exam & imaging,kept,29.6,29.6,82.82,Insurance,PT-2725
APT-002828,2025-03-27,15:29,15,"K. Duarte, PT",Hygiene recall,kept,43.3,17.8,115.2,Insurance,PT-2857
APT-002848,2025-03-27,15:29,15,"M. Ellis, PT",Hygiene recall,cancelled,44.3,10.0,17.46,Private,PT-2793
APT-002856,2025-03-27,15:43,15,"K. Duarte, PT",Physio session,kept,30.5,14.9,79.61,Insurance,PT-1495
APT-002852,2025-03-27,15:56,15,Dr. Benitez,Root canal,kept,64.0,11.4,632.51,Private,PT-3027
APT-002838,2025-03-27,15:58,15,Dr. Almeida,Exam & imaging,kept,33.9,9.8,91.96,Private,PT-2702
APT-002840,2025-03-27,16:11,16,Dr. Chandra,Hygiene recall,kept,46.4,9.7,103.49,Insurance,PT-1128
APT-002832,2025-03-27,16:13,16,Dr. Benitez,Exam & imaging,kept,21.8,14.4,96.13,Private,PT-2622
APT-002839,2025-03-27,16:28,16,"M. Ellis, PT",Filling,kept,39.9,9.4,194.49,Private,PT-1591
APT-002869,2025-03-27,16:30,16,Dr. Chandra,Physio session,kept,50.0,9.2,68.26,Public scheme,PT-1174
APT-002862,2025-03-27,16:46,16,Dr. Benitez,Exam & imaging,rescheduled,31.0,11.9,0.0,Corporate plan,PT-2336
APT-002854,2025-03-27,17:12,17,Dr. Benitez,Exam & imaging,cancelled,22.2,25.5,8.29,Corporate plan,PT-2309
APT-002837,2025-03-27,17:17,17,Dr. Chandra,Hygiene recall,kept,42.5,11.7,132.25,Private,PT-1762
APT-002834,2025-03-27,17:54,17,"M. Ellis, PT",Physio session,kept,40.0,10.7,112.35,Private,PT-1003
APT-002888,2025-03-28,08:29,8,"M. Ellis, PT",Hygiene recall,cancelled,49.5,6.9,14.03,Insurance,PT-1329
APT-002890,2025-03-28,09:05,9,"M. Ellis, PT",Hygiene recall,cancelled,51.2,4.0,13.19,Corporate plan,PT-1665
APT-002896,2025-03-28,09:27,9,"M. Ellis, PT",Physio assessment,cancelled,48.1,4.7,16.49,Insurance,PT-1901
APT-002893,2025-03-28,09:35,9,Dr. Almeida,Physio assessment,kept,55.2,5.1,113.37,Insurance,PT-1313
APT-002895,2025-03-28,09:39,9,Dr. Chandra,Physio assessment,kept,45.5,7.3,122.68,Corporate plan,PT-1072
APT-002885,2025-03-28,10:21,10,Dr. Benitez,Hygiene recall,kept,38.4,9.0,131.83,Private,PT-2335
APT-002892,2025-03-28,10:36,10,"K. Duarte, PT",Physio session,kept,38.6,3.7,87.99,Insurance,PT-1073
APT-002898,2025-03-28,10:40,10,Dr. Chandra,Crown fit,kept,69.1,9.1,787.24,Insurance,PT-1732
APT-002882,2025-03-28,10:41,10,Dr. Faber,Hygiene recall,kept,49.7,5.5,116.57,Private,PT-1670
APT-002891,2025-03-28,11:00,11,"M. Ellis, PT",Exam & imaging,no_show,20.1,4.0,0.0,Insurance,PT-1539
APT-002879,2025-03-28,11:01,11,Dr. Chandra,Crown fit,kept,53.1,29.8,806.86,Insurance,PT-3123
APT-002884,2025-03-28,11:12,11,"K. Duarte, PT",Root canal,kept,83.9,5.3,613.99,Insurance,PT-1164
APT-002894,2025-03-28,11:17,11,"K. Duarte, PT",Exam & imaging,cancelled,28.2,3.3,11.43,Private,PT-3144
APT-002889,2025-03-28,11:36,11,"K. Duarte, PT",Hygiene recall,no_show,43.8,5.3,0.0,Corporate plan,PT-1677
APT-002883,2025-03-28,11:57,11,Dr. Faber,Exam & imaging,kept,17.6,17.1,80.38,Insurance,PT-1621
APT-002881,2025-03-28,12:21,12,Dr. Benitez,Physio assessment,kept,49.6,3.9,131.12,Insurance,PT-2637
APT-002900,2025-03-28,12:22,12,Dr. Chandra,Root canal,kept,78.8,5.1,593.54,Private,PT-2512
APT-002877,2025-03-28,13:06,13,Dr. Faber,Physio assessment,kept,50.9,19.2,139.72,Insurance,PT-1197
APT-002887,2025-03-28,13:24,13,"K. Duarte, PT",Exam & imaging,cancelled,11.5,9.2,8.89,Corporate plan,PT-1405
APT-002876,2025-03-28,14:11,14,"M. Ellis, PT",Physio session,kept,33.7,15.9,109.28,Private,PT-1206
APT-002878,2025-03-28,14:18,14,"M. Ellis, PT",Hygiene recall,kept,49.8,14.3,113.15,Insurance,PT-1978
APT-002886,2025-03-28,14:20,14,"K. Duarte, PT",Filling,kept,50.5,10.4,109.33,Public scheme,PT-1851
APT-002901,2025-03-28,14:39,14,Dr. Faber,Hygiene recall,kept,38.8,16.1,152.49,Private,PT-1085
APT-002899,2025-03-28,15:38,15,Dr. Benitez,Filling,kept,50.2,9.9,231.88,Private,PT-2356
APT-002897,2025-03-28,15:54,15,Dr. Almeida,Physio session,kept,35.9,10.2,65.67,Public scheme,PT-1587
APT-002902,2025-03-28,16:00,16,"M. Ellis, PT",Filling,kept,42.2,11.1,219.97,Private,PT-2650
APT-002880,2025-03-28,16:59,16,"K. Duarte, PT",Physio assessment,kept,63.8,14.3,160.85,Private,PT-1463
APT-002923,2025-03-29,09:01,9,"K. Duarte, PT",Physio session,kept,42.5,4.6,96.85,Insurance,PT-2387
APT-002906,2025-03-29,09:03,9,"K. Duarte, PT",Physio session,kept,39.2,9.3,77.17,Insurance,PT-1895
APT-002919,2025-03-29,09:04,9,"K. Duarte, PT",Physio assessment,kept,60.1,7.7,146.67,Insurance,PT-1794
APT-002928,2025-03-29,09:29,9,"K. Duarte, PT",Physio session,kept,50.0,5.8,107.11,Private,PT-2240
APT-002914,2025-03-29,09:35,9,"M. Ellis, PT",Hygiene recall,kept,42.6,11.3,141.24,Private,PT-2689
APT-002917,2025-03-29,09:53,9,"K. Duarte, PT",Hygiene recall,rescheduled,38.1,6.1,0.0,Private,PT-2005
APT-002922,2025-03-29,10:15,10,"M. Ellis, PT",Hygiene recall,kept,45.2,22.1,115.83,Insurance,PT-2377
APT-002912,2025-03-29,11:23,11,"M. Ellis, PT",Hygiene recall,kept,36.0,3.7,135.51,Private,PT-1077
APT-002916,2025-03-29,11:44,11,"K. Duarte, PT",Exam & imaging,kept,26.8,6.9,73.13,Insurance,PT-2603
APT-002918,2025-03-29,12:38,12,"K. Duarte, PT",Filling,kept,43.1,10.4,238.03,Private,PT-1953
APT-002905,2025-03-29,12:50,12,"K. Duarte, PT",Physio session,kept,37.8,5.6,87.55,Corporate plan,PT-3036
APT-002910,2025-03-29,13:50,13,"K. Duarte, PT",Hygiene recall,kept,41.9,9.3,132.0,Private,PT-3004
APT-002920,2025-03-29,14:41,14,"M. Ellis, PT",Hygiene recall,kept,44.7,23.7,128.19,Private,PT-1460
APT-002926,2025-03-29,14:44,14,"K. Duarte, PT",Filling,rescheduled,45.2,11.4,0.0,Private,PT-1337
APT-002921,2025-03-29,14:45,14,"K. Duarte, PT",Exam & imaging,kept,26.1,10.4,78.91,Corporate plan,PT-2457
APT-002913,2025-03-29,15:09,15,"K. Duarte, PT",Physio assessment,kept,57.0,9.8,86.34,Public scheme,PT-1954
APT-002925,2025-03-29,15:32,15,"M. Ellis, PT",Exam & imaging,kept,19.6,17.3,55.22,Public scheme,PT-2171
APT-002909,2025-03-29,15:46,15,"M. Ellis, PT",Hygiene recall,kept,43.5,16.6,81.41,Public scheme,PT-1540
APT-002908,2025-03-29,15:52,15,"K. Duarte, PT",Hygiene recall,kept,45.3,13.2,112.03,Corporate plan,PT-2343
APT-002904,2025-03-29,16:31,16,"K. Duarte, PT",Physio assessment,kept,52.1,12.6,138.09,Insurance,PT-2193
APT-002907,2025-03-29,16:38,16,"M. Ellis, PT",Hygiene recall,cancelled,44.3,15.5,12.73,Insurance,PT-2269
APT-002915,2025-03-29,16:39,16,"M. Ellis, PT",Physio assessment,kept,58.8,11.0,124.58,Insurance,PT-1698
APT-002924,2025-03-29,16:43,16,"K. Duarte, PT",Exam & imaging,kept,17.4,9.2,63.81,Corporate plan,PT-2679
APT-002927,2025-03-29,17:00,17,"M. Ellis, PT",Physio assessment,kept,54.2,12.5,115.6,Corporate plan,PT-1413
APT-002911,2025-03-29,17:34,17,"K. Duarte, PT",Crown fit,kept,67.1,17.1,855.9,Insurance,PT-2427
APT-002903,2025-03-29,17:53,17,"M. Ellis, PT",Filling,kept,31.0,10.0,188.27,Insurance,PT-1932
APT-002958,2025-03-31,08:31,8,Dr. Chandra,Exam & imaging,kept,33.2,3.6,75.69,Corporate plan,PT-1620
APT-002964,2025-03-31,09:09,9,Dr. Almeida,Exam & imaging,rescheduled,28.8,14.4,0.0,Public scheme,PT-1850
APT-002933,2025-03-31,09:17,9,Dr. Almeida,Physio session,kept,37.0,6.9,115.84,Private,PT-1911
APT-002929,2025-03-31,09:23,9,"K. Duarte, PT",Hygiene recall,kept,42.3,6.3,110.16,Insurance,PT-1901
APT-002983,2025-03-31,09:42,9,"K. Duarte, PT",Physio assessment,kept,54.1,4.6,137.84,Insurance,PT-2531
APT-002949,2025-03-31,09:56,9,Dr. Benitez,Hygiene recall,no_show,47.0,22.6,0.0,Corporate plan,PT-3119
APT-002982,2025-03-31,10:09,10,"K. Duarte, PT",Hygiene recall,rescheduled,37.7,7.4,0.0,Insurance,PT-2758
APT-002945,2025-03-31,10:10,10,Dr. Chandra,Crown fit,kept,70.5,7.4,960.59,Private,PT-2311
APT-002953,2025-03-31,10:14,10,Dr. Almeida,Physio assessment,kept,63.5,6.5,153.74,Private,PT-1566
APT-002986,2025-03-31,10:16,10,Dr. Benitez,Hygiene recall,kept,28.8,5.0,92.17,Corporate plan,PT-1624
APT-002957,2025-03-31,10:30,10,Dr. Benitez,Physio assessment,kept,50.0,4.1,98.92,Public scheme,PT-1063
APT-002970,2025-03-31,10:37,10,"K. Duarte, PT",Filling,kept,36.5,9.8,186.35,Insurance,PT-1583
APT-002963,2025-03-31,10:41,10,Dr. Almeida,Physio session,kept,31.4,2.6,124.64,Private,PT-1364
APT-002969,2025-03-31,10:46,10,Dr. Benitez,Exam & imaging,kept,21.5,8.2,78.38,Insurance,PT-2253
APT-002980,2025-03-31,11:34,11,Dr. Benitez,Physio session,no_show,31.3,17.4,0.0,Private,PT-1037
APT-002943,2025-03-31,11:40,11,Dr. Benitez,Physio session,kept,42.2,3.3,91.53,Insurance,PT-1289
APT-002950,2025-03-31,11:40,11,"K. Duarte, PT",Exam & imaging,kept,28.2,3.2,80.96,Insurance,PT-2233
APT-002968,2025-03-31,11:52,11,Dr. Chandra,Hygiene recall,kept,44.0,7.4,119.97,Private,PT-1244
APT-002962,2025-03-31,12:13,12,Dr. Benitez,Hygiene recall,kept,41.7,5.2,121.99,Corporate plan,PT-1677
APT-002988,2025-03-31,12:18,12,"K. Duarte, PT",Filling,kept,41.6,15.2,172.37,Insurance,PT-1432
APT-002955,2025-03-31,12:31,12,Dr. Benitez,Filling,cancelled,58.4,10.6,22.48,Insurance,PT-2659
APT-002937,2025-03-31,13:00,13,Dr. Chandra,Hygiene recall,cancelled,42.4,12.8,15.18,Private,PT-3180
APT-002973,2025-03-31,13:00,13,"K. Duarte, PT",Physio session,rescheduled,53.4,9.1,0.0,Private,PT-1924
APT-002984,2025-03-31,13:25,13,Dr. Benitez,Hygiene recall,no_show,36.3,19.0,0.0,Public scheme,PT-1344
APT-002947,2025-03-31,13:31,13,Dr. Almeida,Crown fit,kept,65.7,9.0,917.23,Private,PT-2380
APT-002976,2025-03-31,13:33,13,Dr. Benitez,Hygiene recall,kept,46.6,11.2,123.24,Private,PT-2909
APT-002942,2025-03-31,13:35,13,"K. Duarte, PT",Root canal,kept,75.4,13.4,572.89,Insurance,PT-2767
APT-002935,2025-03-31,13:37,13,Dr. Almeida,Hygiene recall,kept,42.2,17.0,102.87,Insurance,PT-2530
APT-002960,2025-03-31,14:04,14,Dr. Almeida,Exam & imaging,cancelled,30.3,8.1,11.0,Private,PT-2633
APT-002931,2025-03-31,14:26,14,"K. Duarte, PT",Exam & imaging,kept,31.6,13.4,86.52,Insurance,PT-1816
APT-002965,2025-03-31,14:28,14,Dr. Almeida,Physio session,kept,37.3,9.8,90.09,Insurance,PT-2580
APT-002956,2025-03-31,14:31,14,"K. Duarte, PT",Hygiene recall,kept,39.8,21.1,131.88,Private,PT-2426
APT-002940,2025-03-31,14:35,14,Dr. Almeida,Filling,cancelled,42.9,11.8,26.74,Private,PT-1160
APT-002989,2025-03-31,14:36,14,Dr. Chandra,Hygiene recall,no_show,48.3,11.0,0.0,Insurance,PT-1141
APT-002952,2025-03-31,14:41,14,"K. Duarte, PT",Physio session,kept,45.3,19.0,96.86,Private,PT-1636
APT-002978,2025-03-31,14:49,14,Dr. Almeida,Physio assessment,kept,57.5,13.1,169.11,Private,PT-1271
APT-002954,2025-03-31,15:01,15,"K. Duarte, PT",Physio session,kept,37.4,12.2,60.27,Public scheme,PT-1123
APT-002936,2025-03-31,15:10,15,"K. Duarte, PT",Crown fit,kept,65.6,15.8,709.82,Corporate plan,PT-2571
APT-002946,2025-03-31,15:10,15,"K. Duarte, PT",Crown fit,kept,58.6,15.3,552.39,Public scheme,PT-2218
APT-002979,2025-03-31,15:14,15,"K. Duarte, PT",Hygiene recall,kept,48.6,9.6,113.67,Corporate plan,PT-1351
APT-002934,2025-03-31,15:16,15,"K. Duarte, PT",Exam & imaging,kept,30.0,9.4,71.58,Corporate plan,PT-1703
APT-002972,2025-03-31,15:19,15,"K. Duarte, PT",Hygiene recall,rescheduled,49.5,19.9,0.0,Private,PT-2523
APT-002975,2025-03-31,15:21,15,"K. Duarte, PT",Filling,kept,39.6,9.3,198.3,Insurance,PT-1138
APT-002981,2025-03-31,15:21,15,Dr. Almeida,Hygiene recall,kept,49.4,7.9,144.16,Private,PT-1472
APT-002939,2025-03-31,15:27,15,Dr. Almeida,Hygiene recall,kept,43.8,10.1,134.36,Private,PT-2303
APT-002966,2025-03-31,15:37,15,Dr. Almeida,Physio session,kept,38.5,14.2,83.08,Insurance,PT-2988
APT-002932,2025-03-31,15:39,15,Dr. Chandra,Physio session,no_show,46.2,11.3,0.0,Corporate plan,PT-2239
APT-002985,2025-03-31,15:42,15,Dr. Benitez,Physio session,kept,33.9,8.6,83.88,Insurance,PT-1128
APT-002930,2025-03-31,15:47,15,Dr. Almeida,Physio session,kept,44.6,10.9,84.13,Insurance,PT-2696
APT-002977,2025-03-31,15:49,15,Dr. Almeida,Filling,kept,39.1,10.3,177.41,Insurance,PT-1449
APT-002990,2025-03-31,16:03,16,Dr. Almeida,Hygiene recall,rescheduled,44.5,17.7,0.0,Insurance,PT-1956
APT-002944,2025-03-31,16:23,16,Dr. Chandra,Hygiene recall,kept,49.0,21.4,124.88,Private,PT-2778
APT-002951,2025-03-31,16:23,16,Dr. Almeida,Hygiene recall,kept,57.8,9.4,116.66,Insurance,PT-2369
APT-002938,2025-03-31,16:34,16,Dr. Almeida,Hygiene recall,kept,49.8,11.8,117.32,Insurance,PT-2038
APT-002987,2025-03-31,16:38,16,Dr. Benitez,Hygiene recall,kept,43.0,19.8,120.48,Insurance,PT-1593
APT-002959,2025-03-31,16:44,16,Dr. Chandra,Root canal,kept,87.4,14.9,489.2,Corporate plan,PT-1187
APT-002967,2025-03-31,16:47,16,"K. Duarte, PT",Filling,kept,43.4,16.1,173.04,Corporate plan,PT-1371
APT-002974,2025-03-31,16:50,16,Dr. Benitez,Filling,kept,53.9,10.8,159.85,Insurance,PT-1939
APT-002971,2025-03-31,17:09,17,Dr. Almeida,Hygiene recall,kept,42.5,8.3,111.1,Private,PT-2074
APT-002961,2025-03-31,17:27,17,Dr. Almeida,Filling,kept,42.1,17.4,188.77,Insurance,PT-1261
APT-002941,2025-03-31,17:30,17,Dr. Chandra,Physio assessment,kept,58.5,15.4,139.11,Insurance,PT-2430
APT-002948,2025-03-31,17:55,17,Dr. Almeida,Filling,kept,49.3,21.8,194.42,Insurance,PT-2421
APT-003018,2025-04-01,08:03,8,"K. Duarte, PT",Filling,kept,44.4,8.6,179.05,Insurance,PT-1332
APT-002992,2025-04-01,08:26,8,Dr. Chandra,Physio session,rescheduled,42.7,7.5,0.0,Private,PT-1866
APT-002991,2025-04-01,09:08,9,"M. Ellis, PT",Exam & imaging,kept,22.1,5.9,84.97,Insurance,PT-2418
APT-003040,2025-04-01,09:20,9,"K. Duarte, PT",Exam & imaging,kept,24.5,18.4,89.22,Private,PT-1176
APT-003010,2025-04-01,09:23,9,"M. Ellis, PT",Hygiene recall,kept,46.3,3.5,120.86,Insurance,PT-1163
APT-003007,2025-04-01,09:33,9,Dr. Almeida,Exam & imaging,no_show,30.2,8.1,0.0,Insurance,PT-1946
APT-003021,2025-04-01,10:14,10,Dr. Benitez,Filling,kept,44.7,8.3,197.76,Private,PT-1383
APT-003020,2025-04-01,10:16,10,Dr. Almeida,Crown fit,cancelled,66.1,15.8,101.31,Private,PT-2858
APT-003008,2025-04-01,10:17,10,Dr. Benitez,Exam & imaging,no_show,28.4,9.5,0.0,Private,PT-3134
APT-003044,2025-04-01,10:27,10,"M. Ellis, PT",Root canal,kept,91.9,6.5,704.11,Private,PT-2058
APT-002999,2025-04-01,10:41,10,Dr. Benitez,Physio session,cancelled,39.9,18.0,7.1,Public scheme,PT-2532
APT-003035,2025-04-01,10:45,10,"K. Duarte, PT",Exam & imaging,kept,27.4,3.8,97.1,Private,PT-2182
APT-003024,2025-04-01,10:54,10,Dr. Chandra,Physio session,kept,44.8,5.2,98.91,Private,PT-1738
APT-003029,2025-04-01,11:02,11,Dr. Benitez,Filling,kept,40.3,10.0,208.44,Private,PT-3136
APT-003042,2025-04-01,11:12,11,Dr. Almeida,Hygiene recall,kept,44.3,2.9,133.81,Private,PT-1960
APT-003004,2025-04-01,11:26,11,Dr. Benitez,Root canal,kept,73.8,7.3,532.72,Insurance,PT-2300
APT-003033,2025-04-01,11:27,11,"K. Duarte, PT",Root canal,kept,81.9,6.9,453.96,Corporate plan,PT-2846
APT-003037,2025-04-01,11:35,11,"M. Ellis, PT",Physio assessment,kept,47.8,8.7,167.87,Private,PT-2559
APT-003043,2025-04-01,11:40,11,"K. Duarte, PT",Root canal,kept,76.4,8.8,533.71,Corporate plan,PT-1008
APT-003028,2025-04-01,11:41,11,"K. Duarte, PT",Follow-up consult,kept,21.7,3.0,65.26,Insurance,PT-1896
APT-003000,2025-04-01,11:59,11,"K. Duarte, PT",Exam & imaging,kept,20.9,8.5,76.65,Corporate plan,PT-2995
APT-003014,2025-04-01,12:10,12,"M. Ellis, PT",Exam & imaging,kept,20.4,9.2,99.22,Private,PT-2306
APT-003003,2025-04-01,12:11,12,"M. Ellis, PT",Follow-up consult,rescheduled,23.8,7.1,0.0,Private,PT-1854
APT-003026,2025-04-01,12:13,12,Dr. Almeida,Physio assessment,kept,46.9,7.6,160.89,Private,PT-2573
APT-002996,2025-04-01,12:19,12,Dr. Almeida,Physio session,kept,45.6,5.8,68.05,Corporate plan,PT-2433
APT-002993,2025-04-01,12:28,12,"K. Duarte, PT",Exam & imaging,kept,21.2,7.0,72.5,Insurance,PT-2529
APT-002994,2025-04-01,12:29,12,Dr. Almeida,Hygiene recall,kept,47.7,12.3,105.12,Insurance,PT-2008
APT-002997,2025-04-01,13:02,13,Dr. Almeida,Hygiene recall,kept,48.4,8.5,124.02,Insurance,PT-1543
APT-003006,2025-04-01,13:11,13,"M. Ellis, PT",Crown fit,kept,59.2,11.0,866.89,Private,PT-1785
APT-003030,2025-04-01,13:13,13,Dr. Almeida,Hygiene recall,kept,30.0,12.1,109.3,Corporate plan,PT-1358
APT-003016,2025-04-01,13:21,13,Dr. Benitez,Exam & imaging,kept,15.9,10.5,82.92,Insurance,PT-2488
APT-003011,2025-04-01,13:43,13,"M. Ellis, PT",Hygiene recall,kept,52.5,19.3,147.22,Private,PT-1643
APT-003013,2025-04-01,13:49,13,Dr. Chandra,Filling,kept,38.4,13.9,197.78,Insurance,PT-1884
APT-003034,2025-04-01,14:14,14,Dr. Almeida,Exam & imaging,kept,26.9,13.7,76.86,Corporate plan,PT-1085
APT-003022,2025-04-01,14:39,14,"K. Duarte, PT",Follow-up consult,kept,28.1,12.5,62.6,Private,PT-1960
APT-003009,2025-04-01,14:45,14,"K. Duarte, PT",Hygiene recall,kept,43.4,13.3,107.87,Corporate plan,PT-2735
APT-002998,2025-04-01,14:48,14,Dr. Benitez,Physio assessment,kept,53.0,13.2,124.0,Corporate plan,PT-1050
APT-003041,2025-04-01,14:48,14,Dr. Benitez,Root canal,no_show,75.3,12.0,0.0,Insurance,PT-2531
APT-003031,2025-04-01,14:58,14,"K. Duarte, PT",Hygiene recall,kept,55.3,11.6,127.66,Insurance,PT-2067
APT-003025,2025-04-01,15:00,15,"M. Ellis, PT",Hygiene recall,cancelled,39.0,13.3,15.39,Insurance,PT-1228
APT-003036,2025-04-01,15:02,15,"M. Ellis, PT",Physio assessment,kept,60.3,11.1,115.38,Corporate plan,PT-1680
APT-003023,2025-04-01,15:16,15,Dr. Almeida,Follow-up consult,kept,22.9,7.9,59.59,Corporate plan,PT-1828
APT-003039,2025-04-01,15:23,15,Dr. Almeida,Exam & imaging,kept,12.3,14.0,89.98,Private,PT-1844
APT-003027,2025-04-01,15:29,15,"K. Duarte, PT",Hygiene recall,kept,55.4,8.6,102.05,Corporate plan,PT-1373
APT-003045,2025-04-01,15:35,15,Dr. Almeida,Physio assessment,kept,60.3,14.3,146.3,Insurance,PT-2006
APT-002995,2025-04-01,15:36,15,Dr. Chandra,Crown fit,kept,61.6,9.8,720.7,Insurance,PT-2404
APT-003015,2025-04-01,15:55,15,Dr. Benitez,Filling,no_show,42.2,16.4,0.0,Insurance,PT-2810
APT-003032,2025-04-01,15:56,15,Dr. Benitez,Root canal,rescheduled,74.6,8.1,0.0,Insurance,PT-1945
APT-003017,2025-04-01,16:23,16,"K. Duarte, PT",Exam & imaging,kept,17.8,9.6,70.1,Corporate plan,PT-2023
APT-003005,2025-04-01,16:32,16,Dr. Almeida,Hygiene recall,kept,44.6,11.5,108.9,Insurance,PT-2345
APT-003019,2025-04-01,16:42,16,"K. Duarte, PT",Physio assessment,kept,50.4,11.6,89.53,Public scheme,PT-2397
APT-003001,2025-04-01,16:45,16,Dr. Almeida,Physio assessment,kept,50.6,13.2,133.94,Private,PT-1747
APT-003046,2025-04-01,16:50,16,Dr. Almeida,Hygiene recall,rescheduled,46.9,12.3,0.0,Private,PT-1078
APT-003038,2025-04-01,16:56,16,"M. Ellis, PT",Physio assessment,kept,53.6,10.4,143.53,Insurance,PT-2285
APT-003012,2025-04-01,17:24,17,"M. Ellis, PT",Root canal,kept,88.2,14.5,570.99,Insurance,PT-1011
APT-003002,2025-04-01,17:27,17,Dr. Benitez,Filling,kept,48.3,10.6,196.24,Insurance,PT-2567
APT-003054,2025-04-02,08:00,8,Dr. Almeida,Physio assessment,kept,53.5,3.2,135.64,Insurance,PT-2375
APT-003052,2025-04-02,08:16,8,"K. Duarte, PT",Hygiene recall,kept,46.5,12.0,128.9,Private,PT-1510
APT-003074,2025-04-02,08:23,8,Dr. Almeida,Filling,kept,37.9,12.1,191.8,Insurance,PT-2048
APT-003070,2025-04-02,08:29,8,"M. Ellis, PT",Hygiene recall,kept,44.6,7.5,96.5,Public scheme,PT-2279
APT-003086,2025-04-02,08:57,8,Dr. Benitez,Follow-up consult,kept,21.9,7.3,57.93,Insurance,PT-2921
APT-003058,2025-04-02,09:00,9,"M. Ellis, PT",Hygiene recall,kept,43.3,6.4,105.82,Corporate plan,PT-3138
APT-003050,2025-04-02,09:06,9,"K. Duarte, PT",Filling,kept,43.2,3.9,174.34,Insurance,PT-1414
APT-003098,2025-04-02,09:08,9,"K. Duarte, PT",Hygiene recall,kept,39.7,6.4,127.54,Private,PT-2518
APT-003055,2025-04-02,09:12,9,"K. Duarte, PT",Root canal,kept,86.6,4.7,690.42,Private,PT-2826
APT-003069,2025-04-02,09:18,9,"K. Duarte, PT",Hygiene recall,kept,44.8,3.0,83.47,Corporate plan,PT-1082
APT-003076,2025-04-02,09:20,9,Dr. Benitez,Filling,kept,57.5,7.1,156.04,Corporate plan,PT-1748
APT-003088,2025-04-02,09:29,9,"M. Ellis, PT",Physio assessment,kept,65.3,7.9,119.35,Corporate plan,PT-3169
APT-003048,2025-04-02,09:44,9,Dr. Almeida,Physio assessment,cancelled,31.4,3.7,10.75,Public scheme,PT-2336
APT-003092,2025-04-02,09:45,9,"M. Ellis, PT",Hygiene recall,rescheduled,51.2,7.3,0.0,Insurance,PT-2254
APT-003073,2025-04-02,09:48,9,"K. Duarte, PT",Hygiene recall,kept,42.2,3.8,119.47,Insurance,PT-1883
APT-003080,2025-04-02,09:58,9,Dr. Benitez,Root canal,kept,85.9,6.5,386.22,Public scheme,PT-2519
APT-003084,2025-04-02,10:01,10,Dr. Almeida,Hygiene recall,kept,43.1,8.2,86.36,Public scheme,PT-2974
APT-003051,2025-04-02,10:15,10,Dr. Almeida,Exam & imaging,kept,26.0,4.7,86.99,Insurance,PT-1591
APT-003083,2025-04-02,10:22,10,"M. Ellis, PT",Hygiene recall,kept,43.2,20.6,110.98,Insurance,PT-1163
APT-003071,2025-04-02,10:24,10,"M. Ellis, PT",Root canal,kept,87.8,2.8,612.86,Private,PT-1545
APT-003089,2025-04-02,10:32,10,"M. Ellis, PT",Filling,kept,51.6,7.0,188.66,Insurance,PT-1199
APT-003096,2025-04-02,10:32,10,"K. Duarte, PT",Hygiene recall,kept,52.6,4.4,124.29,Private,PT-2598
APT-003099,2025-04-02,10:41,10,Dr. Almeida,Hygiene recall,kept,42.1,4.9,122.09,Private,PT-2063
APT-003095,2025-04-02,10:43,10,Dr. Almeida,Hygiene recall,kept,51.1,7.1,132.99,Insurance,PT-3068
APT-003065,2025-04-02,10:50,10,Dr. Almeida,Exam & imaging,kept,13.8,8.9,79.51,Insurance,PT-1178
APT-003085,2025-04-02,11:02,11,Dr. Benitez,Hygiene recall,kept,55.5,2.7,137.79,Private,PT-2139
APT-003079,2025-04-02,11:23,11,"K. Duarte, PT",Filling,kept,48.9,14.0,189.82,Insurance,PT-1362
APT-003077,2025-04-02,11:29,11,"K. Duarte, PT",Hygiene recall,cancelled,43.3,8.2,12.37,Insurance,PT-2285
APT-003081,2025-04-02,12:03,12,Dr. Benitez,Physio assessment,kept,53.6,5.8,124.76,Insurance,PT-2119
APT-003060,2025-04-02,12:06,12,"M. Ellis, PT",Exam & imaging,kept,21.6,8.8,80.86,Insurance,PT-2502
APT-003053,2025-04-02,12:17,12,"M. Ellis, PT",Exam & imaging,cancelled,21.5,13.2,12.16,Private,PT-1544
APT-003090,2025-04-02,12:24,12,Dr. Almeida,Hygiene recall,kept,54.5,13.3,121.7,Insurance,PT-1420
APT-003066,2025-04-02,12:59,12,"M. Ellis, PT",Physio assessment,kept,62.2,9.9,144.56,Private,PT-1636
APT-003097,2025-04-02,13:07,13,Dr. Almeida,Exam & imaging,no_show,30.3,9.7,0.0,Insurance,PT-1055
APT-003063,2025-04-02,13:18,13,"M. Ellis, PT",Hygiene recall,kept,38.2,11.7,111.81,Insurance,PT-1731
APT-003094,2025-04-02,13:38,13,"K. Duarte, PT",Hygiene recall,kept,47.8,11.2,147.25,Private,PT-1896
APT-003059,2025-04-02,14:09,14,Dr. Benitez,Filling,kept,34.0,10.7,184.57,Insurance,PT-2615
APT-003102,2025-04-02,14:14,14,"K. Duarte, PT",Physio session,kept,46.2,18.4,84.41,Insurance,PT-1605
APT-003056,2025-04-02,14:34,14,Dr. Benitez,Hygiene recall,kept,47.4,16.0,107.18,Insurance,PT-2639
APT-003057,2025-04-02,14:59,14,Dr. Almeida,Hygiene recall,kept,59.9,22.5,87.2,Public scheme,PT-2491
APT-003062,2025-04-02,14:59,14,Dr. Benitez,Physio session,kept,29.9,8.3,116.99,Private,PT-2401
APT-003067,2025-04-02,15:13,15,"K. Duarte, PT",Hygiene recall,no_show,44.6,12.0,0.0,Insurance,PT-1519
APT-003091,2025-04-02,15:14,15,Dr. Almeida,Exam & imaging,kept,36.4,12.0,97.45,Private,PT-1782
APT-003087,2025-04-02,15:17,15,"K. Duarte, PT",Follow-up consult,kept,13.7,11.7,55.11,Insurance,PT-2749
APT-003082,2025-04-02,15:19,15,"K. Duarte, PT",Physio session,kept,27.7,9.4,102.38,Insurance,PT-2776
APT-003068,2025-04-02,15:32,15,Dr. Almeida,Filling,kept,41.0,11.8,198.86,Insurance,PT-3012
APT-003049,2025-04-02,15:52,15,"K. Duarte, PT",Exam & imaging,kept,19.1,10.1,76.29,Insurance,PT-2648
APT-003075,2025-04-02,16:12,16,Dr. Benitez,Follow-up consult,kept,19.5,13.2,55.37,Insurance,PT-1494
APT-003101,2025-04-02,16:18,16,"K. Duarte, PT",Physio assessment,kept,57.3,18.2,121.94,Insurance,PT-3165
APT-003078,2025-04-02,16:41,16,Dr. Benitez,Root canal,kept,79.0,14.8,606.14,Insurance,PT-1345
APT-003061,2025-04-02,16:43,16,Dr. Faber,Hygiene recall,kept,29.5,13.4,104.58,Corporate plan,PT-2854
APT-003064,2025-04-02,17:05,17,Dr. Faber,Physio assessment,kept,60.8,11.3,135.48,Insurance,PT-2319
APT-003072,2025-04-02,17:07,17,Dr. Faber,Root canal,kept,85.1,11.8,573.93,Corporate plan,PT-1118
APT-003047,2025-04-02,17:24,17,Dr. Almeida,Exam & imaging,kept,31.7,12.3,73.5,Corporate plan,PT-2439
APT-003100,2025-04-02,17:47,17,"M. Ellis, PT",Physio assessment,kept,64.2,11.3,138.27,Insurance,PT-1163
APT-003093,2025-04-02,17:52,17,Dr. Benitez,Exam & imaging,kept,32.6,9.6,86.88,Private,PT-2294
APT-003126,2025-04-03,08:39,8,Dr. Benitez,Physio assessment,kept,61.0,6.6,119.18,Insurance,PT-1401
APT-003105,2025-04-03,09:00,9,Dr. Benitez,Exam & imaging,kept,34.1,18.3,73.23,Insurance,PT-2147
APT-003108,2025-04-03,09:12,9,Dr. Almeida,Hygiene recall,kept,41.3,5.1,111.29,Insurance,PT-1207
APT-003121,2025-04-03,09:20,9,Dr. Almeida,Physio session,kept,33.7,6.5,106.09,Private,PT-2567
APT-003111,2025-04-03,09:43,9,Dr. Benitez,Exam & imaging,kept,24.6,6.0,88.29,Insurance,PT-2194
APT-003113,2025-04-03,09:56,9,Dr. Chandra,Crown fit,kept,60.0,2.8,777.16,Corporate plan,PT-1736
APT-003123,2025-04-03,10:00,10,Dr. Faber,Physio assessment,rescheduled,67.3,15.5,0.0,Insurance,PT-2085
APT-003118,2025-04-03,10:06,10,"M. Ellis, PT",Hygiene recall,kept,43.6,3.1,131.51,Private,PT-2921
APT-003124,2025-04-03,10:17,10,Dr. Almeida,Physio assessment,kept,56.2,6.9,99.21,Public scheme,PT-2792
APT-003128,2025-04-03,11:38,11,Dr. Benitez,Hygiene recall,kept,47.3,5.5,102.55,Insurance,PT-1422
APT-003109,2025-04-03,11:40,11,"M. Ellis, PT",Filling,kept,44.7,11.9,170.83,Insurance,PT-1623
APT-003112,2025-04-03,11:56,11,"K. Duarte, PT",Hygiene recall,cancelled,47.4,4.1,14.41,Private,PT-1085
APT-003115,2025-04-03,12:03,12,Dr. Almeida,Root canal,kept,91.3,5.1,542.16,Insurance,PT-2910
APT-003125,2025-04-03,12:54,12,"M. Ellis, PT",Hygiene recall,kept,49.1,6.9,112.01,Insurance,PT-1028
APT-003127,2025-04-03,12:55,12,Dr. Chandra,Exam & imaging,cancelled,33.8,6.8,9.16,Corporate plan,PT-3047
APT-003104,2025-04-03,13:03,13,Dr. Almeida,Follow-up consult,cancelled,26.4,14.3,8.76,Private,PT-2068
APT-003114,2025-04-03,13:26,13,"K. Duarte, PT",Physio session,kept,51.0,18.1,78.49,Corporate plan,PT-1140
APT-003122,2025-04-03,13:35,13,Dr. Benitez,Hygiene recall,rescheduled,47.4,14.2,0.0,Insurance,PT-1485
APT-003110,2025-04-03,14:12,14,Dr. Almeida,Physio assessment,kept,49.2,11.3,175.04,Private,PT-2672
APT-003117,2025-04-03,15:03,15,Dr. Benitez,Exam & imaging,kept,14.9,14.3,96.55,Private,PT-3010
APT-003119,2025-04-03,15:24,15,Dr. Chandra,Exam & imaging,kept,26.8,9.1,80.29,Insurance,PT-2872
APT-003103,2025-04-03,15:54,15,Dr. Benitez,Exam & imaging,kept,25.5,8.9,79.92,Insurance,PT-2674
APT-003106,2025-04-03,16:31,16,Dr. Chandra,Hygiene recall,cancelled,46.7,17.2,11.54,Public scheme,PT-1938
APT-003116,2025-04-03,16:32,16,Dr. Faber,Physio session,kept,56.7,11.0,107.02,Private,PT-2374
APT-003107,2025-04-03,16:41,16,Dr. Benitez,Physio assessment,kept,64.1,23.2,170.08,Private,PT-1701
APT-003120,2025-04-03,17:57,17,"M. Ellis, PT",Physio assessment,kept,60.7,11.4,159.28,Insurance,PT-2978
APT-003160,2025-04-04,08:36,8,Dr. Benitez,Physio assessment,kept,58.5,8.1,161.17,Private,PT-2297
APT-003162,2025-04-04,08:49,8,"K. Duarte, PT",Physio assessment,cancelled,46.0,14.5,18.34,Private,PT-1832
APT-003137,2025-04-04,09:07,9,"K. Duarte, PT",Hygiene recall,kept,55.2,10.6,111.76,Insurance,PT-3146
APT-003145,2025-04-04,09:28,9,Dr. Chandra,Exam & imaging,kept,21.2,4.6,90.78,Insurance,PT-1343
APT-003129,2025-04-04,09:58,9,Dr. Chandra,Exam & imaging,kept,15.0,15.7,90.15,Private,PT-1848
APT-003142,2025-04-04,10:01,10,Dr. Benitez,Follow-up consult,kept,22.3,6.1,64.28,Insurance,PT-1998
APT-003136,2025-04-04,10:33,10,Dr. Almeida,Exam & imaging,kept,21.5,2.9,93.71,Private,PT-2838
APT-003146,2025-04-04,10:48,10,"M. Ellis, PT",Exam & imaging,kept,13.9,7.7,75.3,Corporate plan,PT-3155
APT-003134,2025-04-04,10:51,10,Dr. Benitez,Physio assessment,no_show,64.4,7.7,0.0,Private,PT-1480
APT-003140,2025-04-04,10:55,10,Dr. Almeida,Hygiene recall,kept,42.5,5.3,125.16,Private,PT-3106
APT-003132,2025-04-04,11:11,11,Dr. Faber,Filling,kept,41.1,7.5,180.13,Corporate plan,PT-1491
APT-003147,2025-04-04,11:18,11,"K. Duarte, PT",Exam & imaging,kept,41.6,4.0,111.04,Private,PT-1361
APT-003141,2025-04-04,11:27,11,"K. Duarte, PT",Crown fit,kept,61.4,12.0,745.21,Insurance,PT-1465
APT-003131,2025-04-04,11:28,11,Dr. Chandra,Physio session,kept,44.2,7.3,108.45,Private,PT-1695
APT-003159,2025-04-04,11:31,11,Dr. Faber,Physio session,kept,37.7,4.6,90.41,Insurance,PT-2578
APT-003156,2025-04-04,12:23,12,Dr. Chandra,Crown fit,no_show,64.4,13.8,0.0,Private,PT-2269
APT-003133,2025-04-04,12:58,12,Dr. Chandra,Follow-up consult,kept,17.9,12.8,52.82,Corporate plan,PT-2989
APT-003158,2025-04-04,14:06,14,Dr. Almeida,Physio session,no_show,31.6,10.1,0.0,Insurance,PT-2689
APT-003152,2025-04-04,14:30,14,Dr. Chandra,Exam & imaging,kept,22.1,12.7,63.46,Public scheme,PT-2567
APT-003148,2025-04-04,14:31,14,Dr. Benitez,Root canal,kept,66.3,9.3,593.72,Insurance,PT-1671
APT-003139,2025-04-04,15:03,15,Dr. Chandra,Exam & imaging,kept,29.5,14.9,58.64,Public scheme,PT-2855
APT-003155,2025-04-04,15:06,15,Dr. Faber,Physio assessment,kept,32.6,9.7,154.73,Private,PT-3132
APT-003153,2025-04-04,15:09,15,"K. Duarte, PT",Hygiene recall,kept,43.0,10.4,132.58,Private,PT-1506
APT-003161,2025-04-04,15:31,15,"K. Duarte, PT",Exam & imaging,kept,18.0,14.8,88.58,Insurance,PT-2558
APT-003163,2025-04-04,15:55,15,"M. Ellis, PT",Physio session,kept,44.9,12.8,108.68,Private,PT-2189
APT-003149,2025-04-04,16:02,16,Dr. Almeida,Crown fit,rescheduled,68.5,12.5,0.0,Corporate plan,PT-2403
APT-003150,2025-04-04,16:08,16,"K. Duarte, PT",Hygiene recall,no_show,37.4,12.6,0.0,Private,PT-1530
APT-003144,2025-04-04,16:14,16,Dr. Almeida,Hygiene recall,kept,46.0,10.1,142.05,Private,PT-2013
APT-003154,2025-04-04,16:20,16,"K. Duarte, PT",Root canal,kept,78.9,9.9,660.36,Private,PT-2551
APT-003135,2025-04-04,16:21,16,Dr. Chandra,Root canal,kept,84.6,12.0,556.27,Insurance,PT-2388
APT-003157,2025-04-04,16:28,16,Dr. Almeida,Physio session,kept,29.0,10.2,77.89,Corporate plan,PT-1649
APT-003143,2025-04-04,16:29,16,"M. Ellis, PT",Crown fit,kept,65.0,10.7,831.0,Insurance,PT-2540
APT-003138,2025-04-04,16:57,16,Dr. Almeida,Physio assessment,kept,54.6,19.4,126.58,Insurance,PT-1856
APT-003151,2025-04-04,16:57,16,Dr. Faber,Exam & imaging,kept,9.0,17.1,80.81,Insurance,PT-1065
APT-003130,2025-04-04,17:46,17,"K. Duarte, PT",Hygiene recall,kept,44.1,8.3,113.24,Insurance,PT-2325
APT-003166,2025-04-05,09:02,9,"K. Duarte, PT",Exam & imaging,kept,33.1,7.3,69.11,Corporate plan,PT-2608
APT-003173,2025-04-05,09:23,9,"M. Ellis, PT",Hygiene recall,kept,53.8,11.3,137.19,Private,PT-1085
APT-003165,2025-04-05,09:42,9,"K. Duarte, PT",Hygiene recall,kept,33.0,3.6,94.23,Corporate plan,PT-1952
APT-003176,2025-04-05,09:45,9,"M. Ellis, PT",Hygiene recall,cancelled,54.3,6.5,11.74,Corporate plan,PT-3083
APT-003181,2025-04-05,09:46,9,"K. Duarte, PT",Hygiene recall,kept,40.1,9.0,109.49,Corporate plan,PT-1726
APT-003169,2025-04-05,10:44,10,"K. Duarte, PT",Filling,kept,43.6,5.3,228.23,Private,PT-1153
APT-003172,2025-04-05,11:33,11,"K. Duarte, PT",Hygiene recall,kept,50.1,5.1,103.56,Corporate plan,PT-2673
APT-003179,2025-04-05,11:59,11,"K. Duarte, PT",Filling,kept,45.4,5.8,126.55,Public scheme,PT-2069
APT-003175,2025-04-05,13:40,13,"M. Ellis, PT",Hygiene recall,kept,41.7,19.6,142.5,Private,PT-1749
APT-003171,2025-04-05,14:16,14,"M. Ellis, PT",Exam & imaging,kept,26.4,11.4,102.13,Private,PT-1733
APT-003168,2025-04-05,14:41,14,"K. Duarte, PT",Physio session,kept,40.0,9.2,86.07,Insurance,PT-1731
APT-003170,2025-04-05,15:10,15,"K. Duarte, PT",Hygiene recall,kept,43.0,9.7,138.3,Private,PT-1539
APT-003180,2025-04-05,15:20,15,"K. Duarte, PT",Follow-up consult,kept,29.0,16.9,55.55,Insurance,PT-1449
APT-003177,2025-04-05,15:26,15,"M. Ellis, PT",Physio session,no_show,48.9,20.7,0.0,Corporate plan,PT-1388
APT-003167,2025-04-05,15:58,15,"M. Ellis, PT",Exam & imaging,kept,19.7,20.4,91.81,Insurance,PT-2546
APT-003178,2025-04-05,16:40,16,"M. Ellis, PT",Hygiene recall,kept,46.1,13.2,96.29,Corporate plan,PT-2746
APT-003164,2025-04-05,17:24,17,"M. Ellis, PT",Crown fit,kept,60.1,9.7,858.66,Insurance,PT-2938
APT-003174,2025-04-05,17:25,17,"K. Duarte, PT",Root canal,kept,71.5,13.1,595.64,Insurance,PT-1062
APT-003206,2025-04-07,09:12,9,Dr. Benitez,Filling,kept,49.6,4.4,131.24,Public scheme,PT-1081
APT-003224,2025-04-07,09:51,9,"K. Duarte, PT",Physio session,kept,41.9,2.6,102.13,Private,PT-1112
APT-003184,2025-04-07,10:02,10,Dr. Benitez,Physio session,rescheduled,46.0,5.0,0.0,Private,PT-2605
APT-003211,2025-04-07,10:06,10,Dr. Almeida,Root canal,kept,70.0,5.3,408.92,Public scheme,PT-1092
APT-003191,2025-04-07,10:07,10,Dr. Benitez,Physio assessment,kept,67.9,8.9,148.99,Private,PT-2555
APT-003196,2025-04-07,10:17,10,Dr. Chandra,Filling,kept,46.4,5.7,166.97,Insurance,PT-2571
APT-003182,2025-04-07,10:20,10,Dr. Almeida,Follow-up consult,kept,23.6,3.7,56.16,Corporate plan,PT-1913
APT-003215,2025-04-07,10:27,10,"K. Duarte, PT",Exam & imaging,kept,22.3,11.3,56.29,Public scheme,PT-2241
APT-003218,2025-04-07,10:31,10,"K. Duarte, PT",Exam & imaging,kept,19.6,8.0,80.61,Insurance,PT-1388
APT-003214,2025-04-07,11:04,11,"K. Duarte, PT",Hygiene recall,kept,47.0,3.5,146.08,Private,PT-2090
APT-003190,2025-04-07,11:11,11,Dr. Benitez,Hygiene recall,kept,49.6,5.4,142.4,Private,PT-2972
APT-003199,2025-04-07,11:19,11,Dr. Almeida,Exam & imaging,rescheduled,27.8,9.8,0.0,Insurance,PT-2884
APT-003195,2025-04-07,11:30,11,"K. Duarte, PT",Physio session,no_show,37.6,10.8,0.0,Insurance,PT-3125
APT-003189,2025-04-07,12:15,12,Dr. Benitez,Follow-up consult,kept,19.8,6.9,58.9,Insurance,PT-2289
APT-003197,2025-04-07,12:15,12,Dr. Benitez,Hygiene recall,kept,51.7,8.7,118.86,Private,PT-1293
APT-003216,2025-04-07,12:48,12,Dr. Almeida,Physio session,kept,39.7,17.5,96.38,Insurance,PT-2818
APT-003192,2025-04-07,12:54,12,"K. Duarte, PT",Exam & imaging,kept,18.8,21.0,72.68,Corporate plan,PT-2206
APT-003198,2025-04-07,12:56,12,Dr. Benitez,Physio session,cancelled,35.6,5.4,13.83,Private,PT-2730
APT-003200,2025-04-07,13:04,13,Dr. Chandra,Filling,kept,58.2,9.6,122.95,Public scheme,PT-1276
APT-003222,2025-04-07,13:15,13,Dr. Chandra,Crown fit,kept,65.9,14.1,756.51,Private,PT-2666
APT-003204,2025-04-07,13:26,13,"K. Duarte, PT",Physio assessment,kept,55.5,22.5,139.71,Insurance,PT-1256
APT-003185,2025-04-07,13:31,13,Dr. Chandra,Filling,kept,42.1,11.7,168.8,Insurance,PT-1106
APT-003194,2025-04-07,13:31,13,Dr. Benitez,Filling,kept,44.6,12.1,178.99,Corporate plan,PT-1527
APT-003188,2025-04-07,13:32,13,"K. Duarte, PT",Follow-up consult,kept,17.3,14.9,55.72,Private,PT-2100
APT-003221,2025-04-07,13:39,13,"K. Duarte, PT",Hygiene recall,rescheduled,45.2,8.3,0.0,Insurance,PT-2989
APT-003183,2025-04-07,14:03,14,Dr. Almeida,Hygiene recall,kept,49.1,15.8,112.77,Corporate plan,PT-1884
APT-003212,2025-04-07,14:38,14,Dr. Chandra,Physio session,kept,35.1,8.8,87.43,Insurance,PT-2275
APT-003207,2025-04-07,14:50,14,Dr. Benitez,Physio session,kept,43.7,10.2,100.45,Private,PT-2867
APT-003187,2025-04-07,15:05,15,Dr. Benitez,Hygiene recall,rescheduled,43.4,8.9,0.0,Insurance,PT-1137
APT-003220,2025-04-07,15:10,15,Dr. Benitez,Crown fit,kept,64.8,21.6,747.6,Corporate plan,PT-3103
APT-003201,2025-04-07,15:11,15,"K. Duarte, PT",Exam & imaging,kept,21.1,10.9,89.84,Insurance,PT-2027
APT-003203,2025-04-07,15:22,15,Dr. Almeida,Filling,kept,39.7,9.8,171.64,Corporate plan,PT-1388
APT-003209,2025-04-07,15:33,15,Dr. Almeida,Hygiene recall,kept,54.4,12.8,127.36,Private,PT-1335
APT-003219,2025-04-07,15:45,15,Dr. Almeida,Filling,kept,48.3,14.5,191.39,Private,PT-2726
APT-003202,2025-04-07,15:51,15,Dr. Chandra,Physio session,kept,32.6,17.7,89.67,Insurance,PT-1472
APT-003213,2025-04-07,15:51,15,Dr. Chandra,Exam & imaging,kept,12.4,9.1,75.35,Insurance,PT-2810
APT-003217,2025-04-07,16:01,16,"K. Duarte, PT",Filling,kept,47.4,9.0,210.66,Private,PT-1317
APT-003205,2025-04-07,16:10,16,"K. Duarte, PT",Physio session,cancelled,48.3,13.2,10.7,Private,PT-1596
APT-003208,2025-04-07,16:34,16,"K. Duarte, PT",Hygiene recall,kept,45.2,14.4,102.67,Insurance,PT-1741
APT-003186,2025-04-07,16:52,16,Dr. Almeida,Filling,kept,43.5,18.2,184.71,Private,PT-3144
APT-003223,2025-04-07,17:30,17,Dr. Almeida,Exam & imaging,kept,33.2,11.8,95.48,Private,PT-1009
APT-003210,2025-04-07,17:43,17,"K. Duarte, PT",Physio assessment,kept,66.5,9.0,156.88,Private,PT-2082
APT-003193,2025-04-07,17:56,17,Dr. Almeida,Hygiene recall,kept,53.0,13.2,106.52,Corporate plan,PT-3000
APT-003240,2025-04-08,08:19,8,Dr. Almeida,Root canal,no_show,82.8,3.0,0.0,Insurance,PT-3048
APT-003267,2025-04-08,08:19,8,"K. Duarte, PT",Exam & imaging,kept,22.7,11.1,75.79,Insurance,PT-1896
APT-003264,2025-04-08,08:20,8,"M. Ellis, PT",Physio session,kept,43.0,8.0,100.04,Private,PT-2363
APT-003274,2025-04-08,09:04,9,Dr. Almeida,Hygiene recall,no_show,47.8,9.0,0.0,Private,PT-2247
APT-003272,2025-04-08,09:07,9,Dr. Chandra,Physio session,no_show,58.6,16.3,0.0,Corporate plan,PT-1521
APT-003266,2025-04-08,09:08,9,Dr. Almeida,Root canal,kept,82.4,11.1,565.28,Insurance,PT-2383
APT-003279,2025-04-08,09:22,9,Dr. Almeida,Physio assessment,kept,55.3,5.3,121.89,Insurance,PT-2298
APT-003276,2025-04-08,09:26,9,"K. Duarte, PT",Hygiene recall,kept,36.7,8.9,147.59,Private,PT-2055
APT-003259,2025-04-08,09:34,9,Dr. Benitez,Exam & imaging,kept,33.7,4.3,78.49,Insurance,PT-2252
APT-003246,2025-04-08,09:38,9,Dr. Chandra,Hygiene recall,no_show,42.4,9.1,0.0,Private,PT-2098
APT-003253,2025-04-08,10:06,10,"K. Duarte, PT",Physio assessment,kept,57.5,5.0,135.95,Insurance,PT-2292
APT-003241,2025-04-08,10:14,10,"K. Duarte, PT",Physio assessment,rescheduled,47.0,6.8,0.0,Corporate plan,PT-1502
APT-003271,2025-04-08,10:20,10,Dr. Almeida,Exam & imaging,kept,32.4,10.3,77.01,Insurance,PT-2933
APT-003245,2025-04-08,10:30,10,"K. Duarte, PT",Exam & imaging,kept,22.8,12.0,75.21,Insurance,PT-1185
APT-003252,2025-04-08,10:39,10,Dr. Benitez,Exam & imaging,cancelled,25.7,3.7,11.07,Private,PT-2875
APT-003258,2025-04-08,10:49,10,"M. Ellis, PT",Physio session,kept,45.3,5.5,84.44,Corporate plan,PT-2796
APT-003256,2025-04-08,10:50,10,"K. Duarte, PT",Root canal,kept,71.6,17.0,603.89,Private,PT-1864
APT-003231,2025-04-08,10:53,10,Dr. Benitez,Hygiene recall,kept,48.7,14.1,99.37,Insurance,PT-1238
APT-003265,2025-04-08,10:56,10,Dr. Almeida,Hygiene recall,kept,38.8,12.8,129.05,Private,PT-2796
APT-003269,2025-04-08,11:00,11,"K. Duarte, PT",Follow-up consult,kept,14.7,3.7,68.57,Private,PT-1727
APT-003233,2025-04-08,11:10,11,"K. Duarte, PT",Crown fit,kept,70.8,2.7,742.84,Corporate plan,PT-1197
APT-003248,2025-04-08,11:15,11,Dr. Chandra,Crown fit,cancelled,53.4,3.6,115.45,Private,PT-1397
APT-003262,2025-04-08,11:15,11,"K. Duarte, PT",Physio session,kept,38.7,3.2,105.38,Private,PT-2888
APT-003261,2025-04-08,11:22,11,Dr. Almeida,Physio assessment,kept,43.6,5.3,153.26,Private,PT-2768
APT-003244,2025-04-08,11:23,11,Dr. Chandra,Filling,kept,44.2,9.8,219.23,Private,PT-3160
APT-003228,2025-04-08,11:36,11,Dr. Chandra,Hygiene recall,rescheduled,52.5,7.8,0.0,Insurance,PT-1682
APT-003242,2025-04-08,11:40,11,Dr. Benitez,Hygiene recall,kept,40.4,5.0,143.79,Private,PT-2531
APT-003236,2025-04-08,11:41,11,"K. Duarte, PT",Exam & imaging,no_show,16.7,4.2,0.0,Insurance,PT-1528
APT-003225,2025-04-08,12:22,12,Dr. Almeida,Filling,kept,51.7,3.8,190.14,Private,PT-1737
APT-003284,2025-04-08,12:24,12,Dr. Benitez,Root canal,kept,86.9,7.6,409.09,Public scheme,PT-2704
APT-003257,2025-04-08,12:28,12,"M. Ellis, PT",Exam & imaging,kept,37.0,4.7,105.53,Private,PT-3001
APT-003285,2025-04-08,12:28,12,Dr. Benitez,Exam & imaging,kept,10.9,5.2,84.27,Insurance,PT-1721
APT-003232,2025-04-08,12:41,12,"K. Duarte, PT",Exam & imaging,kept,29.4,7.9,64.89,Corporate plan,PT-1380
APT-003239,2025-04-08,13:32,13,"K. Duarte, PT",Filling,kept,31.3,9.5,130.99,Public scheme,PT-1431
APT-003268,2025-04-08,13:44,13,Dr. Chandra,Physio session,kept,24.6,10.1,96.31,Private,PT-2313
APT-003249,2025-04-08,13:54,13,Dr. Almeida,Follow-up consult,kept,33.1,7.9,63.48,Insurance,PT-1701
APT-003275,2025-04-08,13:59,13,"K. Duarte, PT",Exam & imaging,rescheduled,36.6,9.0,0.0,Public scheme,PT-1645
APT-003237,2025-04-08,14:09,14,Dr. Almeida,Physio session,kept,37.8,12.0,95.34,Insurance,PT-3085
APT-003254,2025-04-08,14:10,14,"M. Ellis, PT",Hygiene recall,cancelled,44.4,11.4,16.56,Private,PT-3104
APT-003281,2025-04-08,14:11,14,"M. Ellis, PT",Hygiene recall,kept,39.1,19.9,133.53,Private,PT-1532
APT-003238,2025-04-08,14:37,14,Dr. Chandra,Filling,kept,43.9,11.8,195.63,Private,PT-1072
APT-003234,2025-04-08,14:43,14,Dr. Benitez,Hygiene recall,kept,57.3,13.5,136.01,Private,PT-1368
APT-003235,2025-04-08,14:47,14,Dr. Almeida,Filling,kept,39.8,17.5,184.68,Corporate plan,PT-2082
APT-003251,2025-04-08,14:58,14,Dr. Almeida,Hygiene recall,kept,54.8,11.8,101.88,Insurance,PT-1628
APT-003273,2025-04-08,15:00,15,Dr. Chandra,Exam & imaging,kept,8.1,7.9,80.38,Insurance,PT-1968
APT-003282,2025-04-08,15:12,15,Dr. Chandra,Root canal,kept,66.4,14.1,566.57,Insurance,PT-2052
APT-003243,2025-04-08,15:25,15,"K. Duarte, PT",Hygiene recall,kept,43.4,7.7,106.18,Insurance,PT-1497
APT-003247,2025-04-08,15:28,15,Dr. Chandra,Crown fit,kept,63.2,8.1,750.0,Insurance,PT-1214
APT-003260,2025-04-08,15:33,15,"K. Duarte, PT",Hygiene recall,kept,35.0,10.3,110.65,Corporate plan,PT-1025
APT-003270,2025-04-08,15:57,15,Dr. Chandra,Hygiene recall,rescheduled,43.1,15.6,0.0,Insurance,PT-2562
APT-003255,2025-04-08,16:00,16,"M. Ellis, PT",Physio assessment,kept,66.8,14.2,99.78,Public scheme,PT-1359
APT-003230,2025-04-08,16:01,16,"K. Duarte, PT",Physio session,kept,45.1,17.2,97.66,Private,PT-2827
APT-003250,2025-04-08,16:15,16,"K. Duarte, PT",Physio session,kept,41.8,11.7,109.3,Private,PT-2730
APT-003263,2025-04-08,16:31,16,Dr. Benitez,Hygiene recall,rescheduled,42.2,12.8,0.0,Insurance,PT-1279
APT-003277,2025-04-08,16:33,16,"K. Duarte, PT",Hygiene recall,kept,47.0,10.9,108.37,Corporate plan,PT-1880
APT-003229,2025-04-08,16:40,16,Dr. Benitez,Hygiene recall,kept,47.6,14.5,119.72,Insurance,PT-2264
APT-003283,2025-04-08,16:40,16,Dr. Chandra,Exam & imaging,kept,25.1,15.6,88.49,Private,PT-2105
APT-003227,2025-04-08,16:55,16,"K. Duarte, PT",Physio assessment,cancelled,51.5,12.8,14.96,Insurance,PT-1584
APT-003278,2025-04-08,16:58,16,Dr. Benitez,Physio session,kept,32.0,9.2,72.73,Corporate plan,PT-1836
APT-003280,2025-04-08,17:12,17,Dr. Almeida,Physio assessment,kept,50.1,10.7,145.09,Insurance,PT-3043
APT-003226,2025-04-08,17:20,17,Dr. Almeida,Exam & imaging,kept,16.3,10.1,55.4,Public scheme,PT-2810
APT-003294,2025-04-09,08:11,8,Dr. Benitez,Physio assessment,kept,53.7,16.4,168.28,Private,PT-2108
APT-003325,2025-04-09,08:44,8,"M. Ellis, PT",Root canal,kept,81.1,13.2,537.1,Corporate plan,PT-2826
APT-003296,2025-04-09,08:58,8,Dr. Benitez,Hygiene recall,kept,34.7,7.0,129.72,Private,PT-2643
APT-003323,2025-04-09,09:09,9,Dr. Faber,Exam & imaging,kept,33.9,24.8,80.74,Insurance,PT-1462
APT-003302,2025-04-09,09:35,9,"K. Duarte, PT",Hygiene recall,kept,45.2,9.1,121.05,Insurance,PT-3064
APT-003290,2025-04-09,09:38,9,Dr. Benitez,Physio assessment,kept,53.7,8.6,132.56,Insurance,PT-2966
APT-003293,2025-04-09,09:41,9,Dr. Benitez,Hygiene recall,kept,42.7,8.3,119.95,Insurance,PT-2853
APT-003326,2025-04-09,09:58,9,Dr. Faber,Hygiene recall,rescheduled,52.5,5.5,0.0,Corporate plan,PT-1827
APT-003331,2025-04-09,10:00,10,"K. Duarte, PT",Filling,kept,55.2,14.9,169.48,Insurance,PT-1961
APT-003336,2025-04-09,10:02,10,"M. Ellis, PT",Exam & imaging,kept,29.2,5.1,90.7,Private,PT-2951
APT-003328,2025-04-09,10:16,10,"K. Duarte, PT",Filling,kept,45.2,6.4,180.25,Insurance,PT-1305
APT-003295,2025-04-09,10:21,10,Dr. Benitez,Physio assessment,kept,52.9,10.9,141.67,Insurance,PT-2052
APT-003297,2025-04-09,10:30,10,Dr. Almeida,Filling,kept,43.5,5.9,181.22,Insurance,PT-2834
APT-003313,2025-04-09,10:35,10,Dr. Benitez,Hygiene recall,cancelled,40.7,4.0,16.72,Private,PT-1723
APT-003291,2025-04-09,10:38,10,"M. Ellis, PT",Follow-up consult,no_show,36.2,6.1,0.0,Corporate plan,PT-1233
APT-003309,2025-04-09,10:42,10,Dr. Benitez,Physio session,kept,50.7,24.5,88.65,Private,PT-2400
APT-003287,2025-04-09,10:50,10,Dr. Almeida,Physio session,kept,40.8,3.4,102.41,Insurance,PT-1083
APT-003332,2025-04-09,11:02,11,Dr. Almeida,Filling,kept,46.5,9.2,171.93,Corporate plan,PT-1688
APT-003303,2025-04-09,11:04,11,"M. Ellis, PT",Root canal,kept,89.5,8.2,582.89,Insurance,PT-1287
APT-003319,2025-04-09,11:28,11,Dr. Benitez,Hygiene recall,cancelled,48.1,5.3,9.13,Public scheme,PT-1339
APT-003321,2025-04-09,11:59,11,Dr. Benitez,Crown fit,kept,62.7,6.9,746.87,Corporate plan,PT-1628
APT-003320,2025-04-09,12:04,12,Dr. Almeida,Hygiene recall,kept,44.9,5.8,82.3,Public scheme,PT-1682
APT-003307,2025-04-09,12:20,12,"M. Ellis, PT",Root canal,kept,81.5,2.8,482.61,Insurance,PT-1651
APT-003298,2025-04-09,12:25,12,"M. Ellis, PT",Hygiene recall,kept,54.7,24.8,132.0,Private,PT-2647
APT-003316,2025-04-09,12:29,12,"K. Duarte, PT",Crown fit,kept,64.2,3.1,690.27,Corporate plan,PT-1779
APT-003305,2025-04-09,12:53,12,"K. Duarte, PT",Filling,cancelled,56.0,5.0,27.97,Private,PT-2585
APT-003300,2025-04-09,12:57,12,Dr. Almeida,Follow-up consult,kept,17.1,11.3,49.52,Corporate plan,PT-2633
APT-003337,2025-04-09,13:44,13,Dr. Benitez,Exam & imaging,kept,17.1,14.8,88.61,Insurance,PT-2411
APT-003304,2025-04-09,14:03,14,Dr. Almeida,Crown fit,kept,58.7,11.4,886.87,Private,PT-1905
APT-003301,2025-04-09,14:16,14,Dr. Benitez,Physio session,kept,45.5,10.9,80.97,Corporate plan,PT-2689
APT-003334,2025-04-09,14:22,14,Dr. Almeida,Physio assessment,kept,43.2,14.1,113.51,Corporate plan,PT-1504
APT-003329,2025-04-09,14:30,14,"M. Ellis, PT",Root canal,kept,84.7,13.3,503.31,Insurance,PT-2824
APT-003289,2025-04-09,14:31,14,Dr. Faber,Physio session,kept,26.1,13.1,88.8,Insurance,PT-1184
APT-003314,2025-04-09,14:33,14,Dr. Benitez,Filling,kept,51.8,10.4,183.61,Insurance,PT-2549
APT-003335,2025-04-09,14:54,14,"M. Ellis, PT",Exam & imaging,kept,17.5,9.7,103.69,Private,PT-2256
APT-003333,2025-04-09,15:03,15,Dr. Benitez,Filling,cancelled,51.8,11.9,26.88,Private,PT-2390
APT-003286,2025-04-09,15:06,15,Dr. Almeida,Hygiene recall,kept,37.0,13.5,134.96,Private,PT-1488
APT-003322,2025-04-09,15:07,15,Dr. Faber,Physio session,kept,34.1,8.3,105.93,Private,PT-2599
APT-003327,2025-04-09,15:07,15,Dr. Almeida,Physio session,kept,44.8,12.1,85.04,Insurance,PT-2931
APT-003310,2025-04-09,15:11,15,"K. Duarte, PT",Filling,kept,48.4,12.0,188.87,Insurance,PT-1741
APT-003311,2025-04-09,15:12,15,Dr. Benitez,Exam & imaging,kept,22.3,10.9,78.07,Corporate plan,PT-1334
APT-003324,2025-04-09,15:24,15,"M. Ellis, PT",Hygiene recall,kept,46.1,13.4,115.17,Insurance,PT-2908
APT-003292,2025-04-09,16:03,16,Dr. Benitez,Hygiene recall,kept,40.0,12.2,144.17,Private,PT-1892
APT-003308,2025-04-09,16:11,16,Dr. Almeida,Hygiene recall,kept,34.2,10.8,108.02,Corporate plan,PT-2614
APT-003330,2025-04-09,16:18,16,Dr. Faber,Exam & imaging,kept,36.1,9.5,92.97,Private,PT-2732
APT-003299,2025-04-09,16:21,16,Dr. Benitez,Hygiene recall,kept,46.3,14.2,113.56,Insurance,PT-2324
APT-003318,2025-04-09,16:27,16,Dr. Almeida,Exam & imaging,kept,43.3,12.1,80.68,Corporate plan,PT-1964
APT-003315,2025-04-09,16:44,16,Dr. Almeida,Hygiene recall,kept,45.1,10.9,74.95,Public scheme,PT-2762
APT-003288,2025-04-09,17:09,17,"M. Ellis, PT",Physio session,cancelled,27.1,14.9,7.01,Public scheme,PT-2032
APT-003306,2025-04-09,17:13,17,"M. Ellis, PT",Filling,kept,36.4,8.8,213.18,Private,PT-1981
APT-003312,2025-04-09,17:17,17,"K. Duarte, PT",Hygiene recall,kept,46.8,13.0,103.17,Insurance,PT-2598
APT-003317,2025-04-09,17:41,17,Dr. Benitez,Hygiene recall,kept,40.7,10.6,114.42,Private,PT-1165
APT-003368,2025-04-10,08:18,8,"M. Ellis, PT",Exam & imaging,kept,27.0,3.6,73.04,Insurance,PT-1411
APT-003341,2025-04-10,08:50,8,Dr. Almeida,Exam & imaging,kept,27.5,9.4,98.51,Private,PT-1754
APT-003338,2025-04-10,09:04,9,"K. Duarte, PT",Hygiene recall,kept,49.0,7.0,115.08,Insurance,PT-2091
APT-003380,2025-04-10,09:30,9,"K. Duarte, PT",Hygiene recall,kept,44.0,15.1,109.0,Insurance,PT-1623
APT-003379,2025-04-10,09:35,9,"K. Duarte, PT",Hygiene recall,kept,48.8,5.4,130.55,Private,PT-2338
APT-003360,2025-04-10,09:41,9,Dr. Benitez,Hygiene recall,cancelled,37.3,12.3,11.24,Corporate plan,PT-2773
APT-003347,2025-04-10,09:46,9,Dr. Chandra,Physio session,kept,34.6,4.8,111.21,Private,PT-1811
APT-003339,2025-04-10,10:05,10,Dr. Faber,Exam & imaging,kept,21.4,3.4,85.75,Insurance,PT-2272
APT-003346,2025-04-10,10:16,10,Dr. Benitez,Hygiene recall,kept,50.7,12.8,125.23,Insurance,PT-1609
APT-003372,2025-04-10,10:34,10,Dr. Almeida,Follow-up consult,kept,29.4,8.0,49.8,Public scheme,PT-2894
APT-003370,2025-04-10,10:47,10,"M. Ellis, PT",Hygiene recall,no_show,42.3,9.0,0.0,Private,PT-1443
APT-003386,2025-04-10,11:11,11,Dr. Benitez,Hygiene recall,kept,52.4,4.9,143.52,Private,PT-3177
APT-003364,2025-04-10,11:17,11,"K. Duarte, PT",Exam & imaging,kept,26.2,5.7,85.45,Insurance,PT-1800
APT-003382,2025-04-10,11:33,11,Dr. Chandra,Hygiene recall,kept,39.5,8.3,138.04,Private,PT-1621
APT-003366,2025-04-10,11:41,11,Dr. Benitez,Hygiene recall,kept,53.0,15.8,116.72,Insurance,PT-1695
APT-003340,2025-04-10,11:51,11,"K. Duarte, PT",Exam & imaging,kept,24.3,4.0,79.88,Insurance,PT-2103
APT-003344,2025-04-10,11:57,11,"M. Ellis, PT",Exam & imaging,kept,35.3,7.5,75.4,Insurance,PT-2883
APT-003384,2025-04-10,12:06,12,Dr. Faber,Hygiene recall,cancelled,47.4,18.4,16.31,Private,PT-3048
APT-003350,2025-04-10,12:13,12,Dr. Chandra,Physio assessment,kept,55.9,15.4,161.31,Private,PT-2830
APT-003345,2025-04-10,12:23,12,Dr. Benitez,Hygiene recall,kept,36.8,2.6,115.21,Insurance,PT-1398
APT-003371,2025-04-10,12:58,12,"K. Duarte, PT",Filling,kept,33.4,7.1,142.92,Corporate plan,PT-3178
APT-003352,2025-04-10,13:13,13,Dr. Almeida,Hygiene recall,cancelled,54.8,9.5,9.91,Public scheme,PT-1871
APT-003343,2025-04-10,14:18,14,"K. Duarte, PT",Hygiene recall,kept,44.7,10.4,120.78,Corporate plan,PT-1406
APT-003354,2025-04-10,14:23,14,Dr. Almeida,Physio session,no_show,33.2,13.4,0.0,Public scheme,PT-1966
APT-003378,2025-04-10,14:33,14,Dr. Chandra,Filling,kept,48.3,12.6,192.01,Insurance,PT-2432
APT-003358,2025-04-10,14:35,14,"M. Ellis, PT",Filling,kept,39.7,9.8,201.6,Insurance,PT-1735
APT-003367,2025-04-10,14:43,14,Dr. Chandra,Hygiene recall,kept,36.6,8.4,101.49,Corporate plan,PT-1209
APT-003357,2025-04-10,14:51,14,Dr. Faber,Follow-up consult,kept,12.5,14.6,60.15,Insurance,PT-1771
APT-003342,2025-04-10,14:53,14,"K. Duarte, PT",Filling,kept,37.7,14.9,232.09,Private,PT-2508
APT-003356,2025-04-10,14:54,14,Dr. Chandra,Hygiene recall,kept,47.0,10.4,121.91,Insurance,PT-2940
APT-003383,2025-04-10,15:09,15,"K. Duarte, PT",Exam & imaging,kept,25.8,11.1,84.15,Insurance,PT-2550
APT-003374,2025-04-10,15:10,15,Dr. Chandra,Filling,cancelled,35.4,13.9,24.1,Private,PT-1614
APT-003361,2025-04-10,15:11,15,Dr. Chandra,Filling,kept,47.4,21.2,117.8,Public scheme,PT-1345
APT-003362,2025-04-10,15:21,15,"M. Ellis, PT",Physio assessment,kept,55.6,13.4,157.02,Private,PT-2958
APT-003365,2025-04-10,15:46,15,Dr. Chandra,Hygiene recall,cancelled,43.9,8.4,14.92,Insurance,PT-1078
APT-003381,2025-04-10,15:46,15,Dr. Almeida,Exam & imaging,kept,11.7,13.5,77.91,Corporate plan,PT-2723
APT-003376,2025-04-10,15:50,15,Dr. Chandra,Physio assessment,kept,66.3,12.7,150.99,Private,PT-1593
APT-003349,2025-04-10,16:15,16,"K. Duarte, PT",Root canal,kept,80.0,9.7,663.3,Private,PT-2042
APT-003359,2025-04-10,16:37,16,Dr. Faber,Physio session,kept,46.7,9.9,107.32,Private,PT-1905
APT-003355,2025-04-10,16:45,16,Dr. Chandra,Exam & imaging,kept,32.0,13.2,92.11,Private,PT-3185
APT-003369,2025-04-10,16:46,16,"K. Duarte, PT",Hygiene recall,kept,49.7,13.7,138.89,Private,PT-1102
APT-003351,2025-04-10,16:56,16,"K. Duarte, PT",Hygiene recall,kept,63.2,10.8,118.22,Insurance,PT-1549
APT-003375,2025-04-10,16:56,16,"M. Ellis, PT",Exam & imaging,kept,10.9,18.2,74.31,Corporate plan,PT-3188
APT-003377,2025-04-10,16:59,16,Dr. Faber,Filling,cancelled,39.9,12.1,26.0,Private,PT-2686
APT-003385,2025-04-10,16:59,16,"M. Ellis, PT",Physio assessment,kept,47.5,8.8,136.22,Insurance,PT-1172
APT-003348,2025-04-10,17:00,17,Dr. Benitez,Hygiene recall,kept,49.0,11.1,123.77,Private,PT-2655
APT-003353,2025-04-10,17:01,17,"M. Ellis, PT",Hygiene recall,kept,47.4,10.3,115.82,Insurance,PT-1900
APT-003363,2025-04-10,17:06,17,"M. Ellis, PT",Exam & imaging,cancelled,24.3,14.2,11.24,Private,PT-1317
APT-003373,2025-04-10,17:36,17,Dr. Almeida,Hygiene recall,kept,53.4,15.8,124.07,Private,PT-1059
APT-003426,2025-04-11,09:16,9,Dr. Faber,Exam & imaging,kept,32.5,8.5,49.07,Public scheme,PT-1548
APT-003417,2025-04-11,09:39,9,Dr. Almeida,Root canal,kept,71.0,6.3,644.16,Private,PT-1989
APT-003413,2025-04-11,09:47,9,Dr. Faber,Filling,kept,31.2,7.6,168.86,Corporate plan,PT-1885
APT-003397,2025-04-11,09:50,9,"M. Ellis, PT",Hygiene recall,kept,38.6,9.2,137.85,Private,PT-2301
APT-003421,2025-04-11,10:08,10,"K. Duarte, PT",Exam & imaging,kept,28.3,11.6,68.8,Corporate plan,PT-2105
APT-003419,2025-04-11,10:12,10,"M. Ellis, PT",Physio session,kept,36.0,19.2,76.06,Corporate plan,PT-2704
APT-003401,2025-04-11,11:13,11,Dr. Almeida,Hygiene recall,kept,39.4,6.4,106.82,Insurance,PT-1485
APT-003410,2025-04-11,11:15,11,Dr. Chandra,Hygiene recall,kept,27.5,10.2,133.47,Private,PT-2397
APT-003404,2025-04-11,11:17,11,"K. Duarte, PT",Physio session,kept,58.0,11.0,109.57,Private,PT-1719
APT-003425,2025-04-11,11:45,11,Dr. Benitez,Physio assessment,no_show,52.0,8.6,0.0,Insurance,PT-1699
APT-003408,2025-04-11,11:50,11,"K. Duarte, PT",Filling,kept,52.0,9.2,200.12,Insurance,PT-1758
APT-003403,2025-04-11,11:56,11,Dr. Faber,Hygiene recall,rescheduled,31.8,7.8,0.0,Public scheme,PT-2594
APT-003420,2025-04-11,12:17,12,Dr. Benitez,Hygiene recall,kept,33.4,4.8,129.28,Private,PT-1838
APT-003398,2025-04-11,12:58,12,Dr. Benitez,Hygiene recall,kept,50.2,9.9,136.62,Private,PT-2540
APT-003405,2025-04-11,13:11,13,Dr. Chandra,Hygiene recall,rescheduled,36.3,14.1,0.0,Private,PT-1276
APT-003388,2025-04-11,13:14,13,"M. Ellis, PT",Filling,kept,39.8,21.5,225.51,Private,PT-2204
APT-003418,2025-04-11,13:42,13,Dr. Benitez,Hygiene recall,no_show,52.6,9.2,0.0,Private,PT-3139
APT-003412,2025-04-11,14:04,14,Dr. Faber,Filling,kept,47.6,9.0,167.35,Corporate plan,PT-2603
APT-003424,2025-04-11,14:06,14,Dr. Benitez,Physio assessment,kept,61.9,9.7,156.24,Private,PT-3171
APT-003411,2025-04-11,14:07,14,"M. Ellis, PT",Physio assessment,kept,54.7,8.9,133.13,Insurance,PT-2861
APT-003416,2025-04-11,14:11,14,Dr. Chandra,Exam & imaging,kept,18.9,11.3,84.49,Private,PT-1774
APT-003407,2025-04-11,14:19,14,"M. Ellis, PT",Physio session,kept,38.7,9.6,75.54,Public scheme,PT-2171
APT-003414,2025-04-11,14:21,14,"K. Duarte, PT",Follow-up consult,kept,12.0,12.3,44.95,Public scheme,PT-2484
APT-003409,2025-04-11,14:27,14,Dr. Benitez,Physio session,kept,36.2,19.9,93.0,Insurance,PT-1203
APT-003400,2025-04-11,15:04,15,Dr. Almeida,Filling,kept,49.7,9.7,187.76,Insurance,PT-1462
APT-003427,2025-04-11,15:06,15,Dr. Benitez,Exam & imaging,kept,20.2,15.1,85.56,Insurance,PT-2291
APT-003393,2025-04-11,15:10,15,Dr. Benitez,Exam & imaging,rescheduled,17.5,12.5,0.0,Private,PT-2267
APT-003387,2025-04-11,15:29,15,"M. Ellis, PT",Crown fit,kept,62.8,11.3,870.72,Insurance,PT-2689
APT-003423,2025-04-11,15:36,15,"M. Ellis, PT",Physio session,kept,28.9,22.3,106.76,Private,PT-1108
APT-003406,2025-04-11,15:37,15,Dr. Almeida,Physio session,no_show,36.6,9.6,0.0,Private,PT-2251
APT-003396,2025-04-11,15:59,15,Dr. Benitez,Hygiene recall,kept,38.2,18.9,89.33,Public scheme,PT-3059
APT-003394,2025-04-11,16:09,16,Dr. Benitez,Hygiene recall,kept,52.8,12.6,106.87,Insurance,PT-2914
APT-003389,2025-04-11,16:24,16,Dr. Benitez,Filling,kept,37.6,12.8,184.6,Insurance,PT-2828
APT-003402,2025-04-11,16:30,16,Dr. Almeida,Hygiene recall,kept,48.9,10.3,136.33,Private,PT-2523
APT-003422,2025-04-11,16:35,16,Dr. Faber,Physio assessment,kept,48.6,9.6,158.43,Private,PT-1011
APT-003395,2025-04-11,16:37,16,"K. Duarte, PT",Exam & imaging,cancelled,20.8,11.7,11.42,Insurance,PT-1123
APT-003392,2025-04-11,16:52,16,Dr. Chandra,Physio assessment,kept,52.5,11.5,153.97,Private,PT-1941
APT-003390,2025-04-11,16:54,16,Dr. Benitez,Exam & imaging,kept,22.5,13.9,77.62,Insurance,PT-2980
APT-003391,2025-04-11,17:19,17,"M. Ellis, PT",Follow-up consult,kept,9.2,14.7,65.76,Private,PT-2214
APT-003399,2025-04-11,17:29,17,Dr. Almeida,Hygiene recall,kept,44.5,12.9,126.36,Private,PT-2286
APT-003415,2025-04-11,17:37,17,Dr. Chandra,Hygiene recall,kept,47.9,8.9,155.31,Private,PT-3118
APT-003445,2025-04-12,09:21,9,"M. Ellis, PT",Follow-up consult,kept,22.6,8.1,71.79,Private,PT-1355
APT-003442,2025-04-12,10:17,10,"K. Duarte, PT",Exam & imaging,cancelled,34.2,4.2,9.35,Insurance,PT-2104
APT-003435,2025-04-12,10:42,10,"M. Ellis, PT",Root canal,kept,77.1,4.7,548.53,Corporate plan,PT-1723
APT-003453,2025-04-12,10:52,10,"M. Ellis, PT",Hygiene recall,kept,38.2,6.5,117.61,Insurance,PT-2760
APT-003444,2025-04-12,10:53,10,"M. Ellis, PT",Exam & imaging,kept,25.2,3.6,86.08,Insurance,PT-2385
APT-003430,2025-04-12,10:57,10,"K. Duarte, PT",Hygiene recall,rescheduled,43.5,6.3,0.0,Insurance,PT-2908
APT-003449,2025-04-12,11:05,11,"K. Duarte, PT",Hygiene recall,kept,44.5,8.6,117.93,Insurance,PT-1951
APT-003437,2025-04-12,11:13,11,"M. Ellis, PT",Physio assessment,kept,57.9,5.0,177.6,Private,PT-2076
APT-003431,2025-04-12,11:16,11,"M. Ellis, PT",Hygiene recall,kept,39.5,7.8,94.77,Corporate plan,PT-2631
APT-003448,2025-04-12,11:31,11,"M. Ellis, PT",Physio session,kept,36.2,3.9,74.07,Insurance,PT-2207
APT-003455,2025-04-12,11:46,11,"M. Ellis, PT",Hygiene recall,kept,42.6,10.4,137.48,Private,PT-1119
APT-003439,2025-04-12,11:57,11,"K. Duarte, PT",Hygiene recall,kept,37.8,16.2,117.39,Corporate plan,PT-2373
APT-003436,2025-04-12,12:25,12,"K. Duarte, PT",Hygiene recall,kept,57.2,13.6,143.86,Private,PT-3110
APT-003441,2025-04-12,12:26,12,"K. Duarte, PT",Hygiene recall,kept,54.2,5.2,116.96,Insurance,PT-2948
APT-003433,2025-04-12,13:36,13,"K. Duarte, PT",Exam & imaging,cancelled,27.5,11.7,9.76,Private,PT-2997
APT-003452,2025-04-12,14:16,14,"K. Duarte, PT",Hygiene recall,kept,44.3,15.3,101.24,Insurance,PT-1172
APT-003450,2025-04-12,14:23,14,"K. Duarte, PT",Hygiene recall,cancelled,45.8,8.9,11.91,Corporate plan,PT-1777
APT-003443,2025-04-12,14:30,14,"M. Ellis, PT",Exam & imaging,kept,16.5,9.1,80.53,Insurance,PT-3151
APT-003451,2025-04-12,14:56,14,"M. Ellis, PT",Hygiene recall,kept,47.5,19.0,136.39,Private,PT-2081
APT-003434,2025-04-12,15:13,15,"K. Duarte, PT",Crown fit,kept,59.6,8.1,666.2,Corporate plan,PT-1053
APT-003440,2025-04-12,15:20,15,"M. Ellis, PT",Physio session,rescheduled,40.5,10.6,0.0,Public scheme,PT-2167
APT-003428,2025-04-12,15:33,15,"M. Ellis, PT",Hygiene recall,kept,34.2,8.5,121.08,Private,PT-3196
APT-003454,2025-04-12,15:40,15,"M. Ellis, PT",Physio assessment,kept,53.1,11.0,118.55,Insurance,PT-1875
APT-003432,2025-04-12,15:42,15,"K. Duarte, PT",Physio session,kept,52.4,15.2,81.96,Corporate plan,PT-2356
APT-003429,2025-04-12,15:56,15,"K. Duarte, PT",Root canal,kept,73.8,17.8,695.38,Private,PT-3168
APT-003456,2025-04-12,16:03,16,"K. Duarte, PT",Hygiene recall,kept,44.2,15.9,136.88,Private,PT-1208
APT-003446,2025-04-12,16:05,16,"K. Duarte, PT",Hygiene recall,kept,43.9,14.4,101.35,Insurance,PT-2598
APT-003438,2025-04-12,16:21,16,"M. Ellis, PT",Physio assessment,kept,60.3,10.1,114.78,Insurance,PT-2714
APT-003447,2025-04-12,16:23,16,"K. Duarte, PT",Physio assessment,kept,39.6,12.7,128.9,Insurance,PT-3123
APT-003461,2025-04-14,08:11,8,Dr. Chandra,Filling,kept,55.5,10.5,181.57,Corporate plan,PT-1988
APT-003503,2025-04-14,08:53,8,"K. Duarte, PT",Hygiene recall,kept,41.0,8.4,136.8,Private,PT-1967
APT-003484,2025-04-14,09:00,9,Dr. Chandra,Exam & imaging,kept,22.2,10.3,71.99,Insurance,PT-2437
APT-003486,2025-04-14,09:07,9,"K. Duarte, PT",Hygiene recall,kept,62.8,4.2,127.05,Insurance,PT-1767
APT-003464,2025-04-14,09:12,9,"K. Duarte, PT",Hygiene recall,rescheduled,47.9,8.8,0.0,Corporate plan,PT-1417
APT-003491,2025-04-14,09:25,9,Dr. Chandra,Physio assessment,kept,56.1,13.8,121.32,Corporate plan,PT-2894
APT-003466,2025-04-14,09:36,9,Dr. Benitez,Hygiene recall,kept,54.8,8.3,144.79,Private,PT-2568
APT-003487,2025-04-14,09:42,9,Dr. Almeida,Exam & imaging,no_show,27.5,7.2,0.0,Private,PT-1655
APT-003458,2025-04-14,10:26,10,"K. Duarte, PT",Filling,kept,48.4,3.9,190.73,Private,PT-2918
APT-003481,2025-04-14,10:35,10,Dr. Almeida,Physio assessment,kept,56.2,5.8,137.13,Insurance,PT-3036
APT-003483,2025-04-14,10:36,10,Dr. Chandra,Exam & imaging,kept,20.1,3.4,59.73,Public scheme,PT-2521
APT-003494,2025-04-14,10:41,10,Dr. Almeida,Filling,kept,43.8,7.4,205.46,Private,PT-2569
APT-003502,2025-04-14,11:04,11,"K. Duarte, PT",Physio session,kept,32.9,10.4,76.21,Corporate plan,PT-2519
APT-003477,2025-04-14,11:13,11,"K. Duarte, PT",Hygiene recall,kept,47.7,7.9,92.39,Corporate plan,PT-3100
APT-003490,2025-04-14,11:25,11,"K. Duarte, PT",Physio assessment,kept,60.9,11.7,117.63,Corporate plan,PT-1801
APT-003471,2025-04-14,11:26,11,Dr. Almeida,Filling,kept,34.6,4.4,183.97,Insurance,PT-1100
APT-003479,2025-04-14,11:38,11,Dr. Chandra,Crown fit,kept,65.1,5.6,795.93,Private,PT-1346
APT-003488,2025-04-14,11:43,11,Dr. Almeida,Physio session,kept,40.6,10.4,106.86,Private,PT-2763
APT-003495,2025-04-14,11:53,11,"K. Duarte, PT",Hygiene recall,kept,39.8,4.3,106.17,Insurance,PT-3089
APT-003485,2025-04-14,11:57,11,Dr. Benitez,Hygiene recall,kept,54.6,11.4,127.18,Insurance,PT-1304
APT-003472,2025-04-14,12:03,12,Dr. Almeida,Exam & imaging,kept,20.5,7.9,55.22,Public scheme,PT-1476
APT-003469,2025-04-14,12:16,12,Dr. Benitez,Exam & imaging,kept,22.7,6.0,95.07,Private,PT-2348
APT-003493,2025-04-14,12:16,12,Dr. Chandra,Exam & imaging,kept,20.2,17.8,92.14,Insurance,PT-2515
APT-003496,2025-04-14,12:36,12,"K. Duarte, PT",Physio session,no_show,39.9,6.4,0.0,Insurance,PT-1515
APT-003492,2025-04-14,12:40,12,Dr. Chandra,Physio assessment,kept,50.6,4.4,129.88,Insurance,PT-2196
APT-003475,2025-04-14,12:55,12,Dr. Almeida,Hygiene recall,kept,28.1,5.5,156.35,Private,PT-2473
APT-003482,2025-04-14,13:09,13,Dr. Almeida,Hygiene recall,cancelled,41.4,14.4,16.45,Private,PT-1738
APT-003460,2025-04-14,13:16,13,Dr. Benitez,Exam & imaging,kept,14.6,8.4,100.53,Private,PT-1359
APT-003497,2025-04-14,13:23,13,Dr. Almeida,Exam & imaging,kept,34.2,13.9,85.44,Insurance,PT-2719
APT-003470,2025-04-14,14:10,14,Dr. Benitez,Physio assessment,kept,63.0,12.6,151.79,Private,PT-3053
APT-003498,2025-04-14,14:34,14,Dr. Almeida,Crown fit,kept,74.3,12.0,886.67,Insurance,PT-2340
APT-003463,2025-04-14,14:38,14,Dr. Chandra,Physio session,kept,46.5,12.5,105.16,Private,PT-2907
APT-003457,2025-04-14,14:46,14,Dr. Benitez,Exam & imaging,kept,21.9,12.6,83.91,Corporate plan,PT-1691
APT-003478,2025-04-14,15:11,15,"K. Duarte, PT",Physio assessment,kept,56.5,14.9,102.88,Corporate plan,PT-1547
APT-003474,2025-04-14,15:28,15,Dr. Chandra,Hygiene recall,rescheduled,44.6,18.1,0.0,Public scheme,PT-2532
APT-003462,2025-04-14,15:37,15,Dr. Benitez,Exam & imaging,kept,28.6,7.8,73.07,Insurance,PT-1161
APT-003489,2025-04-14,15:38,15,Dr. Almeida,Exam & imaging,kept,29.2,9.8,83.28,Insurance,PT-2863
APT-003501,2025-04-14,15:43,15,Dr. Almeida,Exam & imaging,kept,33.0,15.6,82.81,Corporate plan,PT-1858
APT-003476,2025-04-14,16:07,16,"K. Duarte, PT",Physio session,kept,37.6,14.7,94.33,Insurance,PT-3088
APT-003480,2025-04-14,16:16,16,Dr. Chandra,Filling,no_show,62.0,17.6,0.0,Insurance,PT-1875
APT-003465,2025-04-14,16:21,16,"K. Duarte, PT",Exam & imaging,kept,36.9,11.2,86.66,Insurance,PT-2147
APT-003467,2025-04-14,16:28,16,"K. Duarte, PT",Filling,cancelled,52.6,17.3,20.84,Corporate plan,PT-2877
APT-003473,2025-04-14,16:34,16,"K. Duarte, PT",Exam & imaging,kept,30.7,12.6,99.17,Private,PT-1190
APT-003459,2025-04-14,16:47,16,"K. Duarte, PT",Crown fit,kept,62.7,11.1,900.48,Insurance,PT-1010
APT-003468,2025-04-14,17:15,17,Dr. Benitez,Hygiene recall,kept,45.6,10.1,144.97,Private,PT-1057
APT-003499,2025-04-14,17:26,17,"K. Duarte, PT",Physio session,no_show,41.0,15.1,0.0,Insurance,PT-3043
APT-003500,2025-04-14,17:50,17,Dr. Benitez,Filling,kept,49.8,10.1,182.15,Corporate plan,PT-1502
APT-003519,2025-04-15,08:23,8,Dr. Chandra,Crown fit,kept,63.2,16.2,781.37,Insurance,PT-2808
APT-003538,2025-04-15,08:41,8,Dr. Benitez,Filling,kept,52.8,7.0,179.57,Insurance,PT-1423
APT-003516,2025-04-15,08:53,8,Dr. Chandra,Exam & imaging,kept,24.0,8.9,106.94,Private,PT-2891
APT-003534,2025-04-15,09:03,9,Dr. Chandra,Hygiene recall,kept,30.5,6.5,114.79,Insurance,PT-2927
APT-003518,2025-04-15,09:05,9,Dr. Almeida,Hygiene recall,kept,38.4,19.6,123.36,Insurance,PT-2815
APT-003532,2025-04-15,09:33,9,Dr. Almeida,Crown fit,rescheduled,63.5,9.7,0.0,Insurance,PT-1277
APT-003523,2025-04-15,09:39,9,"K. Duarte, PT",Physio session,cancelled,53.0,12.6,11.44,Insurance,PT-1192
APT-003504,2025-04-15,09:54,9,Dr. Benitez,Follow-up consult,cancelled,17.0,8.4,7.1,Insurance,PT-2188
APT-003520,2025-04-15,09:56,9,Dr. Benitez,Hygiene recall,kept,45.2,7.2,120.99,Insurance,PT-2139
APT-003505,2025-04-15,10:02,10,Dr. Almeida,Exam & imaging,rescheduled,12.7,3.4,0.0,Insurance,PT-1149
APT-003521,2025-04-15,10:24,10,Dr. Benitez,Exam & imaging,kept,34.0,9.0,80.63,Insurance,PT-1872
APT-003528,2025-04-15,10:35,10,"M. Ellis, PT",Exam & imaging,kept,35.3,8.0,75.05,Insurance,PT-2212
APT-003529,2025-04-15,10:47,10,Dr. Chandra,Physio session,kept,47.6,20.8,92.09,Insurance,PT-1512
APT-003533,2025-04-15,10:48,10,"K. Duarte, PT",Follow-up consult,kept,22.5,10.5,65.95,Private,PT-1205
APT-003511,2025-04-15,10:59,10,Dr. Almeida,Hygiene recall,cancelled,34.7,4.6,12.47,Insurance,PT-2857
APT-003508,2025-04-15,11:06,11,"M. Ellis, PT",Hygiene recall,kept,42.7,7.6,106.97,Insurance,PT-2722
APT-003537,2025-04-15,11:40,11,"M. Ellis, PT",Physio session,kept,40.2,4.4,96.44,Insurance,PT-1779
APT-003510,2025-04-15,11:46,11,"M. Ellis, PT",Filling,kept,57.0,6.3,189.7,Corporate plan,PT-2340
APT-003525,2025-04-15,12:18,12,"M. Ellis, PT",Hygiene recall,kept,59.2,4.2,121.95,Insurance,PT-1863
APT-003509,2025-04-15,13:22,13,"K. Duarte, PT",Hygiene recall,kept,37.9,9.2,126.56,Insurance,PT-3082
APT-003522,2025-04-15,13:45,13,Dr. Almeida,Exam & imaging,kept,22.1,10.9,96.45,Private,PT-2446
APT-003531,2025-04-15,14:19,14,Dr. Benitez,Physio assessment,rescheduled,47.7,9.5,0.0,Insurance,PT-2524
APT-003535,2025-04-15,14:20,14,"M. Ellis, PT",Hygiene recall,kept,34.2,12.3,141.49,Private,PT-2486
APT-003514,2025-04-15,14:46,14,"M. Ellis, PT",Exam & imaging,kept,33.6,12.3,96.78,Private,PT-1380
APT-003506,2025-04-15,15:06,15,Dr. Benitez,Hygiene recall,kept,53.1,8.1,159.24,Private,PT-1970
APT-003527,2025-04-15,15:17,15,"M. Ellis, PT",Physio session,kept,48.3,10.3,114.36,Private,PT-1659
APT-003512,2025-04-15,15:29,15,"K. Duarte, PT",Hygiene recall,kept,45.9,18.1,132.26,Private,PT-2441
APT-003513,2025-04-15,16:01,16,Dr. Chandra,Filling,kept,42.7,10.2,137.57,Public scheme,PT-1223
APT-003530,2025-04-15,16:06,16,"M. Ellis, PT",Hygiene recall,kept,54.3,9.5,86.06,Public scheme,PT-1971
APT-003536,2025-04-15,16:16,16,Dr. Chandra,Follow-up consult,kept,15.6,13.4,58.63,Insurance,PT-2574
APT-003524,2025-04-15,16:20,16,Dr. Almeida,Hygiene recall,kept,39.2,12.7,108.32,Insurance,PT-1594
APT-003517,2025-04-15,16:37,16,Dr. Chandra,Exam & imaging,kept,13.8,11.5,68.53,Insurance,PT-1196
APT-003540,2025-04-15,16:40,16,"K. Duarte, PT",Physio assessment,kept,67.6,8.3,131.81,Insurance,PT-3051
APT-003515,2025-04-15,16:59,16,Dr. Almeida,Hygiene recall,kept,36.3,14.3,141.62,Private,PT-2792
APT-003539,2025-04-15,17:00,17,Dr. Benitez,Physio session,kept,29.2,12.6,90.81,Insurance,PT-1388
APT-003507,2025-04-15,17:16,17,Dr. Almeida,Physio assessment,cancelled,50.3,9.3,15.98,Insurance,PT-2367
APT-003526,2025-04-15,17:40,17,Dr. Almeida,Exam & imaging,kept,29.8,15.0,90.24,Insurance,PT-1603
APT-003552,2025-04-16,09:19,9,Dr. Almeida,Physio session,cancelled,50.5,8.4,9.15,Insurance,PT-2899
APT-003546,2025-04-16,09:30,9,Dr. Faber,Physio session,no_show,33.4,16.6,0.0,Private,PT-1019
APT-003558,2025-04-16,09:38,9,"K. Duarte, PT",Crown fit,cancelled,64.3,8.7,96.75,Insurance,PT-2205
APT-003578,2025-04-16,09:45,9,Dr. Almeida,Hygiene recall,kept,46.9,12.5,99.77,Corporate plan,PT-2694
APT-003568,2025-04-16,10:01,10,Dr. Almeida,Physio session,kept,36.3,5.3,92.27,Insurance,PT-3152
APT-003560,2025-04-16,10:11,10,"M. Ellis, PT",Hygiene recall,kept,43.4,15.3,118.72,Insurance,PT-2390
APT-003556,2025-04-16,10:17,10,Dr. Faber,Crown fit,kept,76.9,7.3,896.21,Private,PT-2833
APT-003571,2025-04-16,10:24,10,"M. Ellis, PT",Hygiene recall,rescheduled,47.5,7.9,0.0,Insurance,PT-2382
APT-003553,2025-04-16,10:27,10,"M. Ellis, PT",Hygiene recall,kept,41.2,9.0,100.73,Corporate plan,PT-1192
APT-003566,2025-04-16,10:41,10,Dr. Almeida,Hygiene recall,kept,47.3,15.1,103.01,Corporate plan,PT-1884
APT-003583,2025-04-16,10:45,10,Dr. Benitez,Filling,kept,37.0,8.8,183.14,Insurance,PT-1371
APT-003549,2025-04-16,10:51,10,Dr. Faber,Exam & imaging,kept,22.0,6.4,80.17,Insurance,PT-3110
APT-003541,2025-04-16,10:54,10,"K. Duarte, PT",Exam & imaging,kept,14.1,3.0,79.91,Insurance,PT-1500
APT-003548,2025-04-16,11:03,11,Dr. Benitez,Hygiene recall,kept,46.9,9.3,113.83,Insurance,PT-2619
APT-003561,2025-04-16,11:04,11,"M. Ellis, PT",Filling,no_show,40.0,6.8,0.0,Private,PT-1934
APT-003547,2025-04-16,11:05,11,Dr. Almeida,Hygiene recall,kept,52.6,10.6,156.34,Private,PT-2301
APT-003551,2025-04-16,11:09,11,Dr. Faber,Root canal,kept,73.2,6.2,612.21,Private,PT-2858
APT-003545,2025-04-16,11:17,11,Dr. Almeida,Filling,no_show,57.5,4.1,0.0,Insurance,PT-2536
APT-003580,2025-04-16,11:40,11,Dr. Benitez,Hygiene recall,kept,38.1,10.5,75.81,Public scheme,PT-1032
APT-003567,2025-04-16,11:48,11,Dr. Benitez,Physio session,kept,31.6,7.2,115.38,Private,PT-1367
APT-003565,2025-04-16,11:50,11,"K. Duarte, PT",Hygiene recall,cancelled,53.4,3.4,9.56,Public scheme,PT-1158
APT-003579,2025-04-16,11:53,11,Dr. Almeida,Hygiene recall,kept,48.5,9.6,143.17,Private,PT-1680
APT-003557,2025-04-16,12:09,12,"M. Ellis, PT",Exam & imaging,kept,21.9,4.5,88.9,Insurance,PT-1169
APT-003543,2025-04-16,12:14,12,"M. Ellis, PT",Physio assessment,cancelled,52.2,3.7,16.44,Insurance,PT-3014
APT-003559,2025-04-16,12:23,12,"K. Duarte, PT",Filling,kept,32.9,5.0,224.13,Private,PT-1019
APT-003585,2025-04-16,12:23,12,Dr. Benitez,Exam & imaging,kept,28.2,6.8,76.06,Insurance,PT-2649
APT-003590,2025-04-16,12:39,12,"M. Ellis, PT",Physio session,rescheduled,43.4,4.3,0.0,Private,PT-1505
APT-003563,2025-04-16,12:46,12,"M. Ellis, PT",Physio session,kept,36.7,6.6,98.69,Private,PT-1344
APT-003555,2025-04-16,12:55,12,"K. Duarte, PT",Exam & imaging,kept,35.9,6.9,60.9,Public scheme,PT-1822
APT-003588,2025-04-16,12:59,12,Dr. Faber,Physio session,kept,37.2,5.8,91.26,Private,PT-2242
APT-003573,2025-04-16,13:01,13,Dr. Almeida,Physio session,kept,32.7,11.2,111.89,Private,PT-1300
APT-003542,2025-04-16,13:32,13,"K. Duarte, PT",Exam & imaging,kept,28.2,19.0,96.26,Private,PT-2621
APT-003569,2025-04-16,13:44,13,Dr. Benitez,Physio session,kept,53.1,10.0,83.26,Corporate plan,PT-2066
APT-003570,2025-04-16,14:27,14,Dr. Benitez,Exam & imaging,kept,27.4,17.4,80.76,Insurance,PT-1002
APT-003587,2025-04-16,14:35,14,"K. Duarte, PT",Exam & imaging,cancelled,25.7,11.9,9.24,Corporate plan,PT-1629
APT-003586,2025-04-16,14:40,14,Dr. Almeida,Hygiene recall,kept,28.6,13.0,105.09,Private,PT-2888
APT-003589,2025-04-16,14:42,14,"K. Duarte, PT",Physio session,no_show,41.3,9.2,0.0,Insurance,PT-1637
APT-003591,2025-04-16,15:09,15,"M. Ellis, PT",Physio session,kept,47.1,9.7,79.99,Corporate plan,PT-1622
APT-003574,2025-04-16,15:26,15,"M. Ellis, PT",Filling,kept,45.5,8.9,173.77,Insurance,PT-1288
APT-003550,2025-04-16,15:35,15,Dr. Benitez,Root canal,kept,84.0,10.5,513.28,Corporate plan,PT-1943
APT-003564,2025-04-16,15:36,15,"M. Ellis, PT",Physio assessment,kept,50.0,13.3,99.3,Public scheme,PT-1981
APT-003572,2025-04-16,15:44,15,"M. Ellis, PT",Filling,kept,45.9,8.3,168.8,Corporate plan,PT-2909
APT-003575,2025-04-16,15:46,15,"K. Duarte, PT",Root canal,kept,80.6,12.6,458.18,Corporate plan,PT-1108
APT-003577,2025-04-16,15:51,15,"K. Duarte, PT",Exam & imaging,no_show,29.3,13.4,0.0,Public scheme,PT-2919
APT-003581,2025-04-16,16:18,16,"M. Ellis, PT",Hygiene recall,kept,32.7,10.6,132.75,Private,PT-1197
APT-003582,2025-04-16,16:26,16,Dr. Almeida,Filling,kept,49.3,15.8,206.63,Insurance,PT-2454
APT-003562,2025-04-16,16:38,16,Dr. Almeida,Exam & imaging,kept,32.0,20.2,71.41,Corporate plan,PT-2411
APT-003554,2025-04-16,16:44,16,Dr. Almeida,Hygiene recall,kept,42.0,10.9,132.32,Private,PT-2945
APT-003584,2025-04-16,16:50,16,"K. Duarte, PT",Filling,kept,54.2,13.9,196.45,Insurance,PT-1530
APT-003544,2025-04-16,16:52,16,Dr. Almeida,Crown fit,kept,67.8,9.5,787.82,Insurance,PT-1990
APT-003592,2025-04-16,16:57,16,Dr. Almeida,Filling,kept,36.2,15.9,158.54,Corporate plan,PT-2284
APT-003576,2025-04-16,17:17,17,Dr. Benitez,Hygiene recall,kept,50.8,8.0,111.16,Corporate plan,PT-1246
APT-003593,2025-04-17,08:05,8,"K. Duarte, PT",Exam & imaging,kept,32.8,9.7,67.17,Corporate plan,PT-2217
APT-003647,2025-04-17,08:19,8,Dr. Almeida,Hygiene recall,kept,48.1,12.0,92.02,Public scheme,PT-1421
APT-003598,2025-04-17,08:51,8,Dr. Benitez,Physio assessment,kept,56.9,4.5,137.65,Corporate plan,PT-2592
APT-003629,2025-04-17,09:17,9,Dr. Chandra,Hygiene recall,kept,40.5,4.9,134.47,Private,PT-1727
APT-003633,2025-04-17,09:27,9,"M. Ellis, PT",Physio session,kept,39.7,6.6,86.83,Insurance,PT-2645
APT-003606,2025-04-17,09:48,9,Dr. Faber,Filling,kept,41.9,7.3,131.25,Public scheme,PT-2306
APT-003622,2025-04-17,10:40,10,Dr. Chandra,Physio session,kept,37.3,8.7,88.85,Insurance,PT-2093
APT-003602,2025-04-17,10:45,10,Dr. Benitez,Physio assessment,kept,68.8,12.4,147.83,Private,PT-1932
APT-003616,2025-04-17,10:47,10,Dr. Chandra,Hygiene recall,kept,46.1,8.2,83.73,Public scheme,PT-2426
APT-003620,2025-04-17,10:51,10,"M. Ellis, PT",Exam & imaging,kept,18.1,14.4,81.04,Insurance,PT-2701
APT-003638,2025-04-17,11:00,11,"K. Duarte, PT",Follow-up consult,kept,39.3,5.3,54.72,Insurance,PT-1451
APT-003628,2025-04-17,11:03,11,Dr. Faber,Exam & imaging,kept,23.2,2.9,78.79,Insurance,PT-2302
APT-003626,2025-04-17,11:36,11,Dr. Benitez,Hygiene recall,cancelled,39.4,4.5,11.0,Insurance,PT-1079
APT-003617,2025-04-17,11:48,11,"K. Duarte, PT",Hygiene recall,kept,49.2,13.0,115.93,Insurance,PT-3059
APT-003636,2025-04-17,11:53,11,"M. Ellis, PT",Hygiene recall,rescheduled,49.3,6.3,0.0,Insurance,PT-2589
APT-003646,2025-04-17,11:53,11,Dr. Almeida,Hygiene recall,kept,44.4,6.4,131.91,Private,PT-1890
APT-003643,2025-04-17,12:23,12,"K. Duarte, PT",Filling,no_show,49.2,6.6,0.0,Private,PT-1446
APT-003644,2025-04-17,12:49,12,Dr. Faber,Exam & imaging,cancelled,32.5,4.4,8.88,Corporate plan,PT-3071
APT-003641,2025-04-17,12:55,12,"M. Ellis, PT",Exam & imaging,kept,26.3,13.8,84.8,Insurance,PT-1397
APT-003642,2025-04-17,13:05,13,Dr. Almeida,Hygiene recall,kept,46.9,11.4,132.06,Private,PT-2228
APT-003596,2025-04-17,13:26,13,Dr. Faber,Root canal,kept,76.9,11.8,535.67,Private,PT-2295
APT-003609,2025-04-17,13:26,13,"K. Duarte, PT",Physio session,kept,44.5,10.6,94.86,Insurance,PT-1152
APT-003612,2025-04-17,13:38,13,"K. Duarte, PT",Physio session,cancelled,47.3,12.3,10.92,Insurance,PT-2623
APT-003600,2025-04-17,14:01,14,Dr. Chandra,Hygiene recall,kept,51.9,18.6,81.67,Public scheme,PT-3133
APT-003603,2025-04-17,14:14,14,Dr. Faber,Hygiene recall,kept,37.8,10.1,98.18,Corporate plan,PT-2748
APT-003640,2025-04-17,14:15,14,Dr. Benitez,Hygiene recall,kept,39.0,15.2,126.16,Insurance,PT-2360
APT-003635,2025-04-17,14:18,14,Dr. Benitez,Hygiene recall,kept,51.3,10.5,128.06,Private,PT-2360
APT-003624,2025-04-17,14:27,14,"K. Duarte, PT",Hygiene recall,kept,47.7,27.9,139.52,Private,PT-2435
APT-003619,2025-04-17,14:30,14,Dr. Chandra,Physio assessment,kept,48.9,11.1,126.82,Insurance,PT-1917
APT-003634,2025-04-17,14:30,14,"K. Duarte, PT",Exam & imaging,kept,25.0,12.1,93.81,Private,PT-1393
APT-003601,2025-04-17,14:35,14,"K. Duarte, PT",Hygiene recall,cancelled,35.8,9.5,9.68,Public scheme,PT-2359
APT-003594,2025-04-17,14:40,14,"M. Ellis, PT",Hygiene recall,no_show,41.5,15.6,0.0,Insurance,PT-1618
APT-003630,2025-04-17,15:06,15,Dr. Almeida,Exam & imaging,cancelled,24.6,8.8,9.14,Corporate plan,PT-1500
APT-003610,2025-04-17,15:07,15,"K. Duarte, PT",Physio session,kept,39.0,10.2,81.95,Insurance,PT-2640
APT-003597,2025-04-17,15:10,15,"M. Ellis, PT",Root canal,kept,85.0,10.0,677.63,Private,PT-2817
APT-003604,2025-04-17,15:18,15,"K. Duarte, PT",Hygiene recall,no_show,32.8,11.9,0.0,Private,PT-2705
APT-003608,2025-04-17,15:19,15,Dr. Chandra,Physio assessment,kept,49.5,23.0,166.11,Private,PT-2910
APT-003621,2025-04-17,15:27,15,"K. Duarte, PT",Physio session,kept,29.7,11.6,87.06,Corporate plan,PT-1296
APT-003645,2025-04-17,15:36,15,"M. Ellis, PT",Exam & imaging,cancelled,19.9,8.1,10.89,Private,PT-1379
APT-003615,2025-04-17,15:48,15,Dr. Benitez,Physio session,kept,44.3,21.1,86.73,Insurance,PT-2803
APT-003637,2025-04-17,15:55,15,Dr. Chandra,Root canal,kept,88.9,17.3,543.5,Corporate plan,PT-2118
APT-003599,2025-04-17,15:56,15,"K. Duarte, PT",Exam & imaging,kept,31.3,12.0,76.42,Private,PT-1729
APT-003611,2025-04-17,15:58,15,Dr. Benitez,Hygiene recall,kept,42.4,13.1,131.48,Private,PT-3020
APT-003605,2025-04-17,16:02,16,"K. Duarte, PT",Root canal,kept,65.7,14.3,572.65,Insurance,PT-1745
APT-003614,2025-04-17,16:12,16,"K. Duarte, PT",Hygiene recall,kept,40.1,11.3,129.2,Insurance,PT-2497
APT-003632,2025-04-17,16:15,16,Dr. Chandra,Physio session,kept,33.9,11.7,92.41,Private,PT-2638
APT-003595,2025-04-17,16:16,16,Dr. Almeida,Filling,kept,39.6,15.0,206.08,Private,PT-1482
APT-003627,2025-04-17,16:20,16,"K. Duarte, PT",Exam & imaging,kept,24.1,15.0,97.2,Private,PT-1962
APT-003631,2025-04-17,16:26,16,"K. Duarte, PT",Hygiene recall,kept,57.2,13.0,113.73,Insurance,PT-2600
APT-003618,2025-04-17,16:33,16,Dr. Almeida,Filling,kept,57.2,12.0,188.62,Insurance,PT-1317
APT-003613,2025-04-17,16:43,16,Dr. Chandra,Hygiene recall,kept,48.1,10.6,117.72,Insurance,PT-1079
APT-003607,2025-04-17,16:53,16,Dr. Benitez,Physio session,kept,41.0,13.0,90.18,Insurance,PT-1470
APT-003639,2025-04-17,16:57,16,Dr. Almeida,Physio assessment,kept,49.6,16.4,124.22,Corporate plan,PT-2628
APT-003623,2025-04-17,17:42,17,Dr. Almeida,Filling,kept,50.6,14.6,159.52,Corporate plan,PT-2513
APT-003625,2025-04-17,17:57,17,Dr. Chandra,Hygiene recall,kept,63.5,9.0,114.22,Insurance,PT-1432
APT-003674,2025-04-18,08:01,8,"M. Ellis, PT",Physio assessment,kept,72.9,7.7,143.75,Private,PT-2240
APT-003649,2025-04-18,09:12,9,Dr. Almeida,Exam & imaging,kept,10.9,12.4,85.23,Insurance,PT-2426
APT-003662,2025-04-18,09:24,9,Dr. Faber,Hygiene recall,no_show,53.5,5.1,0.0,Private,PT-1759
APT-003667,2025-04-18,09:25,9,Dr. Almeida,Filling,kept,42.5,5.7,153.48,Corporate plan,PT-2101
APT-003665,2025-04-18,09:33,9,Dr. Benitez,Filling,kept,56.4,8.7,208.48,Private,PT-2776
APT-003669,2025-04-18,09:35,9,Dr. Benitez,Hygiene recall,kept,35.7,5.2,122.65,Insurance,PT-2320
APT-003652,2025-04-18,09:53,9,Dr. Faber,Root canal,kept,73.7,3.7,654.86,Private,PT-2976
APT-003673,2025-04-18,09:56,9,Dr. Benitez,Crown fit,kept,73.5,4.4,744.3,Insurance,PT-3161
APT-003660,2025-04-18,10:14,10,"M. Ellis, PT",Exam & imaging,cancelled,22.0,3.1,8.65,Corporate plan,PT-1017
APT-003676,2025-04-18,10:20,10,Dr. Almeida,Hygiene recall,kept,36.0,10.4,140.14,Private,PT-1421
APT-003663,2025-04-18,10:45,10,"K. Duarte, PT",Physio assessment,kept,38.0,4.9,126.28,Corporate plan,PT-1103
APT-003650,2025-04-18,11:16,11,Dr. Faber,Exam & imaging,kept,28.4,6.7,66.87,Corporate plan,PT-1231
APT-003666,2025-04-18,11:34,11,Dr. Faber,Filling,kept,43.9,4.2,200.49,Private,PT-1381
APT-003679,2025-04-18,11:46,11,Dr. Almeida,Hygiene recall,kept,46.1,13.9,134.96,Private,PT-2555
APT-003671,2025-04-18,12:09,12,Dr. Benitez,Physio assessment,kept,45.1,6.3,130.79,Insurance,PT-2365
APT-003657,2025-04-18,12:47,12,Dr. Benitez,Hygiene recall,kept,38.0,7.6,141.9,Private,PT-3020
APT-003677,2025-04-18,12:55,12,Dr. Chandra,Physio session,kept,42.4,5.3,90.39,Insurance,PT-3084
APT-003654,2025-04-18,12:57,12,"K. Duarte, PT",Exam & imaging,no_show,35.7,3.2,0.0,Corporate plan,PT-3173
APT-003661,2025-04-18,14:12,14,Dr. Chandra,Hygiene recall,cancelled,52.7,9.2,16.29,Private,PT-2889
APT-003659,2025-04-18,14:35,14,Dr. Chandra,Hygiene recall,kept,48.5,16.7,106.07,Insurance,PT-1794
APT-003670,2025-04-18,14:44,14,Dr. Faber,Hygiene recall,kept,38.9,13.2,94.91,Corporate plan,PT-2112
APT-003653,2025-04-18,14:48,14,"M. Ellis, PT",Filling,no_show,37.2,11.2,0.0,Private,PT-2539
APT-003656,2025-04-18,14:54,14,"M. Ellis, PT",Hygiene recall,kept,32.1,8.8,127.08,Insurance,PT-2702
APT-003655,2025-04-18,14:59,14,Dr. Chandra,Hygiene recall,cancelled,40.8,22.6,14.15,Insurance,PT-1807
APT-003668,2025-04-18,16:15,16,Dr. Almeida,Physio assessment,kept,52.0,11.4,138.6,Insurance,PT-2968
APT-003675,2025-04-18,16:22,16,"M. Ellis, PT",Hygiene recall,kept,34.3,12.7,118.71,Insurance,PT-2364
APT-003658,2025-04-18,16:33,16,"M. Ellis, PT",Crown fit,kept,66.5,14.9,837.15,Private,PT-1511
APT-003672,2025-04-18,16:35,16,Dr. Almeida,Follow-up consult,cancelled,26.6,9.8,7.56,Insurance,PT-1012
APT-003664,2025-04-18,16:42,16,"K. Duarte, PT",Physio assessment,kept,56.8,8.1,117.38,Corporate plan,PT-2109
APT-003651,2025-04-18,16:49,16,Dr. Almeida,Filling,kept,42.8,9.1,182.36,Private,PT-1620
APT-003678,2025-04-18,16:51,16,Dr. Chandra,Hygiene recall,kept,53.1,11.4,141.38,Private,PT-1122
APT-003648,2025-04-18,17:50,17,Dr. Chandra,Hygiene recall,no_show,49.8,15.7,0.0,Insurance,PT-2944
APT-003701,2025-04-19,08:47,8,"M. Ellis, PT",Follow-up consult,kept,21.5,4.2,68.74,Insurance,PT-3169
APT-003684,2025-04-19,09:59,9,"M. Ellis, PT",Physio session,kept,56.0,3.5,83.62,Corporate plan,PT-3027
APT-003692,2025-04-19,10:05,10,"M. Ellis, PT",Hygiene recall,kept,38.1,13.5,121.02,Insurance,PT-2615
APT-003690,2025-04-19,11:00,11,"K. Duarte, PT",Physio assessment,kept,44.9,9.0,143.96,Insurance,PT-1425
APT-003702,2025-04-19,11:11,11,"K. Duarte, PT",Root canal,kept,83.1,6.2,532.49,Insurance,PT-1264
APT-003686,2025-04-19,11:12,11,"K. Duarte, PT",Exam & imaging,kept,16.0,5.2,76.71,Insurance,PT-2385
APT-003709,2025-04-19,11:28,11,"K. Duarte, PT",Filling,kept,46.7,4.4,179.52,Private,PT-2724
APT-003707,2025-04-19,12:15,12,"K. Duarte, PT",Hygiene recall,kept,43.9,4.0,115.81,Insurance,PT-1323
APT-003704,2025-04-19,12:18,12,"M. Ellis, PT",Exam & imaging,kept,26.5,11.7,104.15,Private,PT-2714
APT-003695,2025-04-19,13:16,13,"K. Duarte, PT",Physio session,kept,39.4,20.3,91.68,Insurance,PT-1823
APT-003682,2025-04-19,14:01,14,"M. Ellis, PT",Exam & imaging,kept,24.1,12.2,104.14,Private,PT-2456
APT-003703,2025-04-19,14:30,14,"K. Duarte, PT",Physio assessment,kept,57.4,10.3,142.48,Private,PT-2797
APT-003694,2025-04-19,14:35,14,"K. Duarte, PT",Hygiene recall,kept,38.5,9.8,135.13,Private,PT-1703
APT-003680,2025-04-19,14:57,14,"K. Duarte, PT",Hygiene recall,kept,35.9,14.2,113.51,Insurance,PT-3161
APT-003689,2025-04-19,14:58,14,"K. Duarte, PT",Filling,kept,35.6,8.5,201.66,Insurance,PT-1655
APT-003699,2025-04-19,15:05,15,"K. Duarte, PT",Filling,kept,58.1,12.0,161.72,Corporate plan,PT-2628
APT-003693,2025-04-19,15:16,15,"K. Duarte, PT",Filling,kept,43.8,9.7,222.24,Private,PT-3169
APT-003687,2025-04-19,15:27,15,"M. Ellis, PT",Hygiene recall,kept,41.2,11.5,127.22,Private,PT-1375
APT-003696,2025-04-19,15:37,15,"K. Duarte, PT",Hygiene recall,kept,50.2,12.8,119.44,Insurance,PT-1380
APT-003708,2025-04-19,16:03,16,"K. Duarte, PT",Crown fit,kept,55.2,18.7,778.73,Corporate plan,PT-1470
APT-003683,2025-04-19,16:07,16,"M. Ellis, PT",Physio assessment,kept,53.4,11.7,127.1,Insurance,PT-1035
APT-003706,2025-04-19,16:12,16,"M. Ellis, PT",Exam & imaging,no_show,33.2,29.6,0.0,Insurance,PT-1298
APT-003700,2025-04-19,16:15,16,"K. Duarte, PT",Hygiene recall,kept,47.8,14.0,113.66,Insurance,PT-1854
APT-003697,2025-04-19,16:17,16,"K. Duarte, PT",Exam & imaging,kept,42.2,14.0,96.03,Insurance,PT-2961
APT-003681,2025-04-19,16:47,16,"M. Ellis, PT",Hygiene recall,kept,45.9,10.9,112.41,Private,PT-2012
APT-003688,2025-04-19,17:00,17,"K. Duarte, PT",Root canal,cancelled,79.4,18.1,70.78,Private,PT-1139
APT-003698,2025-04-19,17:09,17,"K. Duarte, PT",Hygiene recall,kept,51.4,13.2,129.12,Insurance,PT-1362
APT-003691,2025-04-19,17:15,17,"K. Duarte, PT",Exam & imaging,rescheduled,19.6,10.3,0.0,Public scheme,PT-1943
APT-003705,2025-04-19,17:30,17,"K. Duarte, PT",Exam & imaging,kept,26.7,11.8,71.5,Corporate plan,PT-3071
APT-003685,2025-04-19,17:59,17,"K. Duarte, PT",Physio assessment,cancelled,58.5,13.7,15.85,Insurance,PT-1659
APT-003748,2025-04-21,08:14,8,Dr. Almeida,Hygiene recall,no_show,27.3,7.6,0.0,Private,PT-1380
APT-003738,2025-04-21,08:44,8,Dr. Almeida,Root canal,kept,88.6,3.7,585.31,Insurance,PT-2862
APT-003758,2025-04-21,09:16,9,Dr. Benitez,Filling,no_show,39.2,14.9,0.0,Corporate plan,PT-1700
APT-003752,2025-04-21,09:25,9,Dr. Almeida,Physio session,no_show,35.5,4.0,0.0,Public scheme,PT-1114
APT-003754,2025-04-21,09:32,9,"K. Duarte, PT",Exam & imaging,kept,23.5,13.4,102.44,Private,PT-2108
APT-003743,2025-04-21,09:43,9,Dr. Benitez,Physio assessment,kept,66.3,9.3,110.86,Corporate plan,PT-1697
APT-003761,2025-04-21,09:44,9,Dr. Benitez,Exam & imaging,kept,27.7,6.4,86.86,Private,PT-2779
APT-003713,2025-04-21,09:47,9,Dr. Almeida,Hygiene recall,kept,52.9,7.3,110.56,Corporate plan,PT-1309
APT-003729,2025-04-21,09:59,9,"K. Duarte, PT",Physio session,cancelled,32.0,5.7,10.44,Insurance,PT-1067
APT-003730,2025-04-21,10:06,10,Dr. Chandra,Exam & imaging,kept,43.1,4.3,95.75,Private,PT-1806
APT-003728,2025-04-21,10:10,10,Dr. Almeida,Exam & imaging,kept,24.5,6.9,94.04,Private,PT-1457
APT-003715,2025-04-21,10:20,10,Dr. Almeida,Physio session,kept,46.4,4.7,94.42,Private,PT-2005
APT-003720,2025-04-21,10:25,10,Dr. Almeida,Crown fit,cancelled,66.5,9.0,87.66,Insurance,PT-1993
APT-003742,2025-04-21,10:42,10,Dr. Benitez,Physio session,kept,37.6,4.9,82.17,Insurance,PT-1221
APT-003735,2025-04-21,10:43,10,Dr. Almeida,Filling,kept,37.9,6.2,164.86,Insurance,PT-2523
APT-003712,2025-04-21,11:05,11,Dr. Almeida,Physio session,kept,41.2,10.2,105.44,Private,PT-1094
APT-003755,2025-04-21,11:16,11,Dr. Chandra,Filling,kept,34.1,5.2,211.1,Private,PT-1666
APT-003750,2025-04-21,11:32,11,"K. Duarte, PT",Hygiene recall,kept,41.2,5.1,108.0,Insurance,PT-2375
APT-003753,2025-04-21,11:42,11,"K. Duarte, PT",Exam & imaging,kept,30.8,4.5,74.83,Insurance,PT-1910
APT-003741,2025-04-21,12:16,12,"K. Duarte, PT",Hygiene recall,kept,47.8,3.7,94.53,Public scheme,PT-3192
APT-003736,2025-04-21,12:27,12,Dr. Almeida,Hygiene recall,rescheduled,40.7,8.3,0.0,Insurance,PT-1484
APT-003756,2025-04-21,12:30,12,Dr. Almeida,Filling,kept,29.5,12.0,158.27,Corporate plan,PT-1638
APT-003724,2025-04-21,12:34,12,Dr. Chandra,Hygiene recall,kept,34.7,5.3,116.57,Insurance,PT-2065
APT-003739,2025-04-21,12:40,12,Dr. Benitez,Filling,kept,34.0,4.0,221.1,Private,PT-1038
APT-003710,2025-04-21,12:41,12,Dr. Benitez,Root canal,kept,75.9,7.3,567.81,Private,PT-2980
APT-003726,2025-04-21,12:42,12,Dr. Benitez,Hygiene recall,kept,39.7,5.1,97.31,Insurance,PT-1051
APT-003751,2025-04-21,12:42,12,Dr. Chandra,Hygiene recall,kept,47.0,12.2,102.32,Corporate plan,PT-2426
APT-003718,2025-04-21,12:43,12,Dr. Chandra,Physio session,kept,43.5,7.9,111.67,Private,PT-2803
APT-003733,2025-04-21,12:45,12,"K. Duarte, PT",Hygiene recall,kept,47.1,2.7,151.86,Private,PT-2929
APT-003732,2025-04-21,12:56,12,"K. Duarte, PT",Exam & imaging,kept,26.5,7.3,112.52,Private,PT-2763
APT-003716,2025-04-21,13:29,13,Dr. Chandra,Hygiene recall,kept,37.6,11.7,108.24,Corporate plan,PT-2955
APT-003746,2025-04-21,13:40,13,Dr. Benitez,Hygiene recall,no_show,38.5,10.5,0.0,Corporate plan,PT-2966
APT-003723,2025-04-21,13:54,13,Dr. Chandra,Physio session,kept,40.4,13.0,65.15,Public scheme,PT-2546
APT-003757,2025-04-21,14:01,14,Dr. Benitez,Hygiene recall,kept,49.8,19.4,108.63,Insurance,PT-1367
APT-003711,2025-04-21,14:08,14,Dr. Benitez,Hygiene recall,kept,57.1,9.8,120.52,Insurance,PT-1084
APT-003717,2025-04-21,14:16,14,Dr. Benitez,Hygiene recall,kept,44.7,10.7,90.32,Corporate plan,PT-1428
APT-003737,2025-04-21,14:26,14,Dr. Benitez,Physio session,kept,34.6,19.5,100.4,Insurance,PT-2514
APT-003740,2025-04-21,14:33,14,Dr. Almeida,Physio session,kept,44.9,10.1,83.47,Insurance,PT-1283
APT-003734,2025-04-21,14:40,14,Dr. Benitez,Hygiene recall,kept,38.6,13.3,107.9,Insurance,PT-2735
APT-003747,2025-04-21,15:07,15,Dr. Chandra,Exam & imaging,kept,29.9,9.2,81.79,Insurance,PT-1240
APT-003745,2025-04-21,15:12,15,Dr. Benitez,Hygiene recall,kept,46.6,10.3,135.99,Private,PT-1120
APT-003721,2025-04-21,16:11,16,"K. Duarte, PT",Hygiene recall,kept,50.1,17.5,116.05,Insurance,PT-1393
APT-003719,2025-04-21,16:15,16,Dr. Chandra,Exam & imaging,cancelled,25.7,10.1,9.28,Insurance,PT-1845
APT-003731,2025-04-21,16:19,16,"K. Duarte, PT",Filling,kept,48.6,12.1,138.18,Public scheme,PT-1300
APT-003714,2025-04-21,16:24,16,Dr. Chandra,Hygiene recall,kept,45.5,20.2,98.93,Corporate plan,PT-1880
APT-003759,2025-04-21,16:33,16,Dr. Almeida,Hygiene recall,kept,35.8,12.4,128.4,Insurance,PT-1608
APT-003725,2025-04-21,16:40,16,Dr. Chandra,Hygiene recall,kept,48.8,9.2,112.3,Insurance,PT-2713
APT-003722,2025-04-21,16:50,16,Dr. Chandra,Physio assessment,kept,63.2,9.0,158.91,Private,PT-1344
APT-003727,2025-04-21,17:12,17,Dr. Chandra,Filling,kept,45.0,11.4,134.2,Public scheme,PT-3100
APT-003749,2025-04-21,17:22,17,Dr. Benitez,Physio assessment,kept,68.4,9.6,139.9,Insurance,PT-1317
APT-003744,2025-04-21,17:45,17,"K. Duarte, PT",Hygiene recall,kept,44.9,11.5,111.07,Insurance,PT-3076
APT-003760,2025-04-21,17:47,17,Dr. Chandra,Root canal,kept,81.4,8.5,544.58,Insurance,PT-1348
APT-003794,2025-04-22,08:26,8,Dr. Benitez,Physio session,kept,45.1,6.8,68.2,Public scheme,PT-1238
APT-003782,2025-04-22,09:15,9,Dr. Almeida,Filling,kept,39.8,8.8,189.39,Private,PT-2313
APT-003806,2025-04-22,09:23,9,Dr. Chandra,Hygiene recall,kept,42.7,8.3,132.42,Private,PT-2251
APT-003788,2025-04-22,09:28,9,Dr. Almeida,Crown fit,kept,64.3,4.3,830.26,Insurance,PT-1038
APT-003810,2025-04-22,09:37,9,Dr. Chandra,Root canal,kept,82.4,9.5,503.09,Insurance,PT-2382
APT-003764,2025-04-22,09:58,9,"M. Ellis, PT",Physio assessment,kept,41.9,7.3,141.86,Private,PT-1116
APT-003784,2025-04-22,10:09,10,Dr. Chandra,Hygiene recall,kept,53.4,7.9,77.44,Public scheme,PT-2690
APT-003771,2025-04-22,10:20,10,Dr. Benitez,Physio assessment,rescheduled,57.8,3.8,0.0,Insurance,PT-1876
APT-003798,2025-04-22,10:44,10,Dr. Almeida,Root canal,kept,76.8,6.7,572.36,Insurance,PT-1143
APT-003780,2025-04-22,10:57,10,"K. Duarte, PT",Exam & imaging,kept,15.4,4.8,84.04,Private,PT-1199
APT-003767,2025-04-22,10:59,10,"K. Duarte, PT",Exam & imaging,kept,19.8,9.6,75.15,Insurance,PT-1667
APT-003776,2025-04-22,11:00,11,Dr. Almeida,Physio session,kept,36.7,8.2,79.62,Insurance,PT-3181
APT-003807,2025-04-22,11:00,11,Dr. Almeida,Exam & imaging,kept,35.2,3.8,79.53,Insurance,PT-2368
APT-003791,2025-04-22,11:03,11,Dr. Almeida,Hygiene recall,kept,38.3,7.6,110.43,Corporate plan,PT-2950
APT-003799,2025-04-22,11:03,11,Dr. Benitez,Root canal,kept,78.9,12.0,401.3,Public scheme,PT-2202
APT-003808,2025-04-22,11:31,11,Dr. Benitez,Hygiene recall,kept,35.7,12.6,115.55,Insurance,PT-2256
APT-003800,2025-04-22,11:38,11,"K. Duarte, PT",Hygiene recall,cancelled,44.6,3.1,10.51,Public scheme,PT-2436
APT-003804,2025-04-22,11:40,11,"M. Ellis, PT",Physio session,kept,34.0,12.3,107.87,Private,PT-2567
APT-003787,2025-04-22,11:44,11,Dr. Almeida,Hygiene recall,kept,37.4,12.2,124.53,Private,PT-2109
APT-003769,2025-04-22,11:50,11,Dr. Chandra,Physio session,kept,43.7,13.8,93.07,Insurance,PT-2582
APT-003770,2025-04-22,12:01,12,Dr. Almeida,Hygiene recall,kept,37.6,12.3,81.63,Public scheme,PT-2094
APT-003775,2025-04-22,12:14,12,Dr. Chandra,Filling,kept,31.6,13.5,198.22,Insurance,PT-2406
APT-003809,2025-04-22,12:14,12,Dr. Chandra,Hygiene recall,kept,42.2,6.4,103.87,Insurance,PT-1685
APT-003785,2025-04-22,12:26,12,Dr. Chandra,Physio assessment,kept,39.7,7.3,155.02,Insurance,PT-2701
APT-003762,2025-04-22,12:37,12,Dr. Benitez,Hygiene recall,kept,48.8,6.8,102.49,Corporate plan,PT-2390
APT-003797,2025-04-22,12:54,12,"K. Duarte, PT",Physio session,kept,36.7,8.7,82.99,Insurance,PT-1272
APT-003811,2025-04-22,12:54,12,Dr. Chandra,Exam & imaging,kept,20.2,5.7,94.0,Private,PT-2401
APT-003803,2025-04-22,13:35,13,"M. Ellis, PT",Filling,kept,40.8,15.4,190.96,Insurance,PT-3103
APT-003774,2025-04-22,13:37,13,Dr. Chandra,Physio session,kept,42.7,11.4,87.93,Corporate plan,PT-1453
APT-003792,2025-04-22,14:07,14,Dr. Benitez,Hygiene recall,kept,48.2,26.0,129.21,Private,PT-3194
APT-003766,2025-04-22,14:14,14,Dr. Benitez,Hygiene recall,kept,42.9,25.2,133.22,Private,PT-2298
APT-003795,2025-04-22,14:31,14,"M. Ellis, PT",Physio session,kept,32.5,10.8,89.86,Insurance,PT-1433
APT-003796,2025-04-22,14:33,14,"K. Duarte, PT",Hygiene recall,kept,37.8,10.7,111.75,Insurance,PT-1443
APT-003768,2025-04-22,14:38,14,Dr. Almeida,Exam & imaging,kept,27.0,15.4,100.28,Private,PT-1085
APT-003778,2025-04-22,14:48,14,Dr. Chandra,Exam & imaging,kept,25.4,12.9,98.45,Private,PT-2559
APT-003777,2025-04-22,14:53,14,"M. Ellis, PT",Physio assessment,cancelled,46.4,9.5,17.54,Insurance,PT-2118
APT-003765,2025-04-22,15:03,15,"M. Ellis, PT",Hygiene recall,kept,42.4,17.9,149.36,Private,PT-1719
APT-003790,2025-04-22,15:20,15,"M. Ellis, PT",Physio assessment,kept,63.3,17.8,133.86,Insurance,PT-3188
APT-003802,2025-04-22,15:35,15,Dr. Almeida,Physio session,kept,35.6,12.9,117.67,Private,PT-2321
APT-003779,2025-04-22,15:38,15,Dr. Almeida,Physio session,kept,41.4,27.3,83.17,Insurance,PT-2922
APT-003789,2025-04-22,15:46,15,Dr. Benitez,Physio session,kept,40.1,18.9,111.77,Private,PT-2759
APT-003805,2025-04-22,16:05,16,"K. Duarte, PT",Root canal,kept,66.9,18.0,532.93,Insurance,PT-2006
APT-003786,2025-04-22,16:08,16,Dr. Chandra,Physio assessment,kept,53.9,13.0,131.23,Corporate plan,PT-1263
APT-003783,2025-04-22,16:17,16,Dr. Benitez,Exam & imaging,kept,25.8,8.6,65.09,Insurance,PT-2455
APT-003781,2025-04-22,16:26,16,Dr. Chandra,Exam & imaging,kept,18.8,28.2,77.11,Insurance,PT-1214
APT-003773,2025-04-22,16:39,16,Dr. Almeida,Hygiene recall,kept,51.4,9.0,104.24,Corporate plan,PT-1193
APT-003801,2025-04-22,16:51,16,Dr. Chandra,Filling,kept,56.1,17.7,210.81,Private,PT-3159
APT-003793,2025-04-22,16:58,16,Dr. Chandra,Exam & imaging,kept,27.7,11.2,91.55,Private,PT-2618
APT-003763,2025-04-22,17:08,17,Dr. Almeida,Filling,no_show,51.1,8.8,0.0,Private,PT-2445
APT-003772,2025-04-22,17:23,17,"M. Ellis, PT",Physio assessment,kept,57.5,11.4,172.23,Private,PT-3013
APT-003839,2025-04-23,09:06,9,Dr. Benitez,Root canal,kept,84.2,5.8,552.6,Insurance,PT-1998
APT-003831,2025-04-23,09:12,9,"K. Duarte, PT",Root canal,no_show,83.8,5.5,0.0,Private,PT-2655
APT-003827,2025-04-23,09:17,9,"M. Ellis, PT",Hygiene recall,kept,51.7,11.8,134.78,Insurance,PT-2170
APT-003822,2025-04-23,09:22,9,"K. Duarte, PT",Physio session,kept,31.2,7.0,79.93,Corporate plan,PT-2548
APT-003846,2025-04-23,09:30,9,Dr. Benitez,Hygiene recall,kept,65.7,7.8,113.5,Insurance,PT-1100
APT-003812,2025-04-23,10:13,10,Dr. Almeida,Hygiene recall,kept,35.3,6.3,110.18,Corporate plan,PT-1857
APT-003854,2025-04-23,10:13,10,Dr. Benitez,Hygiene recall,kept,45.6,4.6,126.4,Private,PT-2260
APT-003828,2025-04-23,10:30,10,"M. Ellis, PT",Physio assessment,kept,71.1,12.6,120.61,Corporate plan,PT-3038
APT-003843,2025-04-23,10:34,10,Dr. Faber,Filling,kept,59.8,5.5,151.24,Insurance,PT-2787
APT-003829,2025-04-23,10:46,10,"K. Duarte, PT",Hygiene recall,rescheduled,40.5,6.7,0.0,Private,PT-3158
APT-003833,2025-04-23,10:51,10,Dr. Almeida,Physio session,kept,44.6,14.8,86.0,Insurance,PT-1946
APT-003842,2025-04-23,11:00,11,Dr. Almeida,Hygiene recall,rescheduled,45.4,3.8,0.0,Insurance,PT-2276
APT-003855,2025-04-23,11:29,11,"M. Ellis, PT",Physio assessment,kept,56.8,6.2,100.15,Public scheme,PT-3093
APT-003856,2025-04-23,11:52,11,Dr. Faber,Hygiene recall,kept,45.8,5.6,105.28,Corporate plan,PT-2085
APT-003823,2025-04-23,12:22,12,Dr. Benitez,Exam & imaging,kept,30.9,27.3,75.81,Insurance,PT-1331
APT-003821,2025-04-23,12:31,12,"M. Ellis, PT",Hygiene recall,kept,45.8,7.0,140.95,Private,PT-2453
APT-003851,2025-04-23,12:39,12,Dr. Benitez,Crown fit,kept,70.9,5.8,867.57,Private,PT-1744
APT-003848,2025-04-23,13:14,13,"M. Ellis, PT",Exam & imaging,kept,14.5,12.5,79.4,Insurance,PT-1914
APT-003816,2025-04-23,13:19,13,Dr. Almeida,Hygiene recall,rescheduled,56.2,13.3,0.0,Corporate plan,PT-1263
APT-003824,2025-04-23,13:28,13,"K. Duarte, PT",Hygiene recall,rescheduled,35.3,9.7,0.0,Private,PT-1382
APT-003859,2025-04-23,13:47,13,Dr. Benitez,Physio assessment,kept,45.4,14.1,125.81,Corporate plan,PT-1966
APT-003835,2025-04-23,13:48,13,"M. Ellis, PT",Physio session,no_show,40.9,14.6,0.0,Insurance,PT-2965
APT-003844,2025-04-23,14:03,14,"K. Duarte, PT",Root canal,kept,83.3,9.9,658.31,Private,PT-1804
APT-003858,2025-04-23,14:09,14,"M. Ellis, PT",Hygiene recall,kept,34.7,13.3,139.22,Private,PT-1273
APT-003853,2025-04-23,14:15,14,"K. Duarte, PT",Hygiene recall,kept,41.7,11.6,112.01,Insurance,PT-2278
APT-003813,2025-04-23,14:36,14,Dr. Faber,Exam & imaging,kept,28.3,8.3,74.74,Corporate plan,PT-1873
APT-003819,2025-04-23,14:52,14,Dr. Benitez,Filling,kept,40.4,8.2,138.73,Public scheme,PT-1097
APT-003849,2025-04-23,15:10,15,Dr. Benitez,Hygiene recall,kept,58.0,8.7,118.44,Insurance,PT-1470
APT-003825,2025-04-23,15:12,15,"M. Ellis, PT",Physio session,cancelled,24.2,12.4,10.97,Insurance,PT-2247
APT-003836,2025-04-23,15:22,15,"M. Ellis, PT",Hygiene recall,kept,42.5,25.1,126.29,Insurance,PT-2985
APT-003817,2025-04-23,15:26,15,Dr. Benitez,Crown fit,kept,62.0,9.8,772.69,Insurance,PT-1798
APT-003841,2025-04-23,15:50,15,Dr. Almeida,Hygiene recall,kept,45.7,14.4,86.43,Public scheme,PT-3097
APT-003845,2025-04-23,15:50,15,Dr. Almeida,Hygiene recall,kept,46.9,14.6,114.43,Insurance,PT-1746
APT-003847,2025-04-23,15:56,15,"M. Ellis, PT",Follow-up consult,cancelled,25.2,9.8,6.75,Corporate plan,PT-2538
APT-003830,2025-04-23,16:03,16,"K. Duarte, PT",Exam & imaging,cancelled,28.4,14.2,9.16,Corporate plan,PT-1764
APT-003860,2025-04-23,16:05,16,Dr. Benitez,Physio session,kept,40.4,10.7,87.13,Insurance,PT-2479
APT-003850,2025-04-23,16:22,16,"M. Ellis, PT",Root canal,kept,61.4,10.8,428.67,Public scheme,PT-1471
APT-003818,2025-04-23,16:26,16,"M. Ellis, PT",Hygiene recall,kept,61.0,8.9,140.23,Private,PT-1917
APT-003852,2025-04-23,16:26,16,Dr. Almeida,Filling,no_show,45.1,9.0,0.0,Insurance,PT-1900
APT-003826,2025-04-23,16:29,16,"M. Ellis, PT",Crown fit,kept,69.9,12.1,764.13,Corporate plan,PT-1674
APT-003814,2025-04-23,16:32,16,Dr. Faber,Physio assessment,kept,62.2,15.9,110.55,Corporate plan,PT-1320
APT-003832,2025-04-23,16:37,16,Dr. Faber,Follow-up consult,kept,11.6,9.1,58.87,Insurance,PT-1280
APT-003840,2025-04-23,16:52,16,"M. Ellis, PT",Hygiene recall,kept,36.7,9.4,117.7,Corporate plan,PT-1459
APT-003834,2025-04-23,16:55,16,Dr. Almeida,Physio session,no_show,32.1,8.9,0.0,Insurance,PT-1417
APT-003857,2025-04-23,17:07,17,Dr. Faber,Hygiene recall,kept,31.4,17.9,122.12,Corporate plan,PT-1394
APT-003837,2025-04-23,17:14,17,"K. Duarte, PT",Hygiene recall,kept,54.2,10.7,147.13,Private,PT-1366
APT-003838,2025-04-23,17:24,17,Dr. Almeida,Hygiene recall,kept,52.1,14.9,101.93,Corporate plan,PT-1354
APT-003815,2025-04-23,17:30,17,"K. Duarte, PT",Hygiene recall,kept,52.1,12.3,84.5,Public scheme,PT-1429
APT-003820,2025-04-23,17:46,17,"M. Ellis, PT",Filling,kept,47.2,12.3,235.14,Private,PT-1673
APT-003900,2025-04-24,08:31,8,Dr. Chandra,Physio assessment,kept,49.7,12.2,152.72,Insurance,PT-1246
APT-003876,2025-04-24,08:52,8,Dr. Faber,Physio assessment,kept,47.7,10.7,147.11,Insurance,PT-2480
APT-003865,2025-04-24,08:57,8,Dr. Faber,Hygiene recall,kept,37.0,8.1,114.08,Insurance,PT-2020
APT-003861,2025-04-24,09:20,9,Dr. Benitez,Filling,kept,48.1,4.6,135.18,Public scheme,PT-1842
APT-003875,2025-04-24,09:22,9,Dr. Faber,Filling,no_show,37.1,6.5,0.0,Private,PT-2669
APT-003880,2025-04-24,09:28,9,"K. Duarte, PT",Hygiene recall,kept,48.0,7.9,125.27,Insurance,PT-2705
APT-003862,2025-04-24,09:34,9,"M. Ellis, PT",Exam & imaging,kept,29.1,6.1,106.14,Private,PT-3087
APT-003883,2025-04-24,09:38,9,Dr. Almeida,Hygiene recall,kept,53.7,7.7,129.24,Private,PT-2604
APT-003866,2025-04-24,09:47,9,Dr. Benitez,Crown fit,cancelled,54.0,4.0,69.63,Public scheme,PT-1490
APT-003872,2025-04-24,09:48,9,Dr. Faber,Exam & imaging,kept,18.4,10.7,89.24,Insurance,PT-1193
APT-003913,2025-04-24,09:48,9,"K. Duarte, PT",Physio session,kept,36.2,6.5,99.17,Insurance,PT-1490
APT-003899,2025-04-24,09:49,9,Dr. Benitez,Filling,kept,55.9,4.9,166.34,Insurance,PT-1647
APT-003893,2025-04-24,09:52,9,Dr. Almeida,Filling,kept,40.8,4.2,174.53,Corporate plan,PT-1564
APT-003886,2025-04-24,10:19,10,Dr. Almeida,Exam & imaging,no_show,33.9,4.4,0.0,Corporate plan,PT-2766
APT-003903,2025-04-24,10:19,10,"K. Duarte, PT",Physio assessment,kept,66.3,6.0,135.06,Corporate plan,PT-1427
APT-003902,2025-04-24,10:24,10,Dr. Faber,Exam & imaging,kept,24.7,4.5,99.51,Private,PT-1119
APT-003910,2025-04-24,10:41,10,Dr. Almeida,Filling,kept,45.0,8.1,202.48,Private,PT-1312
APT-003864,2025-04-24,10:46,10,Dr. Almeida,Physio session,kept,47.8,8.8,85.3,Insurance,PT-2149
APT-003870,2025-04-24,10:49,10,Dr. Benitez,Hygiene recall,kept,58.8,4.0,102.9,Corporate plan,PT-1430
APT-003888,2025-04-24,10:50,10,"M. Ellis, PT",Physio session,no_show,36.2,9.4,0.0,Insurance,PT-2495
APT-003887,2025-04-24,10:54,10,Dr. Benitez,Exam & imaging,kept,14.6,11.9,104.56,Private,PT-2427
APT-003904,2025-04-24,11:24,11,"M. Ellis, PT",Exam & imaging,no_show,23.9,3.7,0.0,Insurance,PT-1132
APT-003905,2025-04-24,11:26,11,Dr. Chandra,Hygiene recall,kept,32.9,10.3,147.25,Private,PT-1719
APT-003897,2025-04-24,11:30,11,Dr. Benitez,Filling,kept,34.6,10.4,208.6,Private,PT-3016
APT-003890,2025-04-24,11:46,11,Dr. Benitez,Exam & imaging,kept,22.9,6.5,88.8,Private,PT-1409
APT-003911,2025-04-24,11:53,11,Dr. Chandra,Physio session,kept,29.8,21.8,100.02,Private,PT-2097
APT-003881,2025-04-24,12:00,12,Dr. Benitez,Physio session,kept,35.0,7.1,93.38,Insurance,PT-3145
APT-003878,2025-04-24,12:08,12,Dr. Almeida,Hygiene recall,kept,46.1,4.5,105.72,Insurance,PT-2389
APT-003889,2025-04-24,13:21,13,Dr. Almeida,Exam & imaging,kept,27.0,13.8,99.46,Private,PT-3010
APT-003909,2025-04-24,13:27,13,Dr. Chandra,Physio assessment,cancelled,49.4,13.0,16.8,Insurance,PT-1345
APT-003874,2025-04-24,13:50,13,"M. Ellis, PT",Hygiene recall,kept,40.8,11.6,114.8,Insurance,PT-2801
APT-003867,2025-04-24,14:08,14,Dr. Almeida,Physio session,kept,39.0,10.2,101.58,Insurance,PT-1213
APT-003871,2025-04-24,14:08,14,"M. Ellis, PT",Hygiene recall,cancelled,49.4,18.8,16.38,Private,PT-2786
APT-003884,2025-04-24,14:17,14,"M. Ellis, PT",Hygiene recall,kept,56.0,8.2,104.63,Corporate plan,PT-2727
APT-003868,2025-04-24,14:33,14,"M. Ellis, PT",Exam & imaging,kept,21.0,18.9,83.19,Insurance,PT-1273
APT-003891,2025-04-24,14:46,14,Dr. Benitez,Physio session,kept,38.3,13.1,61.74,Public scheme,PT-1072
APT-003906,2025-04-24,14:50,14,Dr. Benitez,Exam & imaging,kept,23.1,12.3,78.35,Insurance,PT-3146
APT-003901,2025-04-24,14:57,14,"K. Duarte, PT",Filling,kept,48.9,19.6,156.24,Corporate plan,PT-2098
APT-003896,2025-04-24,14:59,14,"K. Duarte, PT",Physio assessment,cancelled,56.6,15.9,15.78,Insurance,PT-2600
APT-003898,2025-04-24,15:09,15,Dr. Faber,Hygiene recall,kept,53.5,7.9,104.18,Insurance,PT-1590
APT-003914,2025-04-24,15:24,15,Dr. Benitez,Crown fit,kept,59.9,19.7,838.69,Insurance,PT-1019
APT-003863,2025-04-24,15:44,15,Dr. Chandra,Hygiene recall,kept,58.2,14.0,123.26,Insurance,PT-2404
APT-003873,2025-04-24,15:59,15,Dr. Almeida,Exam & imaging,kept,25.2,11.0,101.11,Private,PT-1366
APT-003882,2025-04-24,15:59,15,"K. Duarte, PT",Physio session,kept,49.3,11.9,82.92,Insurance,PT-2017
APT-003895,2025-04-24,15:59,15,"M. Ellis, PT",Filling,kept,56.4,9.8,193.83,Insurance,PT-1911
APT-003869,2025-04-24,16:14,16,Dr. Chandra,Exam & imaging,kept,18.7,16.4,95.8,Private,PT-2044
APT-003907,2025-04-24,16:34,16,"M. Ellis, PT",Exam & imaging,kept,17.4,11.0,83.8,Insurance,PT-3015
APT-003879,2025-04-24,16:37,16,Dr. Chandra,Hygiene recall,kept,43.3,9.7,112.45,Corporate plan,PT-2561
APT-003908,2025-04-24,16:59,16,"K. Duarte, PT",Root canal,kept,81.9,10.9,423.78,Public scheme,PT-1189
APT-003912,2025-04-24,17:01,17,Dr. Almeida,Physio session,kept,46.9,10.4,111.21,Private,PT-2993
APT-003877,2025-04-24,17:10,17,Dr. Benitez,Exam & imaging,kept,39.7,18.9,77.79,Insurance,PT-1930
APT-003885,2025-04-24,17:32,17,Dr. Benitez,Physio assessment,kept,38.9,8.7,130.24,Insurance,PT-3181
APT-003892,2025-04-24,17:48,17,Dr. Chandra,Crown fit,cancelled,62.4,10.5,97.94,Insurance,PT-3119
APT-003894,2025-04-24,17:50,17,Dr. Benitez,Hygiene recall,kept,47.7,9.9,112.48,Insurance,PT-2089
APT-003941,2025-04-25,08:37,8,Dr. Faber,Hygiene recall,kept,48.9,5.7,91.82,Public scheme,PT-2090
APT-003916,2025-04-25,08:52,8,"M. Ellis, PT",Root canal,kept,85.0,6.2,516.91,Corporate plan,PT-1259
APT-003925,2025-04-25,09:07,9,Dr. Chandra,Physio assessment,kept,61.1,9.4,121.92,Corporate plan,PT-2184
APT-003936,2025-04-25,09:20,9,"M. Ellis, PT",Physio session,kept,34.5,4.3,89.99,Insurance,PT-3137
APT-003940,2025-04-25,09:30,9,Dr. Benitez,Hygiene recall,kept,41.6,6.4,130.75,Private,PT-1309
APT-003949,2025-04-25,09:36,9,Dr. Faber,Physio assessment,kept,47.9,7.2,93.26,Public scheme,PT-1350
APT-003942,2025-04-25,09:51,9,Dr. Benitez,Root canal,kept,71.3,8.1,548.14,Insurance,PT-1443
APT-003927,2025-04-25,09:55,9,Dr. Benitez,Physio assessment,cancelled,48.5,5.2,14.46,Insurance,PT-1146
APT-003943,2025-04-25,10:17,10,Dr. Almeida,Follow-up consult,rescheduled,16.2,7.7,0.0,Private,PT-1920
APT-003948,2025-04-25,10:49,10,Dr. Faber,Hygiene recall,kept,47.8,13.0,100.19,Corporate plan,PT-1472
APT-003919,2025-04-25,11:00,11,Dr. Benitez,Hygiene recall,kept,46.9,10.0,114.23,Insurance,PT-1892
APT-003924,2025-04-25,11:10,11,"M. Ellis, PT",Physio session,kept,25.8,2.9,82.29,Corporate plan,PT-3008
APT-003944,2025-04-25,11:28,11,Dr. Benitez,Physio session,kept,41.5,6.0,109.16,Private,PT-3074
APT-003934,2025-04-25,11:34,11,Dr. Chandra,Hygiene recall,kept,45.0,16.9,88.97,Public scheme,PT-2202
APT-003915,2025-04-25,11:41,11,"M. Ellis, PT",Hygiene recall,no_show,38.5,5.1,0.0,Private,PT-1648
APT-003938,2025-04-25,11:46,11,Dr. Almeida,Hygiene recall,kept,53.5,19.1,141.53,Private,PT-2138
APT-003918,2025-04-25,11:55,11,"K. Duarte, PT",Physio session,kept,51.6,13.7,83.79,Corporate plan,PT-2747
APT-003932,2025-04-25,12:27,12,Dr. Chandra,Physio session,kept,39.1,18.2,112.19,Private,PT-1179
APT-003946,2025-04-25,12:50,12,"K. Duarte, PT",Exam & imaging,no_show,19.2,7.2,0.0,Private,PT-2330
APT-003923,2025-04-25,13:36,13,Dr. Benitez,Exam & imaging,kept,23.6,11.0,56.93,Public scheme,PT-3000
APT-003945,2025-04-25,14:08,14,"K. Duarte, PT",Follow-up consult,kept,30.9,11.6,55.34,Private,PT-2666
APT-003939,2025-04-25,14:16,14,"K. Duarte, PT",Follow-up consult,kept,20.8,15.6,64.92,Private,PT-1247
APT-003947,2025-04-25,14:25,14,Dr. Benitez,Exam & imaging,kept,24.5,10.9,86.74,Insurance,PT-2063
APT-003951,2025-04-25,14:44,14,Dr. Benitez,Hygiene recall,kept,38.3,11.1,145.41,Private,PT-1877
APT-003950,2025-04-25,15:17,15,"M. Ellis, PT",Physio session,kept,45.1,8.7,113.61,Private,PT-3087
APT-003930,2025-04-25,15:42,15,Dr. Almeida,Crown fit,kept,66.1,8.6,715.3,Corporate plan,PT-2688
APT-003917,2025-04-25,15:56,15,Dr. Faber,Root canal,no_show,88.1,13.3,0.0,Insurance,PT-3175
APT-003922,2025-04-25,16:11,16,Dr. Benitez,Follow-up consult,kept,11.7,11.4,61.28,Insurance,PT-2979
APT-003928,2025-04-25,16:17,16,Dr. Almeida,Exam & imaging,kept,26.2,13.9,74.62,Insurance,PT-2571
APT-003931,2025-04-25,16:19,16,Dr. Benitez,Exam & imaging,kept,18.3,17.1,94.22,Private,PT-2164
APT-003933,2025-04-25,16:20,16,"K. Duarte, PT",Hygiene recall,kept,56.4,9.7,127.61,Private,PT-3081
APT-003937,2025-04-25,16:20,16,Dr. Almeida,Exam & imaging,kept,18.4,12.9,85.53,Insurance,PT-1601
APT-003920,2025-04-25,16:27,16,Dr. Faber,Hygiene recall,rescheduled,36.0,14.8,0.0,Public scheme,PT-1073
APT-003929,2025-04-25,16:30,16,"K. Duarte, PT",Exam & imaging,kept,30.7,13.7,90.66,Private,PT-1900
APT-003926,2025-04-25,17:26,17,"M. Ellis, PT",Hygiene recall,cancelled,50.5,11.9,17.43,Private,PT-2650
APT-003935,2025-04-25,17:33,17,"M. Ellis, PT",Hygiene recall,kept,43.5,15.4,85.75,Public scheme,PT-3068
APT-003921,2025-04-25,17:58,17,"M. Ellis, PT",Physio session,kept,43.1,12.5,106.44,Private,PT-2379
APT-003954,2025-04-26,09:01,9,"K. Duarte, PT",Filling,kept,61.4,3.9,168.36,Corporate plan,PT-3063
APT-003956,2025-04-26,09:02,9,"K. Duarte, PT",Follow-up consult,kept,24.3,6.9,76.1,Private,PT-3149
APT-003969,2025-04-26,09:26,9,"K. Duarte, PT",Hygiene recall,kept,47.0,7.0,112.09,Insurance,PT-3181
APT-003955,2025-04-26,09:57,9,"M. Ellis, PT",Filling,kept,32.3,3.4,187.85,Corporate plan,PT-1266
APT-003958,2025-04-26,10:41,10,"K. Duarte, PT",Hygiene recall,kept,55.1,15.4,145.29,Private,PT-3152
APT-003957,2025-04-26,10:42,10,"M. Ellis, PT",Exam & imaging,kept,24.8,21.3,82.68,Insurance,PT-2182
APT-003960,2025-04-26,11:01,11,"M. Ellis, PT",Physio assessment,no_show,40.2,7.2,0.0,Insurance,PT-2068
APT-003967,2025-04-26,11:02,11,"M. Ellis, PT",Follow-up consult,kept,19.8,9.0,58.9,Insurance,PT-2391
APT-003952,2025-04-26,12:14,12,"K. Duarte, PT",Follow-up consult,cancelled,18.9,3.8,8.02,Private,PT-1349
APT-003968,2025-04-26,12:41,12,"K. Duarte, PT",Physio session,kept,41.6,13.5,102.72,Private,PT-2602
APT-003966,2025-04-26,13:01,13,"M. Ellis, PT",Filling,kept,48.5,10.9,126.6,Public scheme,PT-2110
APT-003953,2025-04-26,14:09,14,"M. Ellis, PT",Exam & imaging,kept,20.0,10.8,90.72,Private,PT-3157
APT-003959,2025-04-26,14:52,14,"M. Ellis, PT",Exam & imaging,kept,35.6,15.9,93.64,Private,PT-1363
APT-003962,2025-04-26,16:27,16,"M. Ellis, PT",Hygiene recall,kept,47.2,22.3,119.32,Private,PT-1361
APT-003963,2025-04-26,16:49,16,"K. Duarte, PT",Hygiene recall,kept,43.6,8.0,107.26,Insurance,PT-2858
APT-003964,2025-04-26,16:52,16,"M. Ellis, PT",Crown fit,rescheduled,59.0,11.2,0.0,Corporate plan,PT-2540
APT-003961,2025-04-26,16:53,16,"M. Ellis, PT",Hygiene recall,cancelled,40.7,31.3,9.8,Public scheme,PT-2793
APT-003965,2025-04-26,17:22,17,"M. Ellis, PT",Hygiene recall,kept,53.4,10.1,110.93,Insurance,PT-1251
APT-003978,2025-04-28,08:16,8,"K. Duarte, PT",Physio session,kept,41.1,5.0,82.05,Insurance,PT-2680
APT-004019,2025-04-28,09:25,9,Dr. Benitez,Follow-up consult,kept,23.6,5.6,52.29,Corporate plan,PT-2679
APT-003995,2025-04-28,09:43,9,Dr. Almeida,Filling,kept,48.6,13.0,163.1,Corporate plan,PT-1099
APT-004012,2025-04-28,09:59,9,"K. Duarte, PT",Physio session,kept,47.6,4.0,83.83,Insurance,PT-1111
APT-003975,2025-04-28,10:00,10,Dr. Almeida,Physio session,kept,45.7,5.3,94.98,Private,PT-2840
APT-004022,2025-04-28,10:02,10,Dr. Chandra,Hygiene recall,kept,51.3,4.7,139.05,Private,PT-1415
APT-003990,2025-04-28,10:06,10,Dr. Benitez,Exam & imaging,cancelled,29.8,6.4,11.64,Private,PT-2701
APT-004001,2025-04-28,10:08,10,Dr. Benitez,Hygiene recall,kept,32.9,5.5,101.3,Corporate plan,PT-2171
APT-003996,2025-04-28,10:11,10,Dr. Chandra,Root canal,kept,86.0,3.8,588.01,Insurance,PT-2422
APT-003972,2025-04-28,10:14,10,Dr. Benitez,Filling,cancelled,50.3,5.1,22.78,Insurance,PT-1961
APT-003974,2025-04-28,10:15,10,Dr. Benitez,Exam & imaging,kept,26.1,17.5,78.09,Insurance,PT-3019
APT-003989,2025-04-28,10:17,10,"K. Duarte, PT",Physio assessment,kept,68.1,12.5,131.65,Insurance,PT-2228
APT-004006,2025-04-28,10:21,10,"K. Duarte, PT",Hygiene recall,no_show,38.8,4.9,0.0,Insurance,PT-1397
APT-004005,2025-04-28,10:49,10,Dr. Benitez,Hygiene recall,kept,58.0,3.8,103.93,Corporate plan,PT-1123
APT-004016,2025-04-28,10:57,10,Dr. Benitez,Hygiene recall,kept,44.6,4.7,86.03,Public scheme,PT-3013
APT-004021,2025-04-28,10:58,10,Dr. Almeida,Hygiene recall,kept,49.7,9.0,116.21,Insurance,PT-1676
APT-003971,2025-04-28,11:21,11,Dr. Benitez,Hygiene recall,no_show,57.4,3.0,0.0,Private,PT-2676
APT-003999,2025-04-28,11:25,11,Dr. Almeida,Hygiene recall,rescheduled,29.6,7.0,0.0,Corporate plan,PT-2889
APT-003992,2025-04-28,11:26,11,Dr. Chandra,Hygiene recall,cancelled,36.5,9.0,13.25,Corporate plan,PT-1678
APT-003988,2025-04-28,11:31,11,"K. Duarte, PT",Physio session,kept,37.2,9.8,103.33,Private,PT-2704
APT-003982,2025-04-28,11:57,11,"K. Duarte, PT",Exam & imaging,kept,17.7,7.3,78.22,Insurance,PT-1081
APT-004017,2025-04-28,11:59,11,Dr. Chandra,Physio session,kept,35.9,4.8,83.04,Corporate plan,PT-1740
APT-003976,2025-04-28,12:33,12,Dr. Benitez,Exam & imaging,kept,20.1,6.0,100.1,Private,PT-2660
APT-003998,2025-04-28,12:37,12,Dr. Almeida,Exam & imaging,kept,28.4,8.9,87.44,Private,PT-2994
APT-004018,2025-04-28,12:48,12,Dr. Chandra,Filling,kept,42.4,4.8,184.5,Private,PT-1895
APT-003973,2025-04-28,12:49,12,Dr. Benitez,Hygiene recall,kept,53.7,5.0,144.93,Private,PT-2938
APT-003977,2025-04-28,12:57,12,Dr. Benitez,Physio assessment,kept,50.8,4.5,125.14,Corporate plan,PT-2432
APT-004023,2025-04-28,14:00,14,"K. Duarte, PT",Exam & imaging,kept,26.7,8.6,76.75,Corporate plan,PT-1016
APT-004003,2025-04-28,14:07,14,"K. Duarte, PT",Hygiene recall,cancelled,33.9,12.1,11.7,Corporate plan,PT-1135
APT-004015,2025-04-28,14:10,14,Dr. Chandra,Root canal,kept,81.3,10.9,386.24,Public scheme,PT-2983
APT-003983,2025-04-28,14:24,14,"K. Duarte, PT",Physio assessment,kept,55.2,15.4,114.74,Corporate plan,PT-1988
APT-003993,2025-04-28,14:28,14,Dr. Almeida,Exam & imaging,kept,42.4,16.8,79.14,Insurance,PT-1164
APT-004020,2025-04-28,14:31,14,Dr. Almeida,Physio session,kept,45.0,9.8,92.89,Insurance,PT-1340
APT-004008,2025-04-28,14:40,14,Dr. Benitez,Filling,kept,41.8,8.9,166.52,Insurance,PT-2071
APT-004000,2025-04-28,14:47,14,Dr. Almeida,Follow-up consult,kept,21.6,15.0,77.76,Private,PT-2479
APT-004014,2025-04-28,15:07,15,"K. Duarte, PT",Physio assessment,kept,49.7,9.5,114.75,Corporate plan,PT-2935
APT-004002,2025-04-28,15:11,15,"K. Duarte, PT",Exam & imaging,kept,30.7,9.5,78.23,Insurance,PT-1427
APT-004007,2025-04-28,15:27,15,Dr. Almeida,Filling,cancelled,51.0,11.4,25.56,Private,PT-2615
APT-003994,2025-04-28,15:38,15,Dr. Benitez,Exam & imaging,kept,22.9,28.7,82.69,Insurance,PT-2938
APT-004013,2025-04-28,15:43,15,Dr. Benitez,Root canal,kept,83.0,10.8,678.18,Private,PT-1428
APT-003985,2025-04-28,15:52,15,Dr. Benitez,Root canal,kept,84.0,15.5,666.77,Private,PT-1511
APT-003987,2025-04-28,15:56,15,Dr. Almeida,Exam & imaging,kept,17.3,19.9,59.26,Public scheme,PT-2774
APT-003981,2025-04-28,16:18,16,Dr. Chandra,Crown fit,kept,74.5,10.2,723.14,Insurance,PT-1535
APT-004004,2025-04-28,16:29,16,Dr. Chandra,Hygiene recall,cancelled,45.5,9.9,13.53,Insurance,PT-2562
APT-003997,2025-04-28,16:45,16,"K. Duarte, PT",Hygiene recall,kept,45.3,10.7,87.98,Public scheme,PT-1181
APT-004009,2025-04-28,16:50,16,Dr. Chandra,Root canal,kept,77.6,11.7,705.17,Private,PT-1395
APT-004011,2025-04-28,16:50,16,Dr. Benitez,Exam & imaging,kept,21.8,17.3,67.34,Corporate plan,PT-2475
APT-003984,2025-04-28,16:54,16,"K. Duarte, PT",Root canal,kept,79.4,15.7,703.22,Private,PT-2489
APT-003970,2025-04-28,17:25,17,Dr. Benitez,Hygiene recall,no_show,39.8,13.2,0.0,Corporate plan,PT-3031
APT-004010,2025-04-28,17:28,17,"K. Duarte, PT",Follow-up consult,no_show,16.0,16.0,0.0,Corporate plan,PT-3095
APT-003991,2025-04-28,17:39,17,"K. Duarte, PT",Crown fit,kept,64.9,11.7,954.46,Private,PT-2715
APT-003979,2025-04-28,17:41,17,Dr. Benitez,Physio session,kept,33.5,11.2,69.97,Public scheme,PT-3194
APT-003980,2025-04-28,17:41,17,"K. Duarte, PT",Exam & imaging,kept,33.4,14.7,103.44,Private,PT-1468
APT-003986,2025-04-28,17:50,17,Dr. Chandra,Hygiene recall,cancelled,47.6,16.5,14.59,Insurance,PT-1155
APT-004043,2025-04-29,08:43,8,"K. Duarte, PT",Physio assessment,kept,53.4,8.7,149.15,Private,PT-1665
APT-004063,2025-04-29,08:48,8,Dr. Almeida,Filling,kept,55.3,8.8,221.3,Private,PT-2301
APT-004031,2025-04-29,09:00,9,"K. Duarte, PT",Exam & imaging,kept,29.9,10.1,94.77,Private,PT-2916
APT-004060,2025-04-29,09:16,9,"M. Ellis, PT",Hygiene recall,kept,45.3,7.2,105.58,Insurance,PT-3172
APT-004058,2025-04-29,09:33,9,Dr. Chandra,Exam & imaging,kept,36.9,10.8,81.03,Insurance,PT-1244
APT-004032,2025-04-29,09:36,9,"M. Ellis, PT",Physio session,kept,29.8,10.6,87.52,Private,PT-2749
APT-004048,2025-04-29,09:38,9,"M. Ellis, PT",Crown fit,kept,54.2,3.6,528.96,Public scheme,PT-1213
APT-004057,2025-04-29,09:40,9,Dr. Benitez,Exam & imaging,kept,32.9,14.0,99.58,Private,PT-2651
APT-004040,2025-04-29,09:46,9,Dr. Almeida,Follow-up consult,kept,18.2,8.4,72.26,Private,PT-2994
APT-004030,2025-04-29,09:56,9,Dr. Chandra,Exam & imaging,kept,18.8,2.7,76.81,Insurance,PT-2419
APT-004054,2025-04-29,10:19,10,Dr. Chandra,Filling,cancelled,49.2,12.2,21.8,Corporate plan,PT-1517
APT-004069,2025-04-29,10:19,10,"M. Ellis, PT",Filling,kept,45.7,4.3,165.18,Insurance,PT-2998
APT-004045,2025-04-29,10:20,10,"K. Duarte, PT",Exam & imaging,kept,32.4,7.0,87.35,Insurance,PT-1589
APT-004034,2025-04-29,10:30,10,Dr. Benitez,Physio session,kept,31.8,5.4,104.18,Private,PT-2560
APT-004070,2025-04-29,10:40,10,Dr. Almeida,Exam & imaging,rescheduled,22.6,9.1,0.0,Corporate plan,PT-1666
APT-004035,2025-04-29,10:45,10,Dr. Almeida,Exam & imaging,kept,32.8,15.3,84.88,Insurance,PT-1447
APT-004050,2025-04-29,10:46,10,Dr. Chandra,Physio assessment,kept,58.0,6.8,150.48,Insurance,PT-2489
APT-004033,2025-04-29,10:55,10,Dr. Benitez,Exam & imaging,kept,24.1,7.4,87.01,Private,PT-1704
APT-004049,2025-04-29,10:59,10,Dr. Chandra,Hygiene recall,no_show,45.5,6.8,0.0,Private,PT-2136
APT-004036,2025-04-29,11:06,11,"K. Duarte, PT",Hygiene recall,kept,47.0,5.8,110.98,Insurance,PT-2463
APT-004024,2025-04-29,11:10,11,Dr. Almeida,Physio assessment,kept,59.9,6.1,137.02,Insurance,PT-2269
APT-004027,2025-04-29,11:28,11,"K. Duarte, PT",Physio session,kept,42.7,7.4,82.69,Insurance,PT-1622
APT-004065,2025-04-29,11:36,11,"M. Ellis, PT",Physio assessment,kept,54.5,5.1,138.87,Insurance,PT-2492
APT-004037,2025-04-29,11:41,11,"K. Duarte, PT",Filling,cancelled,49.0,6.6,22.93,Insurance,PT-2224
APT-004066,2025-04-29,12:03,12,Dr. Benitez,Physio assessment,kept,58.8,11.5,102.53,Corporate plan,PT-2491
APT-004025,2025-04-29,12:13,12,"K. Duarte, PT",Filling,kept,52.1,9.9,167.31,Corporate plan,PT-1827
APT-004055,2025-04-29,12:17,12,Dr. Almeida,Physio session,kept,34.3,5.8,99.09,Private,PT-1283
APT-004059,2025-04-29,12:53,12,Dr. Benitez,Exam & imaging,no_show,40.8,15.5,0.0,Insurance,PT-1238
APT-004061,2025-04-29,12:56,12,Dr. Benitez,Exam & imaging,kept,28.6,8.0,93.71,Corporate plan,PT-1506
APT-004026,2025-04-29,12:59,12,Dr. Benitez,Physio assessment,cancelled,70.3,2.9,14.38,Insurance,PT-1210
APT-004046,2025-04-29,13:03,13,Dr. Chandra,Physio session,kept,56.7,8.3,95.13,Insurance,PT-1509
APT-004056,2025-04-29,13:16,13,Dr. Chandra,Hygiene recall,kept,46.5,14.0,109.1,Insurance,PT-2553
APT-004047,2025-04-29,13:48,13,Dr. Chandra,Hygiene recall,rescheduled,43.5,7.9,0.0,Insurance,PT-1032
APT-004062,2025-04-29,13:59,13,"K. Duarte, PT",Exam & imaging,kept,30.6,9.6,66.87,Corporate plan,PT-3100
APT-004039,2025-04-29,14:03,14,Dr. Almeida,Hygiene recall,kept,49.0,9.0,128.71,Insurance,PT-1401
APT-004067,2025-04-29,14:12,14,Dr. Almeida,Filling,kept,46.9,9.9,273.1,Private,PT-1736
APT-004071,2025-04-29,14:12,14,"K. Duarte, PT",Filling,kept,52.9,8.1,225.69,Private,PT-2685
APT-004042,2025-04-29,14:34,14,"K. Duarte, PT",Exam & imaging,kept,14.4,15.0,81.49,Insurance,PT-2680
APT-004041,2025-04-29,14:41,14,Dr. Almeida,Exam & imaging,kept,34.1,17.0,80.13,Insurance,PT-1257
APT-004064,2025-04-29,15:30,15,Dr. Benitez,Exam & imaging,kept,14.3,11.1,86.13,Corporate plan,PT-1216
APT-004038,2025-04-29,15:45,15,Dr. Benitez,Physio assessment,kept,57.2,10.7,91.17,Public scheme,PT-1695
APT-004029,2025-04-29,16:02,16,Dr. Chandra,Physio assessment,kept,49.8,12.5,134.67,Insurance,PT-3112
APT-004053,2025-04-29,16:02,16,"K. Duarte, PT",Exam & imaging,kept,29.5,14.4,81.04,Insurance,PT-2183
APT-004028,2025-04-29,16:07,16,Dr. Almeida,Physio assessment,kept,54.5,10.0,124.72,Insurance,PT-2749
APT-004051,2025-04-29,16:14,16,"M. Ellis, PT",Crown fit,kept,74.7,12.8,675.45,Corporate plan,PT-2517
APT-004044,2025-04-29,16:20,16,Dr. Chandra,Filling,kept,39.9,9.4,167.91,Corporate plan,PT-1269
APT-004052,2025-04-29,16:33,16,"M. Ellis, PT",Exam & imaging,kept,30.3,8.5,59.44,Public scheme,PT-1999
APT-004068,2025-04-29,16:41,16,"K. Duarte, PT",Physio session,kept,34.9,8.3,77.49,Insurance,PT-2343
APT-004072,2025-04-29,16:42,16,Dr. Almeida,Physio session,kept,36.8,15.0,77.29,Insurance,PT-1735
APT-004097,2025-04-30,09:01,9,Dr. Benitez,Hygiene recall,rescheduled,38.5,9.9,0.0,Insurance,PT-2134
APT-004109,2025-04-30,09:05,9,Dr. Almeida,Filling,no_show,44.0,5.0,0.0,Corporate plan,PT-3147
APT-004105,2025-04-30,09:10,9,"K. Duarte, PT",Filling,kept,42.8,2.8,242.29,Private,PT-2207
APT-004107,2025-04-30,09:13,9,Dr. Almeida,Hygiene recall,kept,47.1,9.9,119.12,Corporate plan,PT-1498
APT-004074,2025-04-30,09:14,9,Dr. Almeida,Hygiene recall,kept,40.8,9.0,140.9,Private,PT-2336
APT-004102,2025-04-30,09:21,9,Dr. Benitez,Exam & imaging,kept,35.1,19.7,85.85,Corporate plan,PT-2964
APT-004085,2025-04-30,09:26,9,Dr. Faber,Physio assessment,kept,59.4,6.1,138.06,Private,PT-2537
APT-004099,2025-04-30,09:34,9,Dr. Almeida,Physio assessment,kept,54.4,4.6,131.55,Insurance,PT-1160
APT-004108,2025-04-30,09:54,9,Dr. Faber,Exam & imaging,kept,8.0,12.4,86.15,Insurance,PT-1266
APT-004091,2025-04-30,10:07,10,Dr. Almeida,Follow-up consult,kept,16.3,16.2,64.56,Insurance,PT-1766
APT-004088,2025-04-30,10:11,10,Dr. Faber,Physio session,kept,40.0,5.3,98.19,Private,PT-2304
APT-004093,2025-04-30,10:14,10,Dr. Benitez,Hygiene recall,kept,60.5,12.0,108.37,Insurance,PT-2935
APT-004114,2025-04-30,10:39,10,"K. Duarte, PT",Hygiene recall,kept,54.1,25.6,141.14,Private,PT-2843
APT-004090,2025-04-30,10:58,10,Dr. Almeida,Physio session,kept,43.3,3.5,87.46,Insurance,PT-1965
APT-004092,2025-04-30,11:00,11,"M. Ellis, PT",Exam & imaging,no_show,31.4,6.4,0.0,Insurance,PT-1749
APT-004096,2025-04-30,11:10,11,Dr. Benitez,Exam & imaging,kept,26.6,5.6,94.92,Private,PT-1157
APT-004098,2025-04-30,11:12,11,Dr. Almeida,Exam & imaging,no_show,27.4,6.9,0.0,Insurance,PT-2914
APT-004081,2025-04-30,11:16,11,Dr. Almeida,Exam & imaging,no_show,27.4,4.7,0.0,Private,PT-2694
APT-004086,2025-04-30,11:16,11,Dr. Benitez,Hygiene recall,cancelled,36.9,4.9,15.7,Insurance,PT-2195
APT-004084,2025-04-30,11:27,11,Dr. Almeida,Follow-up consult,no_show,16.5,10.4,0.0,Public scheme,PT-3198
APT-004110,2025-04-30,11:55,11,"M. Ellis, PT",Filling,kept,49.4,6.8,185.93,Private,PT-2791
APT-004073,2025-04-30,12:14,12,Dr. Faber,Hygiene recall,kept,45.4,4.9,117.91,Insurance,PT-1224
APT-004079,2025-04-30,12:34,12,"M. Ellis, PT",Physio session,kept,41.3,14.4,109.76,Private,PT-1023
APT-004113,2025-04-30,12:34,12,"K. Duarte, PT",Exam & imaging,kept,20.6,10.4,73.94,Corporate plan,PT-1316
APT-004104,2025-04-30,12:35,12,Dr. Faber,Physio assessment,cancelled,51.8,9.9,21.29,Private,PT-1225
APT-004103,2025-04-30,12:47,12,"M. Ellis, PT",Hygiene recall,kept,42.6,20.4,117.09,Insurance,PT-1876
APT-004089,2025-04-30,12:48,12,"M. Ellis, PT",Hygiene recall,kept,48.0,6.5,141.03,Private,PT-3051
APT-004112,2025-04-30,13:20,13,Dr. Faber,Exam & imaging,kept,30.1,9.9,82.32,Insurance,PT-2572
APT-004083,2025-04-30,13:42,13,Dr. Benitez,Exam & imaging,kept,29.5,8.3,97.91,Private,PT-3190
APT-004087,2025-04-30,14:01,14,Dr. Benitez,Physio assessment,kept,56.4,11.4,118.34,Insurance,PT-2725
APT-004094,2025-04-30,14:18,14,"M. Ellis, PT",Exam & imaging,rescheduled,30.9,16.2,0.0,Insurance,PT-3044
APT-004075,2025-04-30,14:24,14,Dr. Faber,Physio assessment,rescheduled,50.7,11.6,0.0,Corporate plan,PT-2455
APT-004111,2025-04-30,14:44,14,Dr. Almeida,Exam & imaging,kept,28.1,8.2,90.77,Private,PT-2915
APT-004095,2025-04-30,14:53,14,Dr. Benitez,Physio session,kept,39.0,12.1,93.95,Private,PT-2083
APT-004100,2025-04-30,14:56,14,Dr. Almeida,Filling,kept,51.2,10.2,192.48,Insurance,PT-1988
APT-004115,2025-04-30,16:00,16,"K. Duarte, PT",Exam & imaging,kept,18.7,10.8,60.02,Public scheme,PT-1241
APT-004080,2025-04-30,16:01,16,Dr. Almeida,Crown fit,kept,73.7,11.0,962.5,Private,PT-2234
APT-004082,2025-04-30,16:09,16,Dr. Almeida,Hygiene recall,kept,44.4,14.3,134.29,Private,PT-2557
APT-004101,2025-04-30,16:23,16,"K. Duarte, PT",Hygiene recall,kept,36.5,14.7,75.73,Public scheme,PT-1612
APT-004076,2025-04-30,17:26,17,"K. Duarte, PT",Filling,kept,45.9,14.5,172.75,Insurance,PT-1870
APT-004077,2025-04-30,17:36,17,"K. Duarte, PT",Filling,kept,37.8,8.4,230.53,Private,PT-1528
APT-004106,2025-04-30,17:37,17,Dr. Almeida,Hygiene recall,kept,43.2,17.9,117.93,Insurance,PT-3112
APT-004078,2025-04-30,17:40,17,"K. Duarte, PT",Hygiene recall,kept,46.8,13.4,107.93,Insurance,PT-1846
APT-004149,2025-05-01,08:53,8,Dr. Benitez,Exam & imaging,kept,23.9,6.7,94.63,Private,PT-1045
APT-004135,2025-05-01,08:59,8,Dr. Chandra,Crown fit,kept,71.6,3.7,994.08,Private,PT-2903
APT-004158,2025-05-01,09:08,9,"K. Duarte, PT",Physio session,kept,33.7,7.2,95.55,Insurance,PT-1393
APT-004125,2025-05-01,09:14,9,Dr. Chandra,Filling,kept,33.3,6.2,157.82,Corporate plan,PT-2639
APT-004147,2025-05-01,09:19,9,Dr. Almeida,Filling,kept,41.4,7.4,173.81,Corporate plan,PT-2699
APT-004140,2025-05-01,09:21,9,Dr. Almeida,Hygiene recall,kept,34.2,5.9,115.25,Insurance,PT-2761
APT-004130,2025-05-01,09:24,9,Dr. Almeida,Hygiene recall,kept,53.1,11.7,82.17,Public scheme,PT-1332
APT-004120,2025-05-01,09:35,9,"K. Duarte, PT",Exam & imaging,kept,26.1,5.4,84.54,Insurance,PT-3160
APT-004126,2025-05-01,10:02,10,Dr. Benitez,Physio assessment,kept,52.8,5.1,132.44,Insurance,PT-1433
APT-004123,2025-05-01,10:04,10,Dr. Chandra,Root canal,kept,79.0,3.8,401.87,Public scheme,PT-1159
APT-004122,2025-05-01,10:13,10,Dr. Faber,Hygiene recall,kept,43.9,5.0,109.52,Corporate plan,PT-2009
APT-004129,2025-05-01,10:17,10,Dr. Benitez,Physio assessment,kept,62.5,7.7,175.31,Private,PT-2533
APT-004148,2025-05-01,10:35,10,Dr. Chandra,Physio session,kept,41.1,8.7,98.14,Private,PT-1143
APT-004151,2025-05-01,10:42,10,Dr. Benitez,Follow-up consult,rescheduled,12.5,4.5,0.0,Insurance,PT-2863
APT-004131,2025-05-01,10:45,10,"M. Ellis, PT",Physio session,kept,35.0,7.1,90.04,Insurance,PT-2771
APT-004117,2025-05-01,10:49,10,Dr. Almeida,Physio session,kept,39.5,8.5,100.95,Private,PT-2498
APT-004146,2025-05-01,11:21,11,Dr. Benitez,Exam & imaging,kept,17.3,7.3,95.03,Private,PT-3115
APT-004127,2025-05-01,11:43,11,Dr. Almeida,Exam & imaging,kept,34.8,9.8,99.12,Private,PT-1117
APT-004118,2025-05-01,11:48,11,"M. Ellis, PT",Hygiene recall,kept,35.5,9.3,104.67,Corporate plan,PT-2361
APT-004136,2025-05-01,11:50,11,"K. Duarte, PT",Physio session,kept,43.6,6.4,95.98,Insurance,PT-1047
APT-004155,2025-05-01,13:12,13,Dr. Almeida,Hygiene recall,kept,37.2,16.8,148.91,Private,PT-3002
APT-004121,2025-05-01,13:27,13,"K. Duarte, PT",Hygiene recall,kept,36.7,10.3,123.09,Insurance,PT-2071
APT-004144,2025-05-01,13:50,13,"M. Ellis, PT",Physio session,kept,43.0,20.4,99.21,Insurance,PT-3197
APT-004137,2025-05-01,13:53,13,Dr. Chandra,Follow-up consult,kept,8.0,10.3,62.3,Private,PT-1511
APT-004134,2025-05-01,14:04,14,"M. Ellis, PT",Filling,kept,50.2,7.8,186.96,Insurance,PT-1104
APT-004143,2025-05-01,14:05,14,Dr. Almeida,Hygiene recall,kept,50.1,28.6,136.08,Private,PT-2948
APT-004119,2025-05-01,14:41,14,Dr. Benitez,Follow-up consult,kept,10.9,7.8,62.88,Insurance,PT-2208
APT-004145,2025-05-01,14:50,14,"M. Ellis, PT",Physio assessment,kept,54.3,15.6,159.78,Private,PT-3032
APT-004132,2025-05-01,14:59,14,"M. Ellis, PT",Physio assessment,kept,52.9,9.9,168.11,Private,PT-2666
APT-004153,2025-05-01,14:59,14,Dr. Faber,Physio session,kept,42.6,11.5,95.87,Insurance,PT-2899
APT-004161,2025-05-01,15:00,15,"K. Duarte, PT",Hygiene recall,kept,44.8,16.3,133.34,Private,PT-2786
APT-004116,2025-05-01,15:04,15,Dr. Almeida,Physio assessment,kept,52.8,15.1,131.35,Corporate plan,PT-1683
APT-004150,2025-05-01,15:12,15,Dr. Faber,Hygiene recall,no_show,33.3,16.5,0.0,Insurance,PT-1704
APT-004141,2025-05-01,15:14,15,Dr. Almeida,Follow-up consult,kept,15.6,15.9,68.88,Private,PT-2773
APT-004154,2025-05-01,15:15,15,"M. Ellis, PT",Hygiene recall,no_show,44.5,20.0,0.0,Public scheme,PT-2036
APT-004157,2025-05-01,15:16,15,Dr. Chandra,Filling,kept,43.2,12.4,232.56,Private,PT-1743
APT-004142,2025-05-01,15:23,15,Dr. Chandra,Hygiene recall,kept,57.6,9.6,100.84,Insurance,PT-2458
APT-004128,2025-05-01,15:27,15,"M. Ellis, PT",Hygiene recall,kept,50.0,8.0,121.69,Private,PT-2026
APT-004159,2025-05-01,15:40,15,"M. Ellis, PT",Filling,kept,34.0,10.7,204.76,Private,PT-1301
APT-004138,2025-05-01,15:59,15,Dr. Almeida,Filling,kept,50.1,21.8,192.43,Insurance,PT-1152
APT-004152,2025-05-01,16:13,16,"K. Duarte, PT",Follow-up consult,kept,19.9,9.9,68.93,Private,PT-2717
APT-004156,2025-05-01,16:51,16,Dr. Chandra,Hygiene recall,kept,53.0,20.9,105.26,Insurance,PT-1645
APT-004160,2025-05-01,16:51,16,"M. Ellis, PT",Hygiene recall,rescheduled,46.9,22.5,0.0,Insurance,PT-2370
APT-004133,2025-05-01,17:48,17,Dr. Benitez,Exam & imaging,kept,31.6,9.1,91.62,Insurance,PT-1559
APT-004124,2025-05-01,17:56,17,Dr. Benitez,Exam & imaging,cancelled,22.8,14.8,11.74,Private,PT-2327
APT-004139,2025-05-01,17:58,17,Dr. Faber,Exam & imaging,kept,29.1,12.7,94.58,Private,PT-1828
APT-004163,2025-05-02,08:09,8,Dr. Chandra,Filling,kept,31.4,2.7,236.64,Private,PT-2937
APT-004181,2025-05-02,08:13,8,Dr. Almeida,Hygiene recall,kept,33.2,8.1,101.11,Insurance,PT-1928
APT-004177,2025-05-02,09:07,9,Dr. Benitez,Filling,kept,48.5,5.6,119.84,Public scheme,PT-2766
APT-004185,2025-05-02,09:15,9,"K. Duarte, PT",Physio session,kept,44.9,12.5,88.83,Corporate plan,PT-2757
APT-004179,2025-05-02,09:26,9,"K. Duarte, PT",Exam & imaging,cancelled,31.8,4.8,9.52,Insurance,PT-2695
APT-004189,2025-05-02,09:53,9,"K. Duarte, PT",Hygiene recall,kept,47.2,5.9,108.0,Corporate plan,PT-2543
APT-004173,2025-05-02,09:56,9,Dr. Benitez,Filling,kept,52.5,4.8,229.12,Private,PT-2231
APT-004166,2025-05-02,10:22,10,Dr. Benitez,Hygiene recall,kept,58.4,12.6,107.96,Corporate plan,PT-1580
APT-004178,2025-05-02,10:38,10,Dr. Chandra,Physio session,cancelled,45.1,5.0,7.85,Public scheme,PT-2310
APT-004174,2025-05-02,11:09,11,"K. Duarte, PT",Exam & imaging,cancelled,26.8,8.1,10.42,Insurance,PT-2851
APT-004162,2025-05-02,11:13,11,Dr. Benitez,Hygiene recall,rescheduled,30.3,5.4,0.0,Insurance,PT-2930
APT-004183,2025-05-02,11:36,11,Dr. Almeida,Physio session,kept,32.1,3.6,86.56,Corporate plan,PT-1512
APT-004182,2025-05-02,11:39,11,Dr. Almeida,Hygiene recall,kept,63.1,3.9,83.7,Public scheme,PT-2808
APT-004190,2025-05-02,11:48,11,"M. Ellis, PT",Exam & imaging,kept,20.5,3.8,64.79,Public scheme,PT-1981
APT-004175,2025-05-02,11:52,11,Dr. Chandra,Hygiene recall,cancelled,43.0,6.8,16.97,Private,PT-1954
APT-004188,2025-05-02,11:56,11,"K. Duarte, PT",Physio session,kept,38.5,3.9,98.13,Private,PT-2077
APT-004187,2025-05-02,12:25,12,"K. Duarte, PT",Hygiene recall,kept,40.6,6.1,115.47,Private,PT-2592
APT-004168,2025-05-02,12:38,12,"M. Ellis, PT",Exam & imaging,cancelled,16.7,7.3,12.2,Private,PT-2500
APT-004167,2025-05-02,14:32,14,Dr. Benitez,Exam & imaging,kept,27.1,8.9,82.65,Insurance,PT-1364
APT-004169,2025-05-02,14:38,14,Dr. Faber,Filling,kept,47.8,9.2,162.65,Insurance,PT-3000
APT-004172,2025-05-02,14:47,14,"M. Ellis, PT",Exam & imaging,cancelled,25.3,12.5,9.46,Insurance,PT-1859
APT-004180,2025-05-02,15:14,15,Dr. Almeida,Hygiene recall,kept,47.5,10.1,135.41,Private,PT-2488
APT-004176,2025-05-02,15:19,15,"M. Ellis, PT",Exam & imaging,cancelled,16.3,13.9,10.36,Insurance,PT-2672
APT-004192,2025-05-02,15:21,15,Dr. Almeida,Filling,kept,33.9,20.2,184.73,Private,PT-1804
APT-004164,2025-05-02,15:26,15,"M. Ellis, PT",Hygiene recall,kept,36.9,9.3,117.76,Insurance,PT-2342
APT-004186,2025-05-02,15:45,15,Dr. Chandra,Hygiene recall,no_show,42.2,15.0,0.0,Public scheme,PT-2605
APT-004184,2025-05-02,16:48,16,Dr. Benitez,Filling,kept,40.4,10.1,164.13,Insurance,PT-2264
APT-004171,2025-05-02,16:55,16,Dr. Benitez,Filling,kept,42.7,12.6,173.07,Corporate plan,PT-1475
APT-004170,2025-05-02,17:02,17,Dr. Almeida,Hygiene recall,no_show,56.1,13.7,0.0,Private,PT-2443
APT-004165,2025-05-02,17:07,17,Dr. Almeida,Exam & imaging,kept,34.0,8.9,88.3,Insurance,PT-1121
APT-004191,2025-05-02,17:15,17,Dr. Almeida,Root canal,kept,81.1,8.1,577.94,Insurance,PT-3086
APT-004204,2025-05-03,08:06,8,"M. Ellis, PT",Physio session,kept,33.8,6.2,100.36,Insurance,PT-3039
APT-004193,2025-05-03,09:17,9,"K. Duarte, PT",Hygiene recall,cancelled,58.2,12.9,15.76,Private,PT-2741
APT-004196,2025-05-03,10:38,10,"K. Duarte, PT",Hygiene recall,kept,46.0,6.2,113.01,Insurance,PT-1959
APT-004209,2025-05-03,12:16,12,"K. Duarte, PT",Hygiene recall,kept,42.4,8.4,116.27,Insurance,PT-2027
APT-004202,2025-05-03,13:42,13,"K. Duarte, PT",Hygiene recall,no_show,56.4,14.8,0.0,Private,PT-1660
APT-004198,2025-05-03,14:04,14,"M. Ellis, PT",Physio assessment,kept,42.6,12.8,166.93,Private,PT-3076
APT-004205,2025-05-03,14:08,14,"M. Ellis, PT",Filling,kept,47.7,10.7,182.36,Corporate plan,PT-1012
APT-004206,2025-05-03,14:42,14,"K. Duarte, PT",Filling,kept,47.0,8.9,176.9,Corporate plan,PT-1102
APT-004199,2025-05-03,14:52,14,"K. Duarte, PT",Root canal,kept,83.5,8.1,341.71,Public scheme,PT-1842
APT-004194,2025-05-03,15:08,15,"M. Ellis, PT",Physio session,kept,41.1,19.8,60.8,Public scheme,PT-3011
APT-004208,2025-05-03,15:12,15,"M. Ellis, PT",Root canal,kept,98.0,9.5,451.88,Corporate plan,PT-1429
APT-004197,2025-05-03,15:17,15,"K. Duarte, PT",Hygiene recall,kept,57.9,8.8,106.87,Insurance,PT-1048
APT-004195,2025-05-03,15:26,15,"K. Duarte, PT",Physio session,kept,37.2,12.7,112.71,Private,PT-1091
APT-004201,2025-05-03,15:52,15,"K. Duarte, PT",Exam & imaging,rescheduled,24.4,14.1,0.0,Corporate plan,PT-1935
APT-004207,2025-05-03,15:54,15,"M. Ellis, PT",Filling,kept,43.4,8.4,211.88,Private,PT-1000
APT-004200,2025-05-03,16:50,16,"K. Duarte, PT",Physio assessment,kept,50.6,18.2,123.94,Insurance,PT-1006
APT-004203,2025-05-03,17:38,17,"M. Ellis, PT",Hygiene recall,kept,49.9,11.7,110.79,Insurance,PT-1887
APT-004212,2025-05-05,08:35,8,"K. Duarte, PT",Physio assessment,kept,47.5,4.3,125.38,Corporate plan,PT-1010
APT-004266,2025-05-05,09:01,9,Dr. Chandra,Filling,kept,42.8,3.0,204.32,Insurance,PT-1087
APT-004225,2025-05-05,09:43,9,Dr. Benitez,Filling,kept,49.9,6.6,214.05,Private,PT-1316
APT-004220,2025-05-05,09:45,9,Dr. Benitez,Hygiene recall,cancelled,52.2,7.3,13.9,Insurance,PT-2002
APT-004223,2025-05-05,09:46,9,Dr. Benitez,Exam & imaging,kept,21.1,4.3,105.0,Private,PT-1457
APT-004233,2025-05-05,09:47,9,Dr. Benitez,Root canal,kept,77.1,7.3,572.43,Private,PT-1871
APT-004255,2025-05-05,10:05,10,Dr. Chandra,Physio assessment,kept,54.2,7.9,146.7,Private,PT-3185
APT-004267,2025-05-05,10:23,10,Dr. Almeida,Exam & imaging,no_show,17.3,3.8,0.0,Corporate plan,PT-1266
APT-004258,2025-05-05,10:25,10,"K. Duarte, PT",Hygiene recall,kept,50.0,6.8,150.7,Private,PT-2586
APT-004268,2025-05-05,10:30,10,Dr. Benitez,Filling,cancelled,47.2,3.7,26.34,Private,PT-2710
APT-004216,2025-05-05,10:31,10,Dr. Benitez,Physio assessment,kept,57.5,7.8,131.44,Insurance,PT-1724
APT-004259,2025-05-05,10:49,10,Dr. Chandra,Hygiene recall,kept,47.8,21.2,84.2,Public scheme,PT-2846
APT-004227,2025-05-05,10:51,10,"K. Duarte, PT",Hygiene recall,kept,42.2,8.8,107.42,Corporate plan,PT-2409
APT-004215,2025-05-05,10:58,10,"K. Duarte, PT",Hygiene recall,kept,39.0,10.4,114.43,Corporate plan,PT-2883
APT-004243,2025-05-05,10:58,10,Dr. Almeida,Filling,kept,58.6,6.5,236.27,Private,PT-1276
APT-004262,2025-05-05,11:21,11,Dr. Almeida,Hygiene recall,kept,54.0,3.7,121.48,Corporate plan,PT-2432
APT-004248,2025-05-05,11:26,11,Dr. Almeida,Physio session,kept,41.0,17.9,92.91,Insurance,PT-2006
APT-004231,2025-05-05,11:35,11,"K. Duarte, PT",Exam & imaging,kept,33.3,6.6,63.38,Corporate plan,PT-1551
APT-004250,2025-05-05,11:36,11,"K. Duarte, PT",Exam & imaging,kept,35.3,2.9,76.91,Corporate plan,PT-2621
APT-004251,2025-05-05,11:45,11,"K. Duarte, PT",Physio assessment,kept,50.5,13.7,145.99,Insurance,PT-1584
APT-004241,2025-05-05,11:49,11,Dr. Almeida,Filling,kept,53.0,5.1,168.88,Insurance,PT-2562
APT-004249,2025-05-05,12:02,12,Dr. Chandra,Hygiene recall,kept,49.8,13.6,86.2,Public scheme,PT-2526
APT-004265,2025-05-05,12:30,12,Dr. Almeida,Exam & imaging,kept,23.7,16.2,90.61,Insurance,PT-2054
APT-004230,2025-05-05,12:34,12,Dr. Benitez,Physio assessment,kept,46.5,5.9,117.74,Corporate plan,PT-2369
APT-004245,2025-05-05,13:05,13,Dr. Almeida,Filling,kept,39.2,13.7,215.01,Private,PT-2966
APT-004210,2025-05-05,13:16,13,Dr. Chandra,Hygiene recall,kept,38.1,24.8,109.53,Insurance,PT-1250
APT-004214,2025-05-05,13:18,13,Dr. Benitez,Exam & imaging,kept,18.7,16.3,90.25,Private,PT-2630
APT-004222,2025-05-05,13:54,13,Dr. Benitez,Exam & imaging,cancelled,31.8,13.8,8.06,Corporate plan,PT-1227
APT-004260,2025-05-05,13:57,13,"K. Duarte, PT",Physio session,kept,31.4,13.3,82.59,Insurance,PT-3080
APT-004244,2025-05-05,14:03,14,Dr. Almeida,Filling,no_show,48.5,11.6,0.0,Insurance,PT-1725
APT-004253,2025-05-05,14:04,14,Dr. Almeida,Hygiene recall,kept,40.2,10.7,135.02,Private,PT-1706
APT-004238,2025-05-05,14:08,14,Dr. Chandra,Physio assessment,kept,55.1,21.4,121.17,Corporate plan,PT-2876
APT-004261,2025-05-05,14:19,14,Dr. Almeida,Physio session,kept,39.6,13.5,98.78,Private,PT-1838
APT-004232,2025-05-05,14:35,14,Dr. Almeida,Crown fit,kept,73.9,11.1,767.77,Insurance,PT-1943
APT-004239,2025-05-05,14:39,14,Dr. Almeida,Hygiene recall,no_show,40.7,12.6,0.0,Corporate plan,PT-1555
APT-004226,2025-05-05,15:04,15,Dr. Benitez,Follow-up consult,no_show,16.5,8.3,0.0,Corporate plan,PT-2297
APT-004235,2025-05-05,15:05,15,Dr. Chandra,Physio assessment,kept,55.3,12.5,120.4,Corporate plan,PT-1381
APT-004257,2025-05-05,15:21,15,"K. Duarte, PT",Hygiene recall,kept,43.3,14.1,131.46,Private,PT-1009
APT-004229,2025-05-05,15:23,15,Dr. Almeida,Hygiene recall,kept,45.6,11.0,120.79,Insurance,PT-3006
APT-004254,2025-05-05,15:25,15,Dr. Almeida,Hygiene recall,kept,41.8,18.4,130.52,Private,PT-1786
APT-004246,2025-05-05,15:28,15,Dr. Almeida,Hygiene recall,kept,46.8,11.4,109.83,Insurance,PT-1556
APT-004221,2025-05-05,15:31,15,Dr. Almeida,Filling,kept,44.5,13.8,203.78,Private,PT-2479
APT-004213,2025-05-05,15:34,15,Dr. Benitez,Physio assessment,cancelled,55.1,9.4,17.16,Private,PT-1957
APT-004240,2025-05-05,15:45,15,Dr. Benitez,Physio assessment,kept,52.0,18.5,121.98,Corporate plan,PT-1056
APT-004224,2025-05-05,15:49,15,Dr. Chandra,Hygiene recall,kept,46.6,10.4,102.69,Corporate plan,PT-2597
APT-004263,2025-05-05,16:00,16,Dr. Benitez,Exam & imaging,kept,27.8,14.3,78.41,Insurance,PT-1966
APT-004242,2025-05-05,16:09,16,"K. Duarte, PT",Physio session,cancelled,38.1,18.9,10.84,Insurance,PT-1060
APT-004218,2025-05-05,16:14,16,Dr. Benitez,Hygiene recall,cancelled,51.2,10.6,15.23,Insurance,PT-1686
APT-004236,2025-05-05,16:14,16,Dr. Benitez,Exam & imaging,kept,16.9,14.1,101.85,Private,PT-2062
APT-004219,2025-05-05,16:23,16,"K. Duarte, PT",Hygiene recall,no_show,40.4,8.1,0.0,Insurance,PT-2998
APT-004237,2025-05-05,16:28,16,Dr. Chandra,Follow-up consult,kept,19.3,10.2,71.37,Private,PT-2078
APT-004256,2025-05-05,16:29,16,Dr. Almeida,Physio assessment,rescheduled,48.4,13.5,0.0,Insurance,PT-2399
APT-004234,2025-05-05,16:35,16,Dr. Almeida,Exam & imaging,kept,18.6,15.7,87.47,Insurance,PT-1818
APT-004211,2025-05-05,16:37,16,"K. Duarte, PT",Physio assessment,kept,56.9,11.0,135.91,Insurance,PT-1764
APT-004252,2025-05-05,16:43,16,Dr. Benitez,Physio session,kept,41.8,17.8,101.95,Private,PT-2064
APT-004264,2025-05-05,16:56,16,Dr. Chandra,Hygiene recall,no_show,43.2,8.2,0.0,Public scheme,PT-3017
APT-004247,2025-05-05,16:57,16,Dr. Chandra,Exam & imaging,kept,42.7,11.3,78.76,Insurance,PT-1594
APT-004228,2025-05-05,17:06,17,"K. Duarte, PT",Physio assessment,kept,50.0,10.5,144.27,Corporate plan,PT-1485
APT-004217,2025-05-05,17:33,17,Dr. Chandra,Exam & imaging,kept,48.0,11.4,94.55,Private,PT-2356
APT-004280,2025-05-06,08:06,8,Dr. Chandra,Exam & imaging,kept,18.4,2.9,75.17,Insurance,PT-1212
APT-004275,2025-05-06,08:08,8,Dr. Chandra,Root canal,kept,78.1,8.8,533.93,Insurance,PT-1862
APT-004279,2025-05-06,08:32,8,Dr. Benitez,Physio session,kept,35.1,9.1,114.86,Private,PT-2400
APT-004274,2025-05-06,08:49,8,"K. Duarte, PT",Hygiene recall,kept,49.3,9.3,88.72,Public scheme,PT-1518
APT-004284,2025-05-06,09:16,9,"K. Duarte, PT",Follow-up consult,kept,10.4,4.9,58.08,Corporate plan,PT-1858
APT-004304,2025-05-06,10:01,10,Dr. Chandra,Filling,kept,53.6,12.2,220.74,Private,PT-1471
APT-004292,2025-05-06,10:08,10,Dr. Almeida,Exam & imaging,kept,29.6,6.5,94.72,Private,PT-2310
APT-004299,2025-05-06,10:12,10,"K. Duarte, PT",Hygiene recall,kept,40.3,4.9,112.33,Corporate plan,PT-2401
APT-004276,2025-05-06,10:22,10,Dr. Almeida,Root canal,kept,73.6,2.7,620.49,Private,PT-1423
APT-004294,2025-05-06,10:22,10,"M. Ellis, PT",Exam & imaging,kept,25.6,8.3,90.72,Insurance,PT-1000
APT-004305,2025-05-06,10:47,10,Dr. Benitez,Exam & imaging,kept,20.5,4.2,85.11,Insurance,PT-2372
APT-004271,2025-05-06,11:14,11,"M. Ellis, PT",Exam & imaging,no_show,20.6,8.9,0.0,Private,PT-2255
APT-004285,2025-05-06,11:33,11,"K. Duarte, PT",Root canal,kept,83.7,5.4,416.77,Public scheme,PT-3063
APT-004296,2025-05-06,11:37,11,"M. Ellis, PT",Crown fit,kept,68.8,5.1,802.27,Insurance,PT-2423
APT-004289,2025-05-06,11:40,11,"M. Ellis, PT",Exam & imaging,kept,30.2,10.0,89.27,Insurance,PT-1353
APT-004270,2025-05-06,11:56,11,Dr. Benitez,Physio assessment,kept,53.2,3.6,127.49,Private,PT-1320
APT-004273,2025-05-06,12:24,12,Dr. Benitez,Exam & imaging,kept,17.7,6.8,90.57,Private,PT-1860
APT-004272,2025-05-06,12:47,12,"M. Ellis, PT",Physio assessment,kept,59.2,7.0,127.24,Insurance,PT-1080
APT-004303,2025-05-06,12:57,12,Dr. Chandra,Crown fit,no_show,77.1,7.1,0.0,Corporate plan,PT-2415
APT-004300,2025-05-06,13:03,13,Dr. Almeida,Physio session,kept,40.5,21.4,59.92,Public scheme,PT-2805
APT-004281,2025-05-06,13:17,13,"K. Duarte, PT",Crown fit,rescheduled,66.0,13.6,0.0,Private,PT-2428
APT-004313,2025-05-06,13:21,13,"M. Ellis, PT",Hygiene recall,kept,65.1,10.6,106.91,Insurance,PT-1312
APT-004312,2025-05-06,13:22,13,"M. Ellis, PT",Exam & imaging,kept,20.3,13.6,87.27,Insurance,PT-2504
APT-004306,2025-05-06,13:26,13,"K. Duarte, PT",Filling,kept,39.4,10.8,125.72,Public scheme,PT-1735
APT-004291,2025-05-06,14:03,14,Dr. Almeida,Physio assessment,kept,56.5,19.5,123.31,Insurance,PT-2683
APT-004269,2025-05-06,14:08,14,Dr. Almeida,Root canal,no_show,75.2,18.8,0.0,Private,PT-2419
APT-004302,2025-05-06,14:30,14,Dr. Almeida,Hygiene recall,kept,54.6,10.2,122.59,Private,PT-2971
APT-004310,2025-05-06,14:34,14,"K. Duarte, PT",Crown fit,kept,69.0,12.9,665.75,Corporate plan,PT-2823
APT-004286,2025-05-06,14:39,14,Dr. Benitez,Hygiene recall,kept,48.1,13.0,103.63,Insurance,PT-2754
APT-004295,2025-05-06,15:04,15,"M. Ellis, PT",Exam & imaging,kept,21.1,15.7,80.77,Insurance,PT-2791
APT-004307,2025-05-06,15:18,15,Dr. Chandra,Hygiene recall,kept,51.8,11.5,121.06,Insurance,PT-2426
APT-004290,2025-05-06,15:20,15,Dr. Benitez,Hygiene recall,cancelled,50.2,13.7,13.26,Corporate plan,PT-1332
APT-004293,2025-05-06,15:30,15,Dr. Benitez,Physio assessment,kept,48.7,13.6,117.68,Insurance,PT-1801
APT-004298,2025-05-06,15:31,15,Dr. Benitez,Physio session,kept,35.6,14.0,89.57,Corporate plan,PT-1572
APT-004297,2025-05-06,15:34,15,Dr. Almeida,Hygiene recall,kept,48.5,12.9,138.28,Private,PT-2112
APT-004277,2025-05-06,15:40,15,Dr. Almeida,Exam & imaging,kept,13.9,9.1,73.99,Insurance,PT-2485
APT-004308,2025-05-06,15:47,15,Dr. Benitez,Hygiene recall,kept,47.2,8.3,122.85,Insurance,PT-2854
APT-004288,2025-05-06,16:01,16,"K. Duarte, PT",Physio assessment,kept,46.0,9.1,112.19,Corporate plan,PT-2015
APT-004309,2025-05-06,16:28,16,Dr. Almeida,Follow-up consult,kept,16.5,14.4,61.43,Insurance,PT-2057
APT-004301,2025-05-06,16:33,16,Dr. Almeida,Physio assessment,kept,55.1,15.2,135.95,Private,PT-2342
APT-004287,2025-05-06,16:41,16,Dr. Almeida,Physio assessment,cancelled,61.2,20.9,15.78,Corporate plan,PT-2914
APT-004282,2025-05-06,16:49,16,"M. Ellis, PT",Exam & imaging,kept,26.2,14.3,91.5,Insurance,PT-2012
APT-004283,2025-05-06,16:59,16,Dr. Chandra,Exam & imaging,cancelled,27.5,13.6,9.98,Corporate plan,PT-1291
APT-004311,2025-05-06,17:23,17,Dr. Benitez,Physio assessment,kept,50.1,10.5,132.78,Insurance,PT-2137
APT-004278,2025-05-06,17:33,17,Dr. Benitez,Root canal,kept,86.5,10.6,621.78,Private,PT-1854
APT-004321,2025-05-07,08:37,8,Dr. Faber,Physio assessment,kept,45.5,6.2,153.46,Private,PT-2385
APT-004320,2025-05-07,09:22,9,"K. Duarte, PT",Physio assessment,kept,53.7,3.9,124.56,Insurance,PT-1856
APT-004329,2025-05-07,09:28,9,Dr. Almeida,Physio assessment,kept,53.0,12.5,135.33,Corporate plan,PT-2202
APT-004342,2025-05-07,10:05,10,"M. Ellis, PT",Hygiene recall,kept,50.0,4.3,120.01,Insurance,PT-1616
APT-004350,2025-05-07,10:13,10,Dr. Faber,Root canal,kept,72.3,6.3,650.24,Insurance,PT-1878
APT-004315,2025-05-07,10:15,10,Dr. Benitez,Physio assessment,kept,57.7,7.7,161.71,Private,PT-2322
APT-004344,2025-05-07,10:21,10,Dr. Benitez,Filling,kept,50.5,9.9,198.52,Insurance,PT-2169
APT-004327,2025-05-07,10:27,10,Dr. Benitez,Hygiene recall,no_show,52.0,7.2,0.0,Private,PT-1607
APT-004334,2025-05-07,10:39,10,Dr. Benitez,Filling,kept,51.2,3.0,216.27,Insurance,PT-2313
APT-004339,2025-05-07,10:41,10,Dr. Benitez,Exam & imaging,kept,22.5,3.1,60.17,Public scheme,PT-1607
APT-004341,2025-05-07,10:47,10,"K. Duarte, PT",Hygiene recall,kept,54.0,13.5,81.38,Public scheme,PT-1045
APT-004343,2025-05-07,11:05,11,"K. Duarte, PT",Hygiene recall,kept,41.2,5.1,118.48,Insurance,PT-2668
APT-004316,2025-05-07,11:12,11,Dr. Almeida,Filling,kept,36.7,14.6,224.7,Private,PT-2256
APT-004319,2025-05-07,11:21,11,Dr. Benitez,Filling,kept,43.4,7.7,166.91,Corporate plan,PT-2279
APT-004328,2025-05-07,12:03,12,Dr. Faber,Hygiene recall,kept,43.2,20.7,112.38,Insurance,PT-1114
APT-004314,2025-05-07,12:11,12,"K. Duarte, PT",Filling,kept,37.8,4.9,119.93,Public scheme,PT-1534
APT-004338,2025-05-07,12:38,12,Dr. Benitez,Crown fit,kept,64.1,7.4,645.35,Corporate plan,PT-2846
APT-004332,2025-05-07,12:53,12,Dr. Almeida,Filling,kept,43.7,25.1,213.15,Private,PT-1076
APT-004333,2025-05-07,12:54,12,Dr. Almeida,Exam & imaging,kept,30.8,9.0,71.93,Insurance,PT-2173
APT-004317,2025-05-07,13:43,13,"M. Ellis, PT",Filling,kept,48.2,10.7,165.64,Corporate plan,PT-2723
APT-004346,2025-05-07,14:03,14,Dr. Faber,Hygiene recall,cancelled,49.3,10.9,15.91,Private,PT-2202
APT-004340,2025-05-07,14:08,14,"K. Duarte, PT",Exam & imaging,kept,32.9,16.2,88.01,Insurance,PT-2698
APT-004351,2025-05-07,14:09,14,"M. Ellis, PT",Filling,rescheduled,48.3,19.9,0.0,Corporate plan,PT-1804
APT-004330,2025-05-07,14:15,14,"K. Duarte, PT",Follow-up consult,kept,33.0,21.5,69.16,Private,PT-1908
APT-004326,2025-05-07,14:23,14,Dr. Almeida,Physio session,kept,37.0,9.2,98.6,Private,PT-2590
APT-004337,2025-05-07,14:38,14,"M. Ellis, PT",Root canal,kept,81.6,15.2,613.52,Private,PT-2128
APT-004323,2025-05-07,14:50,14,"M. Ellis, PT",Physio session,kept,50.3,10.0,59.84,Public scheme,PT-1770
APT-004353,2025-05-07,14:58,14,Dr. Almeida,Exam & imaging,kept,34.0,11.4,79.2,Insurance,PT-1071
APT-004349,2025-05-07,15:01,15,Dr. Almeida,Physio session,kept,38.2,19.4,105.34,Private,PT-2116
APT-004348,2025-05-07,15:12,15,"M. Ellis, PT",Crown fit,no_show,73.7,20.2,0.0,Insurance,PT-1214
APT-004325,2025-05-07,15:31,15,Dr. Almeida,Exam & imaging,kept,27.2,11.8,83.79,Insurance,PT-2460
APT-004345,2025-05-07,15:33,15,Dr. Faber,Filling,kept,45.8,15.0,217.68,Private,PT-1273
APT-004318,2025-05-07,16:02,16,"K. Duarte, PT",Exam & imaging,kept,26.0,13.5,71.04,Corporate plan,PT-2546
APT-004336,2025-05-07,16:03,16,Dr. Benitez,Physio session,kept,32.7,12.6,104.01,Private,PT-2790
APT-004347,2025-05-07,16:06,16,"K. Duarte, PT",Hygiene recall,kept,49.2,22.1,124.72,Insurance,PT-3088
APT-004352,2025-05-07,16:15,16,"K. Duarte, PT",Hygiene recall,rescheduled,52.2,15.4,0.0,Insurance,PT-1723
APT-004335,2025-05-07,16:29,16,Dr. Benitez,Physio session,kept,55.5,10.9,98.05,Insurance,PT-1273
APT-004331,2025-05-07,16:38,16,Dr. Benitez,Exam & imaging,kept,9.7,9.3,81.93,Insurance,PT-2143
APT-004324,2025-05-07,16:49,16,Dr. Faber,Root canal,kept,75.0,18.7,563.54,Insurance,PT-2784
APT-004322,2025-05-07,17:52,17,Dr. Almeida,Hygiene recall,kept,38.6,15.5,97.56,Corporate plan,PT-2009
APT-004368,2025-05-08,08:57,8,"K. Duarte, PT",Physio session,kept,37.3,5.0,102.42,Insurance,PT-1936
APT-004393,2025-05-08,09:23,9,Dr. Benitez,Filling,kept,45.5,5.8,193.69,Insurance,PT-1165
APT-004360,2025-05-08,09:28,9,Dr. Chandra,Physio session,kept,36.0,8.4,85.61,Insurance,PT-2475
APT-004365,2025-05-08,09:37,9,Dr. Benitez,Filling,kept,50.3,9.8,202.03,Private,PT-1333
APT-004383,2025-05-08,09:40,9,Dr. Faber,Root canal,kept,80.8,5.3,520.27,Insurance,PT-1350
APT-004356,2025-05-08,09:51,9,"K. Duarte, PT",Hygiene recall,cancelled,35.0,7.7,14.46,Insurance,PT-3012
APT-004366,2025-05-08,10:01,10,Dr. Chandra,Physio session,kept,33.5,19.9,90.16,Private,PT-2351
APT-004389,2025-05-08,10:05,10,Dr. Almeida,Physio assessment,kept,48.7,4.2,166.53,Private,PT-1573
APT-004397,2025-05-08,10:07,10,Dr. Almeida,Crown fit,kept,67.9,9.5,733.01,Insurance,PT-1237
APT-004370,2025-05-08,10:16,10,"M. Ellis, PT",Filling,kept,47.6,8.6,196.8,Insurance,PT-2242
APT-004364,2025-05-08,10:40,10,Dr. Chandra,Hygiene recall,kept,59.9,7.7,156.4,Private,PT-1129
APT-004386,2025-05-08,10:44,10,Dr. Chandra,Physio session,kept,42.0,10.3,63.28,Public scheme,PT-2471
APT-004391,2025-05-08,11:00,11,"M. Ellis, PT",Physio session,cancelled,41.5,5.6,10.76,Private,PT-1299
APT-004379,2025-05-08,11:10,11,"K. Duarte, PT",Exam & imaging,kept,25.8,3.5,91.0,Insurance,PT-1894
APT-004359,2025-05-08,11:15,11,Dr. Benitez,Root canal,kept,77.6,7.4,593.16,Private,PT-1666
APT-004388,2025-05-08,11:16,11,Dr. Chandra,Exam & imaging,kept,35.6,5.9,81.44,Insurance,PT-1660
APT-004371,2025-05-08,11:33,11,Dr. Almeida,Root canal,kept,78.7,3.8,637.34,Private,PT-2715
APT-004384,2025-05-08,11:33,11,Dr. Chandra,Hygiene recall,kept,41.9,8.5,109.25,Corporate plan,PT-2523
APT-004395,2025-05-08,11:55,11,Dr. Almeida,Physio assessment,kept,65.2,3.8,158.31,Private,PT-2039
APT-004387,2025-05-08,12:26,12,Dr. Almeida,Crown fit,cancelled,56.1,4.5,78.99,Corporate plan,PT-2572
APT-004354,2025-05-08,12:48,12,Dr. Almeida,Physio assessment,kept,55.8,8.6,118.11,Insurance,PT-2714
APT-004374,2025-05-08,13:28,13,Dr. Chandra,Physio assessment,kept,55.4,10.6,132.86,Insurance,PT-1645
APT-004375,2025-05-08,14:01,14,Dr. Benitez,Hygiene recall,kept,53.6,12.9,109.87,Insurance,PT-2020
APT-004362,2025-05-08,14:13,14,Dr. Benitez,Hygiene recall,kept,37.3,20.3,139.21,Private,PT-1508
APT-004390,2025-05-08,14:18,14,"M. Ellis, PT",Hygiene recall,kept,47.8,13.4,110.56,Corporate plan,PT-2714
APT-004372,2025-05-08,14:34,14,"K. Duarte, PT",Hygiene recall,kept,43.9,13.2,111.89,Insurance,PT-2669
APT-004385,2025-05-08,15:02,15,Dr. Chandra,Physio session,kept,39.7,11.2,109.06,Private,PT-2168
APT-004376,2025-05-08,15:07,15,Dr. Benitez,Exam & imaging,kept,22.8,16.0,91.84,Insurance,PT-1366
APT-004363,2025-05-08,15:37,15,"K. Duarte, PT",Physio session,kept,47.9,12.8,57.5,Public scheme,PT-1690
APT-004369,2025-05-08,15:37,15,Dr. Benitez,Hygiene recall,kept,43.4,11.4,114.7,Insurance,PT-3028
APT-004377,2025-05-08,15:37,15,Dr. Almeida,Physio session,kept,35.3,13.2,89.43,Insurance,PT-2871
APT-004396,2025-05-08,15:51,15,"K. Duarte, PT",Hygiene recall,kept,46.8,9.3,146.1,Private,PT-1699
APT-004382,2025-05-08,15:59,15,Dr. Chandra,Hygiene recall,kept,45.4,14.7,110.6,Insurance,PT-2612
APT-004361,2025-05-08,16:13,16,Dr. Almeida,Hygiene recall,kept,51.5,11.6,102.5,Corporate plan,PT-3047
APT-004373,2025-05-08,16:15,16,Dr. Chandra,Physio session,kept,19.9,17.8,91.07,Private,PT-2688
APT-004394,2025-05-08,16:16,16,Dr. Chandra,Filling,kept,53.4,19.1,208.42,Private,PT-2128
APT-004392,2025-05-08,16:28,16,"M. Ellis, PT",Follow-up consult,cancelled,15.6,11.3,7.05,Corporate plan,PT-2487
APT-004378,2025-05-08,16:33,16,Dr. Chandra,Exam & imaging,rescheduled,14.0,9.7,0.0,Private,PT-1984
APT-004367,2025-05-08,16:54,16,"M. Ellis, PT",Hygiene recall,kept,53.4,10.2,100.61,Corporate plan,PT-3013
APT-004357,2025-05-08,17:02,17,Dr. Benitez,Filling,kept,46.8,18.4,127.52,Public scheme,PT-1983
APT-004355,2025-05-08,17:04,17,"K. Duarte, PT",Filling,kept,37.8,13.2,183.44,Private,PT-3176
APT-004358,2025-05-08,17:29,17,"M. Ellis, PT",Exam & imaging,cancelled,28.4,10.7,9.49,Insurance,PT-2989
APT-004380,2025-05-08,17:56,17,Dr. Almeida,Exam & imaging,kept,23.2,10.1,106.28,Private,PT-2648
APT-004381,2025-05-08,17:59,17,Dr. Benitez,Hygiene recall,cancelled,44.3,18.2,9.61,Public scheme,PT-2055
APT-004398,2025-05-09,09:55,9,Dr. Chandra,Exam & imaging,kept,15.9,6.6,81.15,Corporate plan,PT-2511
APT-004426,2025-05-09,10:15,10,Dr. Benitez,Exam & imaging,kept,26.4,6.2,80.19,Insurance,PT-1485
APT-004418,2025-05-09,10:26,10,Dr. Benitez,Crown fit,kept,69.1,9.4,1033.91,Private,PT-1798
APT-004402,2025-05-09,10:34,10,Dr. Almeida,Hygiene recall,kept,43.1,12.5,114.92,Insurance,PT-3114
APT-004399,2025-05-09,10:37,10,"K. Duarte, PT",Hygiene recall,kept,48.3,6.6,127.36,Private,PT-1552
APT-004411,2025-05-09,10:37,10,Dr. Chandra,Hygiene recall,kept,54.0,16.0,148.76,Private,PT-2745
APT-004408,2025-05-09,10:53,10,Dr. Chandra,Crown fit,kept,73.6,4.4,762.51,Insurance,PT-1502
APT-004403,2025-05-09,11:00,11,Dr. Almeida,Hygiene recall,kept,42.9,9.0,133.85,Private,PT-3013
APT-004401,2025-05-09,11:02,11,"M. Ellis, PT",Physio assessment,no_show,63.1,21.2,0.0,Private,PT-2413
APT-004404,2025-05-09,11:55,11,"K. Duarte, PT",Physio assessment,kept,63.3,4.6,126.65,Insurance,PT-1998
APT-004419,2025-05-09,12:13,12,Dr. Chandra,Hygiene recall,kept,47.5,7.7,137.49,Private,PT-2137
APT-004406,2025-05-09,12:30,12,Dr. Almeida,Hygiene recall,kept,38.1,5.1,102.78,Insurance,PT-1761
APT-004417,2025-05-09,12:33,12,Dr. Faber,Exam & imaging,kept,13.1,3.2,92.1,Private,PT-3030
APT-004416,2025-05-09,12:37,12,Dr. Almeida,Crown fit,kept,62.2,6.4,816.09,Insurance,PT-1040
APT-004425,2025-05-09,13:13,13,Dr. Chandra,Exam & imaging,cancelled,30.6,13.6,10.05,Corporate plan,PT-1866
APT-004424,2025-05-09,14:24,14,"M. Ellis, PT",Hygiene recall,no_show,39.2,12.5,0.0,Corporate plan,PT-2026
APT-004421,2025-05-09,14:35,14,Dr. Benitez,Root canal,kept,87.1,10.2,473.31,Corporate plan,PT-2360
APT-004400,2025-05-09,14:36,14,Dr. Almeida,Physio assessment,kept,44.0,17.2,121.51,Corporate plan,PT-2181
APT-004427,2025-05-09,14:55,14,"K. Duarte, PT",Physio assessment,kept,54.6,12.8,104.64,Corporate plan,PT-1776
APT-004422,2025-05-09,15:20,15,Dr. Chandra,Hygiene recall,cancelled,40.5,15.6,13.06,Insurance,PT-2614
APT-004412,2025-05-09,15:30,15,Dr. Benitez,Filling,kept,31.9,11.0,177.45,Insurance,PT-2141
APT-004413,2025-05-09,15:50,15,"M. Ellis, PT",Hygiene recall,kept,50.3,13.5,101.44,Insurance,PT-3156
APT-004414,2025-05-09,15:57,15,"K. Duarte, PT",Crown fit,kept,65.2,19.2,925.42,Private,PT-1422
APT-004407,2025-05-09,16:03,16,"K. Duarte, PT",Exam & imaging,kept,27.1,12.0,78.11,Insurance,PT-1682
APT-004420,2025-05-09,16:05,16,Dr. Almeida,Physio assessment,rescheduled,45.6,21.6,0.0,Private,PT-2707
APT-004415,2025-05-09,16:32,16,"M. Ellis, PT",Hygiene recall,cancelled,37.3,10.2,16.69,Private,PT-2625
APT-004409,2025-05-09,16:48,16,Dr. Almeida,Exam & imaging,cancelled,28.6,11.6,6.91,Public scheme,PT-2236
APT-004410,2025-05-09,16:49,16,"K. Duarte, PT",Physio assessment,kept,57.6,17.2,103.05,Corporate plan,PT-1884
APT-004423,2025-05-09,16:53,16,"K. Duarte, PT",Physio session,kept,41.0,14.7,98.59,Insurance,PT-1557
APT-004405,2025-05-09,16:58,16,Dr. Faber,Physio assessment,kept,59.2,9.7,123.87,Private,PT-2809
APT-004441,2025-05-10,08:25,8,"K. Duarte, PT",Hygiene recall,kept,37.2,7.5,130.77,Insurance,PT-2556
APT-004443,2025-05-10,09:06,9,"M. Ellis, PT",Hygiene recall,kept,46.1,2.9,107.44,Insurance,PT-3018
APT-004428,2025-05-10,09:19,9,"M. Ellis, PT",Physio session,kept,40.7,21.4,90.49,Private,PT-1435
APT-004449,2025-05-10,09:39,9,"K. Duarte, PT",Filling,kept,45.4,4.2,195.4,Insurance,PT-1465
APT-004439,2025-05-10,09:46,9,"K. Duarte, PT",Crown fit,kept,59.4,5.0,833.43,Private,PT-1803
APT-004440,2025-05-10,09:54,9,"K. Duarte, PT",Exam & imaging,kept,22.1,6.3,81.25,Corporate plan,PT-2175
APT-004444,2025-05-10,10:34,10,"M. Ellis, PT",Hygiene recall,cancelled,47.6,5.8,13.33,Insurance,PT-1470
APT-004438,2025-05-10,10:41,10,"M. Ellis, PT",Physio session,kept,36.2,4.7,110.86,Private,PT-1057
APT-004435,2025-05-10,10:46,10,"K. Duarte, PT",Exam & imaging,cancelled,20.5,6.7,9.13,Corporate plan,PT-2955
APT-004442,2025-05-10,10:47,10,"K. Duarte, PT",Physio session,kept,39.4,9.4,107.53,Private,PT-1915
APT-004430,2025-05-10,11:06,11,"M. Ellis, PT",Physio assessment,kept,56.0,5.1,129.58,Insurance,PT-2107
APT-004436,2025-05-10,11:11,11,"K. Duarte, PT",Hygiene recall,kept,38.7,3.3,109.44,Insurance,PT-1330
APT-004445,2025-05-10,11:37,11,"K. Duarte, PT",Physio session,kept,36.4,5.6,87.91,Corporate plan,PT-2084
APT-004429,2025-05-10,11:45,11,"M. Ellis, PT",Physio session,kept,24.5,6.3,116.41,Private,PT-2793
APT-004431,2025-05-10,12:12,12,"K. Duarte, PT",Physio assessment,kept,65.7,9.4,146.54,Insurance,PT-3144
APT-004433,2025-05-10,12:57,12,"M. Ellis, PT",Physio assessment,rescheduled,67.2,7.4,0.0,Private,PT-2561
APT-004434,2025-05-10,14:35,14,"K. Duarte, PT",Physio assessment,cancelled,52.5,16.8,20.48,Private,PT-3074
APT-004448,2025-05-10,14:47,14,"K. Duarte, PT",Filling,kept,44.0,13.0,123.67,Public scheme,PT-1639
APT-004451,2025-05-10,14:55,14,"M. Ellis, PT",Filling,kept,60.2,14.7,174.37,Insurance,PT-1747
APT-004446,2025-05-10,15:00,15,"K. Duarte, PT",Filling,kept,45.1,9.6,205.6,Private,PT-3033
APT-004437,2025-05-10,16:19,16,"K. Duarte, PT",Hygiene recall,kept,37.7,15.9,107.79,Insurance,PT-1259
APT-004432,2025-05-10,16:38,16,"M. Ellis, PT",Hygiene recall,kept,44.5,13.2,96.72,Corporate plan,PT-1663
APT-004452,2025-05-10,16:49,16,"M. Ellis, PT",Hygiene recall,kept,39.2,13.0,132.89,Private,PT-2489
APT-004450,2025-05-10,16:54,16,"K. Duarte, PT",Root canal,kept,85.4,12.3,550.51,Insurance,PT-1521
APT-004447,2025-05-10,16:59,16,"M. Ellis, PT",Exam & imaging,cancelled,21.4,8.9,8.73,Insurance,PT-2020
APT-004466,2025-05-12,08:29,8,Dr. Benitez,Exam & imaging,kept,30.8,12.5,70.32,Corporate plan,PT-3037
APT-004470,2025-05-12,09:03,9,Dr. Benitez,Hygiene recall,kept,27.3,6.5,118.55,Insurance,PT-2710
APT-004453,2025-05-12,09:29,9,"K. Duarte, PT",Physio session,kept,44.6,3.6,105.41,Insurance,PT-1406
APT-004471,2025-05-12,09:33,9,Dr. Almeida,Follow-up consult,no_show,18.6,11.4,0.0,Insurance,PT-1730
APT-004480,2025-05-12,10:05,10,"K. Duarte, PT",Crown fit,kept,47.9,5.0,831.99,Private,PT-2959
APT-004478,2025-05-12,10:26,10,Dr. Chandra,Exam & imaging,kept,13.1,6.2,83.65,Insurance,PT-1951
APT-004482,2025-05-12,10:44,10,Dr. Benitez,Hygiene recall,cancelled,42.0,12.0,14.61,Private,PT-1389
APT-004456,2025-05-12,11:21,11,Dr. Almeida,Filling,kept,44.6,6.5,173.69,Corporate plan,PT-1245
APT-004455,2025-05-12,11:23,11,"K. Duarte, PT",Hygiene recall,rescheduled,47.3,5.9,0.0,Public scheme,PT-1812
APT-004469,2025-05-12,11:31,11,Dr. Chandra,Root canal,kept,93.0,18.5,494.16,Corporate plan,PT-2626
APT-004491,2025-05-12,11:31,11,"K. Duarte, PT",Hygiene recall,kept,29.2,10.7,102.92,Corporate plan,PT-1374
APT-004459,2025-05-12,11:39,11,Dr. Chandra,Follow-up consult,kept,33.7,7.5,64.58,Insurance,PT-2168
APT-004454,2025-05-12,11:41,11,Dr. Benitez,Root canal,kept,76.0,3.0,538.62,Corporate plan,PT-2873
APT-004463,2025-05-12,11:48,11,Dr. Almeida,Exam & imaging,kept,26.2,7.3,107.99,Private,PT-2911
APT-004468,2025-05-12,12:05,12,"K. Duarte, PT",Hygiene recall,kept,52.7,3.5,127.77,Private,PT-1116
APT-004464,2025-05-12,12:32,12,Dr. Almeida,Exam & imaging,kept,25.3,5.3,84.81,Insurance,PT-3151
APT-004472,2025-05-12,12:51,12,"K. Duarte, PT",Exam & imaging,kept,37.6,3.7,95.27,Private,PT-2903
APT-004461,2025-05-12,12:52,12,Dr. Almeida,Filling,kept,36.7,4.5,193.8,Insurance,PT-3058
APT-004477,2025-05-12,13:04,13,Dr. Chandra,Hygiene recall,kept,49.1,14.4,137.04,Private,PT-2648
APT-004457,2025-05-12,13:35,13,"K. Duarte, PT",Filling,kept,53.5,12.3,213.79,Private,PT-1916
APT-004485,2025-05-12,13:48,13,"K. Duarte, PT",Physio assessment,kept,61.6,12.4,128.82,Insurance,PT-1929
APT-004488,2025-05-12,14:02,14,Dr. Almeida,Crown fit,kept,63.4,13.5,559.53,Public scheme,PT-1683
APT-004474,2025-05-12,14:27,14,Dr. Benitez,Physio session,kept,31.3,9.3,100.81,Insurance,PT-2383
APT-004481,2025-05-12,14:31,14,Dr. Chandra,Exam & imaging,kept,30.9,11.0,98.96,Private,PT-1447
APT-004484,2025-05-12,15:19,15,"K. Duarte, PT",Exam & imaging,cancelled,22.9,13.0,9.12,Corporate plan,PT-1461
APT-004487,2025-05-12,15:21,15,"K. Duarte, PT",Exam & imaging,kept,21.9,12.1,88.35,Insurance,PT-1657
APT-004465,2025-05-12,15:28,15,"K. Duarte, PT",Filling,kept,40.4,18.6,202.7,Insurance,PT-1831
APT-004460,2025-05-12,15:31,15,Dr. Benitez,Physio assessment,kept,56.5,8.0,142.16,Insurance,PT-1546
APT-004458,2025-05-12,15:40,15,Dr. Chandra,Physio assessment,kept,61.7,19.8,119.66,Corporate plan,PT-1268
APT-004489,2025-05-12,15:58,15,Dr. Almeida,Filling,kept,41.9,15.4,183.47,Insurance,PT-2273
APT-004475,2025-05-12,16:13,16,"K. Duarte, PT",Root canal,kept,66.5,8.5,601.19,Private,PT-3068
APT-004467,2025-05-12,16:15,16,"K. Duarte, PT",Follow-up consult,kept,9.4,17.6,66.72,Private,PT-1823
APT-004473,2025-05-12,16:25,16,Dr. Almeida,Filling,kept,46.5,15.2,220.84,Private,PT-1508
APT-004483,2025-05-12,16:27,16,Dr. Almeida,Filling,kept,57.2,24.3,196.6,Insurance,PT-2098
APT-004486,2025-05-12,16:37,16,Dr. Chandra,Exam & imaging,kept,17.4,18.7,101.78,Private,PT-2994
APT-004462,2025-05-12,16:45,16,Dr. Benitez,Physio assessment,cancelled,56.8,13.2,18.12,Insurance,PT-2468
APT-004490,2025-05-12,16:53,16,Dr. Chandra,Exam & imaging,kept,32.1,8.6,75.12,Insurance,PT-2409
APT-004479,2025-05-12,17:35,17,"K. Duarte, PT",Exam & imaging,kept,32.3,9.5,99.72,Private,PT-1900
APT-004476,2025-05-12,17:58,17,"K. Duarte, PT",Filling,kept,44.9,11.4,168.22,Corporate plan,PT-1569
APT-004517,2025-05-13,08:21,8,Dr. Chandra,Hygiene recall,kept,44.1,3.3,87.58,Public scheme,PT-1415
APT-004529,2025-05-13,08:21,8,Dr. Chandra,Hygiene recall,kept,32.0,6.5,133.41,Private,PT-2117
APT-004502,2025-05-13,08:59,8,Dr. Almeida,Crown fit,no_show,73.9,5.2,0.0,Corporate plan,PT-2872
APT-004528,2025-05-13,09:47,9,Dr. Almeida,Hygiene recall,kept,42.5,9.1,109.52,Corporate plan,PT-1800
APT-004496,2025-05-13,10:08,10,"K. Duarte, PT",Physio assessment,kept,45.2,10.9,132.3,Insurance,PT-2997
APT-004512,2025-05-13,10:24,10,Dr. Almeida,Hygiene recall,cancelled,29.0,3.4,9.9,Corporate plan,PT-2156
APT-004530,2025-05-13,10:37,10,"K. Duarte, PT",Hygiene recall,kept,41.2,13.1,138.16,Private,PT-2449
APT-004501,2025-05-13,10:46,10,"M. Ellis, PT",Exam & imaging,kept,35.5,18.8,93.46,Insurance,PT-2035
APT-004499,2025-05-13,10:47,10,"M. Ellis, PT",Hygiene recall,rescheduled,47.8,11.5,0.0,Insurance,PT-1526
APT-004506,2025-05-13,10:49,10,Dr. Almeida,Hygiene recall,kept,53.8,4.9,172.75,Private,PT-1183
APT-004507,2025-05-13,11:09,11,Dr. Almeida,Hygiene recall,kept,41.2,4.1,143.5,Private,PT-1188
APT-004526,2025-05-13,11:21,11,Dr. Benitez,Filling,no_show,38.3,5.3,0.0,Insurance,PT-1443
APT-004503,2025-05-13,11:48,11,Dr. Benitez,Filling,kept,44.6,4.2,235.34,Private,PT-1589
APT-004519,2025-05-13,12:55,12,"K. Duarte, PT",Crown fit,cancelled,76.5,3.0,116.5,Private,PT-1224
APT-004522,2025-05-13,12:55,12,Dr. Almeida,Hygiene recall,kept,50.6,10.5,120.3,Insurance,PT-2658
APT-004508,2025-05-13,13:10,13,"M. Ellis, PT",Root canal,kept,84.1,10.4,583.02,Private,PT-1076
APT-004497,2025-05-13,13:52,13,Dr. Almeida,Filling,kept,45.9,12.2,148.1,Corporate plan,PT-2226
APT-004495,2025-05-13,14:00,14,Dr. Benitez,Hygiene recall,kept,43.4,11.7,119.4,Corporate plan,PT-1032
APT-004492,2025-05-13,14:07,14,Dr. Benitez,Physio assessment,kept,39.4,15.9,123.49,Corporate plan,PT-1999
APT-004505,2025-05-13,14:55,14,Dr. Almeida,Crown fit,kept,61.0,14.6,573.58,Public scheme,PT-2125
APT-004498,2025-05-13,15:05,15,"K. Duarte, PT",Exam & imaging,kept,28.9,12.9,72.96,Insurance,PT-2462
APT-004493,2025-05-13,15:14,15,Dr. Chandra,Physio session,kept,41.5,21.7,67.69,Public scheme,PT-1217
APT-004527,2025-05-13,15:15,15,"K. Duarte, PT",Hygiene recall,kept,56.3,9.4,107.19,Corporate plan,PT-1564
APT-004511,2025-05-13,15:22,15,Dr. Benitez,Physio session,no_show,37.9,9.3,0.0,Corporate plan,PT-1052
APT-004509,2025-05-13,15:29,15,Dr. Chandra,Physio session,kept,53.4,11.4,87.74,Corporate plan,PT-1937
APT-004515,2025-05-13,15:39,15,Dr. Chandra,Hygiene recall,no_show,42.5,11.0,0.0,Private,PT-1879
APT-004524,2025-05-13,15:44,15,"M. Ellis, PT",Crown fit,kept,59.5,10.7,897.68,Private,PT-1904
APT-004504,2025-05-13,15:50,15,Dr. Almeida,Hygiene recall,kept,43.8,13.1,128.73,Private,PT-1701
APT-004525,2025-05-13,15:52,15,Dr. Benitez,Exam & imaging,kept,27.5,15.0,91.53,Private,PT-1861
APT-004518,2025-05-13,15:56,15,Dr. Benitez,Hygiene recall,kept,35.8,9.6,111.95,Insurance,PT-3137
APT-004523,2025-05-13,16:10,16,Dr. Chandra,Filling,kept,47.8,9.5,190.89,Insurance,PT-1121
APT-004513,2025-05-13,16:22,16,Dr. Almeida,Hygiene recall,kept,59.4,12.2,72.39,Public scheme,PT-1664
APT-004514,2025-05-13,16:33,16,"K. Duarte, PT",Exam & imaging,kept,20.9,13.4,102.46,Private,PT-1531
APT-004516,2025-05-13,16:39,16,Dr. Benitez,Hygiene recall,no_show,45.1,13.0,0.0,Public scheme,PT-1145
APT-004494,2025-05-13,16:44,16,Dr. Benitez,Physio session,no_show,46.1,20.2,0.0,Private,PT-2597
APT-004500,2025-05-13,16:49,16,"M. Ellis, PT",Filling,kept,44.4,13.0,194.94,Insurance,PT-1504
APT-004521,2025-05-13,17:08,17,Dr. Benitez,Exam & imaging,kept,23.3,12.4,53.53,Public scheme,PT-2579
APT-004510,2025-05-13,17:19,17,Dr. Benitez,Crown fit,no_show,60.6,9.2,0.0,Corporate plan,PT-2835
APT-004520,2025-05-13,17:33,17,Dr. Chandra,Exam & imaging,kept,26.4,8.4,94.34,Private,PT-2745
APT-004546,2025-05-14,08:08,8,Dr. Faber,Exam & imaging,kept,39.3,8.4,94.14,Private,PT-2615
APT-004544,2025-05-14,08:10,8,Dr. Almeida,Hygiene recall,kept,43.7,4.5,104.4,Corporate plan,PT-3142
APT-004545,2025-05-14,09:20,9,Dr. Benitez,Exam & imaging,kept,28.4,7.9,98.8,Private,PT-1332
APT-004536,2025-05-14,09:28,9,"K. Duarte, PT",Physio session,kept,36.6,4.3,116.37,Private,PT-2205
APT-004552,2025-05-14,09:31,9,Dr. Almeida,Root canal,cancelled,77.1,9.3,64.41,Insurance,PT-1359
APT-004562,2025-05-14,09:31,9,"K. Duarte, PT",Filling,kept,45.7,11.6,190.16,Insurance,PT-3192
APT-004543,2025-05-14,09:47,9,"K. Duarte, PT",Hygiene recall,kept,37.7,2.8,88.58,Insurance,PT-1931
APT-004547,2025-05-14,09:59,9,Dr. Almeida,Exam & imaging,kept,26.5,7.5,70.12,Corporate plan,PT-1484
APT-004535,2025-05-14,10:01,10,"K. Duarte, PT",Exam & imaging,kept,24.2,5.1,73.7,Corporate plan,PT-3179
APT-004560,2025-05-14,10:39,10,"M. Ellis, PT",Crown fit,kept,64.0,3.3,678.43,Corporate plan,PT-1446
APT-004532,2025-05-14,10:43,10,Dr. Almeida,Exam & imaging,kept,23.3,7.0,85.99,Insurance,PT-2212
APT-004567,2025-05-14,11:18,11,"K. Duarte, PT",Hygiene recall,rescheduled,42.9,21.3,0.0,Private,PT-2898
APT-004565,2025-05-14,11:19,11,Dr. Almeida,Root canal,kept,86.0,21.4,759.11,Private,PT-2855
APT-004557,2025-05-14,11:20,11,Dr. Faber,Exam & imaging,cancelled,22.5,9.4,8.34,Insurance,PT-3150
APT-004558,2025-05-14,11:39,11,Dr. Faber,Physio assessment,kept,61.9,7.0,126.37,Corporate plan,PT-3176
APT-004564,2025-05-14,11:58,11,Dr. Benitez,Hygiene recall,kept,35.5,5.2,129.88,Private,PT-2717
APT-004548,2025-05-14,12:09,12,"M. Ellis, PT",Crown fit,kept,56.5,5.7,802.4,Insurance,PT-1822
APT-004559,2025-05-14,12:15,12,"K. Duarte, PT",Hygiene recall,kept,33.3,3.5,118.28,Insurance,PT-1735
APT-004531,2025-05-14,12:36,12,"K. Duarte, PT",Exam & imaging,cancelled,18.1,9.5,13.54,Private,PT-2036
APT-004541,2025-05-14,12:57,12,"K. Duarte, PT",Exam & imaging,rescheduled,9.7,2.7,0.0,Private,PT-2652
APT-004566,2025-05-14,13:01,13,Dr. Faber,Physio assessment,kept,62.3,9.1,126.78,Insurance,PT-1933
APT-004534,2025-05-14,13:36,13,"K. Duarte, PT",Exam & imaging,cancelled,11.8,9.1,9.63,Insurance,PT-2858
APT-004551,2025-05-14,13:40,13,"M. Ellis, PT",Physio session,kept,32.3,19.4,107.42,Private,PT-1830
APT-004556,2025-05-14,13:46,13,"M. Ellis, PT",Hygiene recall,kept,48.5,13.3,100.74,Insurance,PT-2526
APT-004563,2025-05-14,14:17,14,"K. Duarte, PT",Filling,cancelled,51.2,16.4,20.61,Insurance,PT-2358
APT-004553,2025-05-14,14:24,14,Dr. Benitez,Hygiene recall,kept,48.4,11.8,111.56,Corporate plan,PT-2269
APT-004554,2025-05-14,14:25,14,"K. Duarte, PT",Filling,kept,49.6,8.8,207.04,Private,PT-1804
APT-004537,2025-05-14,14:26,14,"K. Duarte, PT",Hygiene recall,kept,53.5,11.7,101.34,Insurance,PT-1687
APT-004533,2025-05-14,14:34,14,"M. Ellis, PT",Hygiene recall,no_show,63.2,9.2,0.0,Insurance,PT-1787
APT-004550,2025-05-14,15:23,15,Dr. Almeida,Hygiene recall,kept,39.4,9.4,81.99,Public scheme,PT-1037
APT-004555,2025-05-14,15:50,15,Dr. Benitez,Physio assessment,kept,43.0,8.7,126.9,Corporate plan,PT-1529
APT-004542,2025-05-14,16:43,16,Dr. Faber,Physio session,kept,39.3,13.1,109.8,Private,PT-1405
APT-004549,2025-05-14,16:44,16,"K. Duarte, PT",Hygiene recall,kept,49.3,8.6,140.63,Insurance,PT-2133
APT-004539,2025-05-14,17:20,17,Dr. Almeida,Root canal,kept,85.5,18.3,487.71,Corporate plan,PT-1908
APT-004538,2025-05-14,17:26,17,Dr. Faber,Hygiene recall,kept,28.0,14.4,94.21,Corporate plan,PT-2129
APT-004561,2025-05-14,17:26,17,Dr. Benitez,Exam & imaging,cancelled,30.1,9.2,6.46,Public scheme,PT-1828
APT-004540,2025-05-14,17:34,17,"K. Duarte, PT",Hygiene recall,kept,42.1,8.7,111.46,Insurance,PT-2630
APT-004611,2025-05-15,08:52,8,Dr. Benitez,Hygiene recall,kept,55.4,5.0,124.38,Insurance,PT-1390
APT-004609,2025-05-15,09:01,9,Dr. Chandra,Filling,cancelled,64.7,3.5,24.87,Private,PT-2837
APT-004576,2025-05-15,09:13,9,Dr. Chandra,Hygiene recall,kept,42.0,7.7,130.46,Private,PT-2430
APT-004571,2025-05-15,09:36,9,Dr. Benitez,Follow-up consult,kept,18.2,23.6,66.5,Private,PT-1984
APT-004582,2025-05-15,09:36,9,Dr. Almeida,Crown fit,kept,71.0,5.8,813.73,Private,PT-1502
APT-004597,2025-05-15,09:51,9,Dr. Almeida,Hygiene recall,kept,38.8,2.7,104.58,Insurance,PT-2764
APT-004600,2025-05-15,10:06,10,Dr. Benitez,Exam & imaging,cancelled,36.0,4.9,11.42,Private,PT-1286
APT-004583,2025-05-15,10:07,10,Dr. Benitez,Follow-up consult,kept,32.2,5.3,72.38,Private,PT-2555
APT-004584,2025-05-15,10:08,10,Dr. Benitez,Hygiene recall,kept,43.3,8.1,123.3,Insurance,PT-2472
APT-004578,2025-05-15,10:15,10,"K. Duarte, PT",Filling,kept,38.0,4.0,155.35,Corporate plan,PT-2898
APT-004625,2025-05-15,10:20,10,Dr. Benitez,Hygiene recall,no_show,40.5,7.8,0.0,Private,PT-2050
APT-004614,2025-05-15,10:50,10,Dr. Chandra,Physio assessment,kept,65.5,5.9,95.09,Public scheme,PT-2074
APT-004606,2025-05-15,10:57,10,Dr. Benitez,Exam & imaging,kept,17.3,6.5,96.37,Insurance,PT-1574
APT-004587,2025-05-15,11:10,11,Dr. Benitez,Crown fit,kept,67.1,12.2,949.82,Private,PT-1701
APT-004573,2025-05-15,11:20,11,Dr. Benitez,Exam & imaging,kept,23.5,4.1,65.57,Public scheme,PT-1859
APT-004589,2025-05-15,11:20,11,"K. Duarte, PT",Hygiene recall,kept,50.0,3.9,107.33,Insurance,PT-1542
APT-004588,2025-05-15,11:27,11,Dr. Almeida,Filling,kept,37.8,4.9,200.08,Private,PT-1371
APT-004612,2025-05-15,11:28,11,Dr. Almeida,Hygiene recall,cancelled,30.1,15.1,15.33,Private,PT-2425
APT-004598,2025-05-15,11:29,11,Dr. Faber,Filling,kept,52.1,10.5,202.16,Insurance,PT-2977
APT-004586,2025-05-15,11:34,11,"K. Duarte, PT",Physio session,kept,42.7,4.3,94.39,Insurance,PT-2335
APT-004613,2025-05-15,11:45,11,"M. Ellis, PT",Hygiene recall,kept,60.9,14.5,104.84,Corporate plan,PT-2798
APT-004602,2025-05-15,11:46,11,Dr. Chandra,Filling,kept,47.9,8.6,166.41,Insurance,PT-2970
APT-004580,2025-05-15,11:48,11,Dr. Benitez,Filling,kept,33.7,6.4,187.15,Insurance,PT-3027
APT-004569,2025-05-15,11:57,11,"M. Ellis, PT",Hygiene recall,kept,45.3,4.3,98.11,Corporate plan,PT-3103
APT-004591,2025-05-15,12:20,12,Dr. Faber,Hygiene recall,kept,40.4,6.8,75.86,Public scheme,PT-1899
APT-004585,2025-05-15,12:52,12,Dr. Chandra,Physio assessment,kept,55.9,13.4,125.37,Corporate plan,PT-1583
APT-004601,2025-05-15,13:00,13,Dr. Almeida,Hygiene recall,rescheduled,41.6,11.9,0.0,Private,PT-2568
APT-004623,2025-05-15,13:09,13,"K. Duarte, PT",Physio assessment,kept,59.6,12.4,150.21,Insurance,PT-3035
APT-004594,2025-05-15,13:13,13,Dr. Benitez,Hygiene recall,kept,50.9,8.4,150.97,Private,PT-2752
APT-004620,2025-05-15,13:25,13,"K. Duarte, PT",Hygiene recall,kept,33.1,9.3,91.37,Public scheme,PT-2435
APT-004568,2025-05-15,13:58,13,Dr. Chandra,Filling,kept,43.8,8.6,200.57,Private,PT-1688
APT-004615,2025-05-15,14:01,14,"M. Ellis, PT",Exam & imaging,kept,23.4,20.5,98.41,Private,PT-1502
APT-004592,2025-05-15,14:09,14,Dr. Chandra,Hygiene recall,kept,43.3,16.8,94.85,Corporate plan,PT-2204
APT-004593,2025-05-15,14:09,14,Dr. Almeida,Crown fit,cancelled,56.9,11.0,85.79,Insurance,PT-2913
APT-004572,2025-05-15,14:11,14,Dr. Chandra,Exam & imaging,kept,18.4,15.8,84.22,Insurance,PT-3011
APT-004622,2025-05-15,14:14,14,Dr. Almeida,Exam & imaging,kept,26.3,11.1,61.67,Public scheme,PT-1930
APT-004575,2025-05-15,14:16,14,"K. Duarte, PT",Exam & imaging,rescheduled,27.0,11.8,0.0,Private,PT-2886
APT-004607,2025-05-15,14:17,14,Dr. Benitez,Hygiene recall,kept,52.2,9.8,119.16,Insurance,PT-1068
APT-004581,2025-05-15,14:19,14,Dr. Almeida,Hygiene recall,kept,39.6,8.9,98.13,Corporate plan,PT-1101
APT-004603,2025-05-15,14:23,14,Dr. Benitez,Root canal,kept,89.9,11.2,445.38,Public scheme,PT-1305
APT-004570,2025-05-15,14:34,14,"K. Duarte, PT",Hygiene recall,cancelled,39.3,12.5,15.38,Insurance,PT-2508
APT-004618,2025-05-15,14:43,14,"M. Ellis, PT",Physio session,kept,41.6,11.9,97.57,Insurance,PT-1747
APT-004617,2025-05-15,14:44,14,Dr. Almeida,Exam & imaging,kept,18.8,7.9,103.9,Private,PT-2942
APT-004605,2025-05-15,14:51,14,"K. Duarte, PT",Hygiene recall,cancelled,34.6,9.7,12.14,Corporate plan,PT-1483
APT-004610,2025-05-15,14:58,14,Dr. Almeida,Hygiene recall,kept,36.9,8.7,139.08,Private,PT-2107
APT-004579,2025-05-15,14:59,14,Dr. Benitez,Hygiene recall,cancelled,41.8,7.9,13.93,Insurance,PT-2096
APT-004624,2025-05-15,15:21,15,Dr. Chandra,Exam & imaging,kept,28.6,12.2,95.41,Private,PT-1326
APT-004619,2025-05-15,15:25,15,"M. Ellis, PT",Physio session,rescheduled,48.1,10.4,0.0,Public scheme,PT-1152
APT-004590,2025-05-15,15:28,15,"K. Duarte, PT",Exam & imaging,kept,28.9,13.6,100.23,Private,PT-1993
APT-004616,2025-05-15,15:32,15,Dr. Benitez,Exam & imaging,kept,38.0,8.5,110.44,Private,PT-2722
APT-004608,2025-05-15,15:38,15,"K. Duarte, PT",Exam & imaging,no_show,10.8,8.7,0.0,Private,PT-2465
APT-004604,2025-05-15,15:43,15,Dr. Chandra,Exam & imaging,rescheduled,27.7,13.4,0.0,Public scheme,PT-1562
APT-004574,2025-05-15,16:09,16,"M. Ellis, PT",Follow-up consult,kept,28.9,19.5,60.51,Insurance,PT-2805
APT-004595,2025-05-15,16:11,16,"K. Duarte, PT",Hygiene recall,kept,42.3,10.9,120.21,Insurance,PT-2201
APT-004577,2025-05-15,17:20,17,Dr. Benitez,Root canal,kept,81.9,16.8,655.7,Private,PT-2329
APT-004621,2025-05-15,17:36,17,Dr. Almeida,Hygiene recall,kept,50.6,18.8,137.47,Private,PT-2686
APT-004599,2025-05-15,17:56,17,"M. Ellis, PT",Filling,kept,42.7,13.4,200.62,Insurance,PT-3091
APT-004596,2025-05-15,17:59,17,Dr. Chandra,Hygiene recall,no_show,51.0,14.8,0.0,Public scheme,PT-2723
APT-004639,2025-05-16,09:00,9,Dr. Benitez,Follow-up consult,kept,9.4,9.0,37.76,Public scheme,PT-3019
APT-004657,2025-05-16,09:04,9,"K. Duarte, PT",Physio session,no_show,41.0,4.7,0.0,Insurance,PT-3097
APT-004642,2025-05-16,09:08,9,Dr. Faber,Hygiene recall,kept,54.1,2.8,108.13,Corporate plan,PT-2427
APT-004645,2025-05-16,09:20,9,"K. Duarte, PT",Exam & imaging,kept,24.6,3.7,98.98,Private,PT-2315
APT-004638,2025-05-16,09:46,9,Dr. Chandra,Crown fit,cancelled,61.4,5.6,94.31,Insurance,PT-2618
APT-004660,2025-05-16,10:04,10,Dr. Chandra,Hygiene recall,kept,47.2,7.2,147.84,Private,PT-1080
APT-004640,2025-05-16,10:07,10,"K. Duarte, PT",Physio assessment,kept,57.1,9.6,166.28,Private,PT-2250
APT-004659,2025-05-16,10:08,10,"K. Duarte, PT",Hygiene recall,kept,51.3,6.7,100.87,Insurance,PT-2902
APT-004650,2025-05-16,10:13,10,Dr. Almeida,Exam & imaging,kept,37.9,5.0,76.73,Insurance,PT-2554
APT-004661,2025-05-16,11:09,11,Dr. Chandra,Exam & imaging,cancelled,26.7,23.0,11.15,Private,PT-3083
APT-004656,2025-05-16,11:11,11,"M. Ellis, PT",Crown fit,kept,49.7,4.7,685.84,Corporate plan,PT-1588
APT-004641,2025-05-16,11:14,11,Dr. Chandra,Physio session,cancelled,38.3,6.8,10.14,Corporate plan,PT-3186
APT-004662,2025-05-16,11:23,11,"M. Ellis, PT",Physio assessment,kept,54.7,8.9,129.55,Insurance,PT-1031
APT-004651,2025-05-16,11:40,11,Dr. Chandra,Hygiene recall,kept,36.7,7.9,152.03,Private,PT-1882
APT-004633,2025-05-16,11:55,11,Dr. Almeida,Hygiene recall,rescheduled,46.1,13.8,0.0,Insurance,PT-2228
APT-004646,2025-05-16,11:56,11,"M. Ellis, PT",Hygiene recall,kept,39.3,8.4,126.94,Private,PT-3120
APT-004631,2025-05-16,12:00,12,Dr. Chandra,Hygiene recall,kept,43.2,6.4,127.38,Insurance,PT-1767
APT-004653,2025-05-16,12:17,12,Dr. Almeida,Hygiene recall,kept,51.4,14.1,109.09,Corporate plan,PT-1058
APT-004647,2025-05-16,12:21,12,"K. Duarte, PT",Hygiene recall,cancelled,50.0,5.6,13.35,Insurance,PT-1992
APT-004629,2025-05-16,12:47,12,Dr. Almeida,Hygiene recall,rescheduled,48.3,3.9,0.0,Private,PT-2639
APT-004634,2025-05-16,12:56,12,"M. Ellis, PT",Follow-up consult,cancelled,20.9,4.6,5.0,Public scheme,PT-2028
APT-004644,2025-05-16,13:19,13,Dr. Almeida,Hygiene recall,kept,36.4,8.5,129.45,Insurance,PT-1132
APT-004658,2025-05-16,13:27,13,"K. Duarte, PT",Exam & imaging,kept,37.9,10.5,80.45,Insurance,PT-1371
APT-004654,2025-05-16,14:44,14,"K. Duarte, PT",Hygiene recall,kept,42.6,12.9,101.74,Insurance,PT-1653
APT-004632,2025-05-16,15:02,15,"M. Ellis, PT",Exam & imaging,kept,20.2,9.7,96.84,Private,PT-1670
APT-004649,2025-05-16,15:06,15,Dr. Almeida,Follow-up consult,kept,23.6,10.7,67.01,Insurance,PT-2363
APT-004637,2025-05-16,15:14,15,Dr. Chandra,Hygiene recall,kept,43.4,11.4,125.78,Private,PT-1086
APT-004630,2025-05-16,15:25,15,"K. Duarte, PT",Hygiene recall,kept,22.1,11.0,144.35,Private,PT-3096
APT-004648,2025-05-16,15:31,15,Dr. Chandra,Filling,kept,45.9,18.5,191.13,Private,PT-3090
APT-004635,2025-05-16,15:37,15,Dr. Chandra,Hygiene recall,kept,43.9,13.4,116.0,Insurance,PT-1264
APT-004628,2025-05-16,15:43,15,Dr. Faber,Exam & imaging,kept,22.0,9.5,83.88,Private,PT-2228
APT-004626,2025-05-16,15:45,15,Dr. Benitez,Physio assessment,kept,39.3,9.3,158.42,Private,PT-3170
APT-004636,2025-05-16,16:02,16,"K. Duarte, PT",Exam & imaging,kept,22.1,9.2,59.88,Public scheme,PT-2982
APT-004627,2025-05-16,16:10,16,"K. Duarte, PT",Hygiene recall,kept,43.7,14.2,95.03,Corporate plan,PT-2078
APT-004652,2025-05-16,16:56,16,"M. Ellis, PT",Hygiene recall,kept,60.1,22.3,114.11,Insurance,PT-1837
APT-004655,2025-05-16,17:17,17,"M. Ellis, PT",Root canal,kept,74.9,11.2,546.19,Insurance,PT-2612
APT-004643,2025-05-16,17:55,17,Dr. Almeida,Hygiene recall,kept,52.7,10.2,113.88,Corporate plan,PT-2373
APT-004664,2025-05-17,09:58,9,"K. Duarte, PT",Physio session,kept,51.3,10.2,75.64,Corporate plan,PT-1843
APT-004676,2025-05-17,10:08,10,"K. Duarte, PT",Hygiene recall,cancelled,53.7,10.7,14.71,Insurance,PT-1189
APT-004663,2025-05-17,10:28,10,"K. Duarte, PT",Exam & imaging,kept,25.8,3.8,98.55,Private,PT-2412
APT-004681,2025-05-17,10:53,10,"M. Ellis, PT",Hygiene recall,kept,34.8,3.7,127.06,Insurance,PT-3138
APT-004678,2025-05-17,11:08,11,"M. Ellis, PT",Physio session,kept,42.7,6.1,95.02,Insurance,PT-1641
APT-004680,2025-05-17,11:29,11,"K. Duarte, PT",Filling,kept,47.4,7.3,201.8,Private,PT-1292
APT-004674,2025-05-17,12:58,12,"M. Ellis, PT",Physio assessment,kept,47.8,6.7,131.53,Insurance,PT-2492
APT-004673,2025-05-17,13:13,13,"K. Duarte, PT",Physio assessment,kept,51.6,15.2,142.61,Insurance,PT-1009
APT-004683,2025-05-17,13:40,13,"K. Duarte, PT",Physio session,kept,33.1,28.8,87.87,Insurance,PT-1646
APT-004679,2025-05-17,14:16,14,"M. Ellis, PT",Exam & imaging,kept,15.8,8.8,90.53,Insurance,PT-1932
APT-004677,2025-05-17,14:40,14,"K. Duarte, PT",Exam & imaging,kept,14.3,10.1,88.53,Private,PT-2036
APT-004668,2025-05-17,14:48,14,"K. Duarte, PT",Physio session,kept,48.8,7.9,89.9,Corporate plan,PT-1089
APT-004670,2025-05-17,14:52,14,"K. Duarte, PT",Filling,rescheduled,53.2,10.3,0.0,Private,PT-1974
APT-004685,2025-05-17,14:54,14,"K. Duarte, PT",Physio session,kept,33.4,8.6,97.63,Insurance,PT-1637
APT-004687,2025-05-17,15:36,15,"M. Ellis, PT",Exam & imaging,kept,24.7,15.4,104.73,Private,PT-1011
APT-004684,2025-05-17,15:38,15,"K. Duarte, PT",Root canal,kept,83.6,8.2,405.21,Public scheme,PT-1194
APT-004672,2025-05-17,15:39,15,"M. Ellis, PT",Exam & imaging,kept,27.0,9.0,68.11,Insurance,PT-3054
APT-004675,2025-05-17,15:45,15,"K. Duarte, PT",Filling,cancelled,30.2,9.9,24.78,Private,PT-1729
APT-004669,2025-05-17,15:54,15,"M. Ellis, PT",Exam & imaging,cancelled,17.7,11.6,8.26,Insurance,PT-3165
APT-004671,2025-05-17,16:04,16,"K. Duarte, PT",Physio assessment,kept,61.3,10.9,137.68,Insurance,PT-2415
APT-004667,2025-05-17,16:34,16,"M. Ellis, PT",Physio session,no_show,29.9,8.7,0.0,Private,PT-1551
APT-004682,2025-05-17,16:44,16,"K. Duarte, PT",Filling,kept,52.8,9.8,201.66,Private,PT-1204
APT-004686,2025-05-17,16:54,16,"K. Duarte, PT",Physio assessment,kept,50.8,11.2,136.79,Insurance,PT-1003
APT-004665,2025-05-17,16:58,16,"K. Duarte, PT",Physio session,kept,37.3,12.9,68.15,Public scheme,PT-1780
APT-004666,2025-05-17,17:41,17,"K. Duarte, PT",Physio session,kept,53.0,16.8,91.96,Insurance,PT-2788
APT-004693,2025-05-19,08:27,8,Dr. Almeida,Hygiene recall,kept,49.8,10.4,84.32,Public scheme,PT-1532
APT-004734,2025-05-19,08:50,8,"K. Duarte, PT",Exam & imaging,cancelled,29.4,11.0,9.12,Corporate plan,PT-2044
APT-004704,2025-05-19,09:13,9,"K. Duarte, PT",Hygiene recall,kept,47.5,7.2,141.94,Private,PT-3123
APT-004697,2025-05-19,09:17,9,"K. Duarte, PT",Exam & imaging,kept,23.8,8.7,76.66,Insurance,PT-2337
APT-004731,2025-05-19,09:51,9,Dr. Benitez,Physio session,kept,42.8,8.0,106.29,Private,PT-2395
APT-004689,2025-05-19,10:25,10,Dr. Benitez,Filling,kept,44.2,3.5,221.07,Private,PT-1271
APT-004706,2025-05-19,10:34,10,Dr. Chandra,Exam & imaging,kept,20.0,3.4,84.23,Insurance,PT-2844
APT-004716,2025-05-19,10:45,10,Dr. Benitez,Hygiene recall,cancelled,25.6,8.2,9.71,Public scheme,PT-3181
APT-004719,2025-05-19,10:46,10,Dr. Almeida,Follow-up consult,kept,24.9,6.5,62.52,Private,PT-2703
APT-004728,2025-05-19,10:50,10,"K. Duarte, PT",Hygiene recall,no_show,44.7,3.0,0.0,Insurance,PT-2228
APT-004729,2025-05-19,11:14,11,Dr. Benitez,Physio session,kept,47.4,7.0,65.09,Public scheme,PT-1586
APT-004696,2025-05-19,11:20,11,"K. Duarte, PT",Physio assessment,kept,52.9,14.4,123.09,Corporate plan,PT-1899
APT-004698,2025-05-19,11:52,11,Dr. Almeida,Filling,rescheduled,46.4,8.5,0.0,Public scheme,PT-1050
APT-004710,2025-05-19,12:01,12,Dr. Almeida,Filling,kept,45.5,4.9,234.69,Private,PT-1742
APT-004711,2025-05-19,12:04,12,Dr. Benitez,Exam & imaging,kept,26.1,3.9,106.83,Private,PT-1953
APT-004726,2025-05-19,12:04,12,Dr. Almeida,Filling,kept,47.5,14.9,202.39,Private,PT-1187
APT-004736,2025-05-19,12:15,12,Dr. Benitez,Exam & imaging,kept,20.0,17.2,97.97,Private,PT-2837
APT-004694,2025-05-19,12:26,12,"K. Duarte, PT",Physio assessment,kept,47.9,6.3,131.05,Insurance,PT-1156
APT-004715,2025-05-19,12:27,12,Dr. Chandra,Hygiene recall,kept,49.7,6.1,148.65,Private,PT-1285
APT-004690,2025-05-19,12:38,12,Dr. Almeida,Physio assessment,kept,62.2,2.9,140.72,Insurance,PT-2265
APT-004735,2025-05-19,12:38,12,Dr. Almeida,Exam & imaging,kept,30.4,16.2,94.8,Private,PT-2569
APT-004725,2025-05-19,12:42,12,"K. Duarte, PT",Exam & imaging,kept,36.4,3.1,94.35,Private,PT-2776
APT-004695,2025-05-19,13:01,13,Dr. Almeida,Crown fit,kept,69.6,8.1,664.6,Corporate plan,PT-2302
APT-004717,2025-05-19,13:24,13,Dr. Chandra,Filling,kept,51.5,15.0,194.05,Insurance,PT-2655
APT-004691,2025-05-19,13:58,13,Dr. Chandra,Filling,kept,47.1,25.3,182.76,Insurance,PT-1510
APT-004737,2025-05-19,14:02,14,Dr. Chandra,Exam & imaging,cancelled,21.6,16.1,10.98,Private,PT-1912
APT-004724,2025-05-19,14:13,14,"K. Duarte, PT",Physio session,kept,38.5,14.3,100.75,Insurance,PT-1919
APT-004727,2025-05-19,14:20,14,Dr. Benitez,Hygiene recall,kept,42.7,8.6,83.73,Public scheme,PT-2161
APT-004714,2025-05-19,14:34,14,"K. Duarte, PT",Exam & imaging,kept,30.6,14.0,90.17,Private,PT-2645
APT-004712,2025-05-19,14:41,14,Dr. Almeida,Crown fit,kept,71.4,10.5,830.3,Insurance,PT-3105
APT-004733,2025-05-19,15:01,15,"K. Duarte, PT",Hygiene recall,kept,38.6,8.5,102.53,Corporate plan,PT-1250
APT-004699,2025-05-19,15:16,15,Dr. Almeida,Physio assessment,kept,58.7,13.9,151.75,Private,PT-3067
APT-004720,2025-05-19,15:25,15,"K. Duarte, PT",Hygiene recall,rescheduled,43.0,11.6,0.0,Private,PT-2374
APT-004723,2025-05-19,15:25,15,Dr. Almeida,Root canal,kept,91.1,8.5,345.79,Public scheme,PT-2432
APT-004721,2025-05-19,15:28,15,Dr. Benitez,Hygiene recall,kept,58.0,14.2,132.31,Private,PT-2243
APT-004688,2025-05-19,15:42,15,Dr. Chandra,Hygiene recall,kept,54.5,20.0,111.56,Insurance,PT-2262
APT-004708,2025-05-19,15:52,15,"K. Duarte, PT",Hygiene recall,kept,32.2,9.0,106.79,Corporate plan,PT-1218
APT-004703,2025-05-19,16:03,16,Dr. Chandra,Hygiene recall,kept,46.2,11.2,140.8,Private,PT-1051
APT-004707,2025-05-19,16:03,16,Dr. Chandra,Hygiene recall,no_show,51.8,16.3,0.0,Private,PT-2656
APT-004709,2025-05-19,16:05,16,Dr. Benitez,Filling,kept,39.6,14.4,175.92,Insurance,PT-3164
APT-004702,2025-05-19,16:25,16,"K. Duarte, PT",Exam & imaging,kept,17.7,9.2,92.71,Private,PT-2610
APT-004713,2025-05-19,16:38,16,Dr. Chandra,Hygiene recall,kept,49.2,9.8,83.81,Public scheme,PT-1131
APT-004692,2025-05-19,16:40,16,Dr. Almeida,Physio session,kept,58.6,26.1,87.42,Insurance,PT-2233
APT-004705,2025-05-19,16:50,16,"K. Duarte, PT",Hygiene recall,kept,38.2,14.1,102.65,Corporate plan,PT-1897
APT-004732,2025-05-19,16:52,16,"K. Duarte, PT",Hygiene recall,kept,32.9,21.3,135.81,Private,PT-1298
APT-004730,2025-05-19,16:54,16,Dr. Chandra,Hygiene recall,kept,39.1,12.2,103.1,Corporate plan,PT-2654
APT-004701,2025-05-19,17:06,17,Dr. Almeida,Exam & imaging,kept,29.2,11.7,79.19,Insurance,PT-2718
APT-004722,2025-05-19,17:10,17,Dr. Benitez,Exam & imaging,kept,29.5,9.8,79.2,Corporate plan,PT-2410
APT-004700,2025-05-19,17:24,17,Dr. Benitez,Follow-up consult,cancelled,18.2,8.5,8.46,Private,PT-1463
APT-004718,2025-05-19,17:40,17,Dr. Chandra,Physio assessment,kept,56.6,9.4,161.36,Private,PT-2087
APT-004743,2025-05-20,08:41,8,"M. Ellis, PT",Exam & imaging,kept,26.8,5.3,77.54,Insurance,PT-1593
APT-004753,2025-05-20,09:06,9,Dr. Chandra,Hygiene recall,kept,36.1,11.8,153.21,Private,PT-2551
APT-004770,2025-05-20,09:12,9,"M. Ellis, PT",Hygiene recall,kept,33.6,8.6,109.29,Corporate plan,PT-2657
APT-004746,2025-05-20,09:17,9,Dr. Chandra,Exam & imaging,kept,44.6,11.0,107.07,Private,PT-2373
APT-004741,2025-05-20,09:34,9,Dr. Benitez,Crown fit,kept,75.4,4.1,874.52,Private,PT-2321
APT-004749,2025-05-20,09:37,9,Dr. Chandra,Filling,kept,44.4,4.4,154.49,Corporate plan,PT-1011
APT-004762,2025-05-20,10:00,10,"M. Ellis, PT",Hygiene recall,kept,37.4,12.3,117.63,Insurance,PT-1137
APT-004769,2025-05-20,10:05,10,Dr. Benitez,Crown fit,kept,65.6,20.6,921.83,Private,PT-2980
APT-004771,2025-05-20,10:49,10,"K. Duarte, PT",Hygiene recall,kept,45.9,7.5,84.17,Public scheme,PT-2019
APT-004754,2025-05-20,10:59,10,"M. Ellis, PT",Filling,kept,51.0,4.8,208.51,Private,PT-1799
APT-004747,2025-05-20,11:01,11,Dr. Benitez,Hygiene recall,rescheduled,53.4,10.0,0.0,Private,PT-1610
APT-004772,2025-05-20,11:06,11,Dr. Almeida,Crown fit,kept,59.6,14.2,909.96,Private,PT-2706
APT-004748,2025-05-20,11:08,11,"M. Ellis, PT",Exam & imaging,kept,28.4,9.6,69.8,Insurance,PT-2007
APT-004766,2025-05-20,11:35,11,"K. Duarte, PT",Exam & imaging,kept,16.2,15.2,91.23,Private,PT-1164
APT-004757,2025-05-20,11:43,11,"K. Duarte, PT",Exam & imaging,kept,15.1,8.9,73.85,Insurance,PT-2978
APT-004755,2025-05-20,12:09,12,Dr. Chandra,Physio assessment,kept,56.2,4.1,142.02,Insurance,PT-3030
APT-004759,2025-05-20,12:21,12,"K. Duarte, PT",Physio session,kept,40.2,8.3,95.94,Insurance,PT-2864
APT-004739,2025-05-20,12:37,12,"K. Duarte, PT",Exam & imaging,cancelled,39.6,8.7,10.17,Insurance,PT-2620
APT-004764,2025-05-20,12:54,12,Dr. Almeida,Exam & imaging,kept,17.7,8.0,77.2,Insurance,PT-2497
APT-004750,2025-05-20,13:03,13,Dr. Benitez,Hygiene recall,kept,35.7,18.2,130.89,Private,PT-3176
APT-004774,2025-05-20,13:08,13,"M. Ellis, PT",Hygiene recall,kept,46.4,8.2,110.4,Insurance,PT-2481
APT-004742,2025-05-20,13:14,13,"M. Ellis, PT",Physio session,kept,48.5,12.3,94.93,Insurance,PT-3049
APT-004744,2025-05-20,13:21,13,"M. Ellis, PT",Physio session,no_show,42.2,9.1,0.0,Private,PT-2862
APT-004780,2025-05-20,14:15,14,Dr. Almeida,Physio session,kept,46.5,9.1,66.39,Public scheme,PT-2739
APT-004752,2025-05-20,14:22,14,Dr. Benitez,Exam & imaging,kept,23.9,9.7,60.77,Public scheme,PT-1697
APT-004783,2025-05-20,14:23,14,"M. Ellis, PT",Hygiene recall,kept,45.3,24.3,110.86,Corporate plan,PT-1881
APT-004740,2025-05-20,14:32,14,"K. Duarte, PT",Hygiene recall,kept,59.0,11.9,137.51,Private,PT-2328
APT-004778,2025-05-20,14:41,14,Dr. Almeida,Filling,rescheduled,46.8,13.3,0.0,Public scheme,PT-2182
APT-004779,2025-05-20,14:49,14,"M. Ellis, PT",Hygiene recall,kept,38.2,8.8,117.19,Insurance,PT-1279
APT-004738,2025-05-20,15:21,15,Dr. Benitez,Filling,no_show,41.5,9.8,0.0,Insurance,PT-1803
APT-004767,2025-05-20,15:33,15,Dr. Benitez,Hygiene recall,kept,46.9,11.1,144.99,Private,PT-2482
APT-004768,2025-05-20,15:33,15,"K. Duarte, PT",Hygiene recall,kept,38.5,8.1,136.15,Private,PT-1410
APT-004751,2025-05-20,15:41,15,Dr. Chandra,Physio session,no_show,22.4,14.3,0.0,Insurance,PT-1160
APT-004761,2025-05-20,15:44,15,Dr. Benitez,Exam & imaging,kept,29.6,34.6,100.5,Private,PT-1709
APT-004756,2025-05-20,15:55,15,Dr. Benitez,Hygiene recall,rescheduled,34.4,11.1,0.0,Private,PT-1761
APT-004775,2025-05-20,16:14,16,Dr. Almeida,Hygiene recall,kept,53.1,12.9,141.39,Private,PT-2901
APT-004773,2025-05-20,16:42,16,Dr. Chandra,Physio assessment,kept,60.7,9.8,149.31,Private,PT-2968
APT-004776,2025-05-20,16:48,16,"M. Ellis, PT",Hygiene recall,kept,31.8,12.4,118.74,Corporate plan,PT-2028
APT-004745,2025-05-20,16:50,16,"M. Ellis, PT",Physio assessment,kept,47.0,12.0,139.99,Insurance,PT-1461
APT-004777,2025-05-20,16:50,16,"M. Ellis, PT",Exam & imaging,no_show,28.1,9.7,0.0,Insurance,PT-1879
APT-004782,2025-05-20,16:55,16,Dr. Chandra,Physio session,kept,31.6,13.9,103.15,Private,PT-2755
APT-004763,2025-05-20,16:59,16,Dr. Chandra,Exam & imaging,kept,15.3,12.7,74.85,Corporate plan,PT-1510
APT-004760,2025-05-20,17:04,17,Dr. Almeida,Hygiene recall,kept,51.4,22.3,149.46,Private,PT-2761
APT-004758,2025-05-20,17:08,17,"M. Ellis, PT",Exam & imaging,kept,24.8,10.3,94.09,Private,PT-2208
APT-004765,2025-05-20,17:43,17,"K. Duarte, PT",Crown fit,kept,67.9,11.3,610.74,Corporate plan,PT-1899
APT-004781,2025-05-20,17:50,17,"K. Duarte, PT",Hygiene recall,kept,41.5,9.4,118.22,Insurance,PT-2405
APT-004806,2025-05-21,08:06,8,Dr. Benitez,Filling,kept,43.6,10.1,207.46,Insurance,PT-2684
APT-004799,2025-05-21,09:09,9,"K. Duarte, PT",Filling,kept,42.2,14.9,207.3,Insurance,PT-2655
APT-004808,2025-05-21,09:11,9,Dr. Benitez,Hygiene recall,kept,44.1,3.0,105.04,Insurance,PT-1293
APT-004794,2025-05-21,09:13,9,Dr. Faber,Exam & imaging,kept,16.7,10.3,90.53,Insurance,PT-1518
APT-004796,2025-05-21,09:16,9,Dr. Benitez,Hygiene recall,kept,60.5,9.2,111.72,Insurance,PT-3078
APT-004818,2025-05-21,09:20,9,Dr. Faber,Physio session,kept,29.5,8.2,104.69,Private,PT-1954
APT-004786,2025-05-21,09:53,9,"K. Duarte, PT",Filling,kept,42.3,13.7,136.5,Public scheme,PT-1917
APT-004789,2025-05-21,10:05,10,Dr. Almeida,Hygiene recall,kept,42.4,21.3,125.67,Private,PT-1279
APT-004807,2025-05-21,10:07,10,Dr. Faber,Hygiene recall,kept,31.7,5.9,145.04,Private,PT-1105
APT-004817,2025-05-21,10:33,10,"K. Duarte, PT",Hygiene recall,kept,61.1,3.1,82.2,Public scheme,PT-1657
APT-004811,2025-05-21,10:45,10,Dr. Benitez,Exam & imaging,kept,26.4,5.8,85.89,Insurance,PT-3089
APT-004809,2025-05-21,10:46,10,Dr. Almeida,Exam & imaging,kept,27.8,3.2,83.51,Insurance,PT-1752
APT-004810,2025-05-21,11:23,11,Dr. Faber,Exam & imaging,kept,19.3,4.1,81.48,Insurance,PT-3000
APT-004800,2025-05-21,11:27,11,Dr. Faber,Root canal,kept,80.4,7.6,577.25,Insurance,PT-2167
APT-004804,2025-05-21,11:40,11,"K. Duarte, PT",Physio assessment,rescheduled,56.6,12.1,0.0,Insurance,PT-1208
APT-004801,2025-05-21,11:52,11,"K. Duarte, PT",Crown fit,kept,71.0,4.0,732.44,Insurance,PT-1281
APT-004791,2025-05-21,12:18,12,Dr. Almeida,Hygiene recall,cancelled,52.7,5.4,16.4,Private,PT-1633
APT-004798,2025-05-21,12:45,12,Dr. Faber,Exam & imaging,kept,18.1,4.1,53.42,Public scheme,PT-2286
APT-004812,2025-05-21,13:14,13,Dr. Benitez,Hygiene recall,kept,49.0,11.4,126.77,Private,PT-1010
APT-004788,2025-05-21,14:02,14,Dr. Benitez,Hygiene recall,kept,51.8,11.0,109.1,Insurance,PT-1673
APT-004819,2025-05-21,14:49,14,"M. Ellis, PT",Hygiene recall,kept,38.4,12.9,155.38,Private,PT-2179
APT-004815,2025-05-21,15:08,15,Dr. Almeida,Hygiene recall,kept,53.8,8.4,136.1,Private,PT-2776
APT-004816,2025-05-21,15:11,15,Dr. Benitez,Follow-up consult,kept,35.7,13.6,51.24,Insurance,PT-1704
APT-004805,2025-05-21,15:12,15,Dr. Faber,Crown fit,kept,72.3,15.4,918.61,Private,PT-1991
APT-004802,2025-05-21,15:34,15,Dr. Almeida,Hygiene recall,kept,42.6,14.2,98.07,Corporate plan,PT-1475
APT-004803,2025-05-21,15:43,15,Dr. Almeida,Crown fit,kept,69.1,11.8,1074.55,Private,PT-1584
APT-004790,2025-05-21,15:48,15,"K. Duarte, PT",Hygiene recall,kept,43.0,14.5,132.36,Private,PT-1397
APT-004795,2025-05-21,16:01,16,Dr. Almeida,Hygiene recall,rescheduled,31.4,9.4,0.0,Private,PT-2437
APT-004814,2025-05-21,16:01,16,Dr. Benitez,Physio assessment,kept,58.9,8.7,117.69,Insurance,PT-2962
APT-004792,2025-05-21,16:07,16,"K. Duarte, PT",Hygiene recall,kept,45.3,15.4,123.79,Private,PT-1006
APT-004787,2025-05-21,16:11,16,"K. Duarte, PT",Hygiene recall,kept,45.0,11.5,124.84,Insurance,PT-1548
APT-004797,2025-05-21,16:24,16,Dr. Almeida,Filling,kept,53.1,15.5,170.35,Insurance,PT-1172
APT-004785,2025-05-21,16:25,16,"K. Duarte, PT",Physio session,cancelled,38.0,11.8,8.56,Corporate plan,PT-1981
APT-004793,2025-05-21,17:26,17,"K. Duarte, PT",Hygiene recall,kept,39.9,11.3,126.31,Private,PT-1794
APT-004784,2025-05-21,17:37,17,Dr. Faber,Exam & imaging,kept,31.6,11.5,92.3,Private,PT-2538
APT-004813,2025-05-21,17:58,17,Dr. Faber,Exam & imaging,kept,10.3,14.6,93.18,Private,PT-3089
APT-004853,2025-05-22,09:06,9,Dr. Chandra,Crown fit,kept,67.4,15.6,749.86,Corporate plan,PT-1731
APT-004849,2025-05-22,09:08,9,Dr. Faber,Exam & imaging,kept,40.6,5.5,73.86,Insurance,PT-1854
APT-004836,2025-05-22,09:09,9,"K. Duarte, PT",Hygiene recall,cancelled,35.8,2.8,15.94,Insurance,PT-2297
APT-004860,2025-05-22,09:30,9,Dr. Almeida,Hygiene recall,kept,48.9,4.7,100.67,Corporate plan,PT-1728
APT-004840,2025-05-22,09:40,9,"M. Ellis, PT",Hygiene recall,cancelled,43.3,5.5,13.52,Insurance,PT-1478
APT-004858,2025-05-22,09:48,9,"K. Duarte, PT",Physio session,kept,40.2,10.5,96.65,Insurance,PT-1143
APT-004859,2025-05-22,09:50,9,"M. Ellis, PT",Physio session,kept,42.0,5.1,75.67,Corporate plan,PT-1188
APT-004861,2025-05-22,10:05,10,"K. Duarte, PT",Physio assessment,kept,71.4,4.1,169.84,Private,PT-1118
APT-004856,2025-05-22,10:08,10,Dr. Almeida,Follow-up consult,kept,20.5,6.4,55.68,Insurance,PT-2160
APT-004833,2025-05-22,10:15,10,Dr. Chandra,Hygiene recall,kept,48.1,5.1,122.87,Insurance,PT-1156
APT-004866,2025-05-22,10:32,10,Dr. Chandra,Physio assessment,no_show,58.5,3.7,0.0,Private,PT-1707
APT-004844,2025-05-22,11:04,11,"M. Ellis, PT",Hygiene recall,kept,55.7,5.2,95.91,Corporate plan,PT-1245
APT-004864,2025-05-22,11:05,11,Dr. Benitez,Filling,kept,57.1,7.1,235.44,Private,PT-2295
APT-004829,2025-05-22,11:18,11,"M. Ellis, PT",Hygiene recall,kept,46.9,15.8,85.69,Public scheme,PT-1505
APT-004835,2025-05-22,11:23,11,"K. Duarte, PT",Hygiene recall,cancelled,48.6,5.2,13.73,Insurance,PT-1453
APT-004867,2025-05-22,11:26,11,"M. Ellis, PT",Physio session,kept,40.9,11.9,98.98,Private,PT-1032
APT-004852,2025-05-22,11:31,11,Dr. Almeida,Filling,kept,50.9,5.3,130.54,Public scheme,PT-2810
APT-004820,2025-05-22,11:32,11,"M. Ellis, PT",Physio assessment,kept,59.1,3.2,127.39,Insurance,PT-2974
APT-004843,2025-05-22,11:53,11,"K. Duarte, PT",Filling,kept,45.8,19.1,171.26,Insurance,PT-2036
APT-004842,2025-05-22,12:08,12,Dr. Benitez,Hygiene recall,kept,43.8,3.9,113.05,Insurance,PT-1654
APT-004850,2025-05-22,12:16,12,"M. Ellis, PT",Physio session,no_show,50.6,3.2,0.0,Corporate plan,PT-1036
APT-004832,2025-05-22,12:18,12,"K. Duarte, PT",Hygiene recall,kept,50.7,13.7,140.68,Private,PT-3062
APT-004825,2025-05-22,12:20,12,Dr. Benitez,Physio assessment,no_show,63.1,4.8,0.0,Insurance,PT-2507
APT-004834,2025-05-22,12:35,12,Dr. Faber,Hygiene recall,kept,49.5,5.7,119.62,Insurance,PT-1709
APT-004845,2025-05-22,12:35,12,"K. Duarte, PT",Filling,kept,46.0,8.0,187.81,Insurance,PT-1881
APT-004824,2025-05-22,13:05,13,"K. Duarte, PT",Physio assessment,kept,45.3,12.9,156.85,Private,PT-2653
APT-004855,2025-05-22,13:06,13,"K. Duarte, PT",Follow-up consult,kept,22.7,9.3,45.48,Corporate plan,PT-1807
APT-004846,2025-05-22,13:12,13,"K. Duarte, PT",Hygiene recall,kept,36.8,13.3,140.86,Private,PT-2130
APT-004868,2025-05-22,13:43,13,"M. Ellis, PT",Hygiene recall,cancelled,48.4,11.5,15.95,Private,PT-3019
APT-004828,2025-05-22,14:00,14,Dr. Almeida,Physio assessment,kept,56.3,9.4,160.78,Private,PT-1292
APT-004862,2025-05-22,14:09,14,"M. Ellis, PT",Exam & imaging,kept,20.8,9.2,90.81,Private,PT-1202
APT-004823,2025-05-22,14:17,14,Dr. Chandra,Hygiene recall,cancelled,45.8,11.0,14.82,Private,PT-2990
APT-004839,2025-05-22,14:28,14,"K. Duarte, PT",Physio session,kept,34.4,17.0,90.42,Insurance,PT-1183
APT-004848,2025-05-22,14:45,14,"M. Ellis, PT",Exam & imaging,kept,38.0,12.7,81.28,Private,PT-2387
APT-004841,2025-05-22,14:52,14,Dr. Benitez,Hygiene recall,kept,49.2,13.0,114.15,Insurance,PT-1773
APT-004837,2025-05-22,14:57,14,"M. Ellis, PT",Exam & imaging,kept,18.8,13.5,92.03,Private,PT-1976
APT-004838,2025-05-22,14:58,14,Dr. Benitez,Hygiene recall,kept,57.3,14.8,120.06,Private,PT-2209
APT-004821,2025-05-22,15:22,15,Dr. Almeida,Exam & imaging,cancelled,29.2,8.5,9.12,Insurance,PT-2291
APT-004851,2025-05-22,15:24,15,Dr. Chandra,Hygiene recall,kept,54.4,10.6,109.73,Insurance,PT-2900
APT-004847,2025-05-22,15:43,15,Dr. Almeida,Physio assessment,kept,54.6,10.0,134.54,Insurance,PT-3129
APT-004870,2025-05-22,15:55,15,Dr. Chandra,Physio session,kept,45.9,9.5,106.99,Private,PT-1290
APT-004822,2025-05-22,16:02,16,Dr. Chandra,Root canal,kept,74.0,7.8,608.96,Insurance,PT-2208
APT-004863,2025-05-22,16:02,16,Dr. Almeida,Hygiene recall,kept,46.2,14.1,147.95,Private,PT-2691
APT-004869,2025-05-22,16:07,16,Dr. Chandra,Follow-up consult,cancelled,23.5,10.4,7.82,Private,PT-1226
APT-004830,2025-05-22,16:42,16,"K. Duarte, PT",Hygiene recall,kept,42.2,9.6,103.47,Insurance,PT-1340
APT-004865,2025-05-22,16:50,16,"M. Ellis, PT",Hygiene recall,kept,36.3,24.2,136.92,Private,PT-1894
APT-004827,2025-05-22,16:52,16,Dr. Faber,Filling,kept,42.6,14.1,162.63,Insurance,PT-1096
APT-004831,2025-05-22,17:10,17,Dr. Faber,Physio session,kept,52.7,16.3,116.6,Private,PT-2936
APT-004857,2025-05-22,17:29,17,Dr. Faber,Hygiene recall,kept,47.9,10.5,127.02,Private,PT-2802
APT-004826,2025-05-22,17:53,17,Dr. Benitez,Physio assessment,cancelled,49.4,9.1,16.19,Insurance,PT-3014
APT-004854,2025-05-22,17:55,17,Dr. Faber,Exam & imaging,kept,15.6,10.0,83.53,Insurance,PT-1560
APT-004883,2025-05-23,09:10,9,"K. Duarte, PT",Crown fit,kept,40.5,6.1,922.46,Private,PT-2171
APT-004880,2025-05-23,10:14,10,"M. Ellis, PT",Exam & imaging,kept,36.4,8.8,83.82,Insurance,PT-1755
APT-004895,2025-05-23,10:23,10,Dr. Chandra,Physio assessment,kept,52.6,18.8,158.38,Private,PT-1926
APT-004897,2025-05-23,11:01,11,Dr. Faber,Exam & imaging,no_show,23.3,7.0,0.0,Private,PT-1754
APT-004882,2025-05-23,11:09,11,Dr. Benitez,Hygiene recall,kept,43.4,4.6,111.8,Insurance,PT-1370
APT-004875,2025-05-23,11:13,11,Dr. Faber,Root canal,no_show,91.5,15.8,0.0,Private,PT-1154
APT-004884,2025-05-23,12:52,12,Dr. Faber,Exam & imaging,rescheduled,26.5,8.0,0.0,Private,PT-2320
APT-004889,2025-05-23,13:04,13,Dr. Benitez,Hygiene recall,cancelled,49.4,9.8,14.36,Insurance,PT-2282
APT-004871,2025-05-23,13:46,13,Dr. Chandra,Root canal,cancelled,81.0,10.4,68.14,Corporate plan,PT-2571
APT-004892,2025-05-23,13:56,13,Dr. Benitez,Physio assessment,kept,69.1,14.5,159.61,Private,PT-3074
APT-004877,2025-05-23,14:02,14,Dr. Chandra,Filling,cancelled,50.1,16.3,28.72,Private,PT-2609
APT-004887,2025-05-23,14:04,14,"K. Duarte, PT",Hygiene recall,kept,49.5,7.9,151.18,Private,PT-2859
APT-004878,2025-05-23,14:25,14,Dr. Chandra,Exam & imaging,kept,15.7,14.1,92.62,Private,PT-2729
APT-004893,2025-05-23,14:52,14,Dr. Almeida,Filling,kept,39.5,19.0,176.12,Insurance,PT-1220
APT-004898,2025-05-23,14:52,14,Dr. Chandra,Hygiene recall,kept,44.9,14.1,152.79,Private,PT-1843
APT-004885,2025-05-23,14:56,14,Dr. Benitez,Hygiene recall,kept,40.0,20.3,121.35,Private,PT-1684
APT-004886,2025-05-23,14:58,14,Dr. Almeida,Filling,cancelled,28.0,9.6,24.95,Private,PT-2349
APT-004891,2025-05-23,15:00,15,Dr. Faber,Filling,kept,55.5,12.6,141.52,Public scheme,PT-1890
APT-004879,2025-05-23,15:02,15,Dr. Chandra,Physio session,kept,17.8,11.1,98.14,Private,PT-1528
APT-004890,2025-05-23,15:20,15,"M. Ellis, PT",Filling,cancelled,52.5,17.5,22.96,Insurance,PT-1777
APT-004896,2025-05-23,15:29,15,"M. Ellis, PT",Hygiene recall,kept,45.3,14.5,136.93,Private,PT-2510
APT-004872,2025-05-23,15:59,15,Dr. Faber,Filling,kept,36.1,11.1,207.57,Private,PT-1038
APT-004873,2025-05-23,16:11,16,Dr. Benitez,Hygiene recall,kept,48.1,13.9,137.26,Private,PT-2067
APT-004874,2025-05-23,16:25,16,"M. Ellis, PT",Filling,kept,46.5,17.3,189.74,Insurance,PT-2625
APT-004894,2025-05-23,16:29,16,Dr. Chandra,Physio session,no_show,42.3,13.4,0.0,Private,PT-1363
APT-004876,2025-05-23,16:49,16,Dr. Almeida,Exam & imaging,kept,30.8,9.8,64.0,Public scheme,PT-1932
APT-004881,2025-05-23,17:22,17,"M. Ellis, PT",Filling,kept,47.6,12.7,201.8,Insurance,PT-1540
APT-004888,2025-05-23,17:45,17,Dr. Chandra,Exam & imaging,kept,23.1,9.3,80.95,Insurance,PT-1860
APT-004924,2025-05-24,09:12,9,"M. Ellis, PT",Exam & imaging,kept,29.9,6.1,87.11,Insurance,PT-2012
APT-004922,2025-05-24,09:58,9,"K. Duarte, PT",Exam & imaging,kept,21.2,10.0,69.11,Corporate plan,PT-2785
APT-004904,2025-05-24,10:06,10,"K. Duarte, PT",Exam & imaging,kept,29.5,5.7,85.64,Private,PT-1228
APT-004913,2025-05-24,10:07,10,"M. Ellis, PT",Hygiene recall,kept,39.2,4.3,124.84,Private,PT-1820
APT-004899,2025-05-24,10:10,10,"M. Ellis, PT",Hygiene recall,kept,39.8,4.2,112.2,Insurance,PT-1930
APT-004910,2025-05-24,10:16,10,"K. Duarte, PT",Filling,kept,44.6,12.0,200.02,Private,PT-2701
APT-004925,2025-05-24,10:16,10,"K. Duarte, PT",Exam & imaging,kept,21.3,11.3,109.39,Private,PT-1434
APT-004902,2025-05-24,10:20,10,"K. Duarte, PT",Root canal,kept,67.1,12.7,621.49,Insurance,PT-1740
APT-004907,2025-05-24,10:37,10,"M. Ellis, PT",Follow-up consult,kept,11.1,6.0,70.76,Private,PT-2024
APT-004900,2025-05-24,10:41,10,"M. Ellis, PT",Hygiene recall,kept,52.4,3.5,101.75,Corporate plan,PT-1914
APT-004908,2025-05-24,10:47,10,"K. Duarte, PT",Hygiene recall,kept,45.8,6.2,123.88,Insurance,PT-1781
APT-004915,2025-05-24,10:53,10,"M. Ellis, PT",Hygiene recall,kept,54.3,10.0,102.51,Corporate plan,PT-1747
APT-004906,2025-05-24,11:07,11,"M. Ellis, PT",Physio assessment,kept,46.0,8.3,139.08,Insurance,PT-2799
APT-004912,2025-05-24,12:15,12,"K. Duarte, PT",Exam & imaging,kept,28.7,3.9,80.69,Insurance,PT-1700
APT-004905,2025-05-24,12:24,12,"K. Duarte, PT",Hygiene recall,cancelled,46.6,5.6,12.12,Corporate plan,PT-1875
APT-004920,2025-05-24,12:56,12,"M. Ellis, PT",Crown fit,kept,63.0,11.5,800.53,Insurance,PT-1826
APT-004917,2025-05-24,14:23,14,"M. Ellis, PT",Exam & imaging,kept,29.9,8.0,78.1,Private,PT-1952
APT-004909,2025-05-24,14:43,14,"K. Duarte, PT",Root canal,kept,90.3,8.7,450.59,Corporate plan,PT-1775
APT-004926,2025-05-24,15:03,15,"M. Ellis, PT",Physio session,kept,47.0,12.0,74.39,Corporate plan,PT-2540
APT-004901,2025-05-24,15:08,15,"M. Ellis, PT",Hygiene recall,kept,38.2,12.1,118.61,Insurance,PT-1873
APT-004911,2025-05-24,15:29,15,"K. Duarte, PT",Filling,cancelled,44.7,16.5,21.46,Insurance,PT-2788
APT-004921,2025-05-24,15:34,15,"M. Ellis, PT",Crown fit,kept,66.9,16.1,860.56,Insurance,PT-2460
APT-004923,2025-05-24,15:41,15,"M. Ellis, PT",Root canal,kept,84.0,11.4,382.97,Public scheme,PT-1065
APT-004918,2025-05-24,15:43,15,"M. Ellis, PT",Filling,kept,52.7,12.1,183.3,Private,PT-2446
APT-004903,2025-05-24,15:49,15,"K. Duarte, PT",Follow-up consult,kept,17.4,11.5,55.7,Insurance,PT-1794
APT-004914,2025-05-24,16:00,16,"K. Duarte, PT",Physio session,kept,26.1,14.4,94.83,Insurance,PT-1490
APT-004919,2025-05-24,17:31,17,"M. Ellis, PT",Physio session,kept,40.5,12.9,91.93,Insurance,PT-1261
APT-004916,2025-05-24,17:34,17,"K. Duarte, PT",Root canal,kept,73.9,11.0,589.58,Insurance,PT-1747
APT-004960,2025-05-26,08:36,8,"K. Duarte, PT",Crown fit,no_show,63.6,6.0,0.0,Insurance,PT-2508
APT-004948,2025-05-26,08:45,8,"K. Duarte, PT",Exam & imaging,kept,27.8,7.0,89.33,Private,PT-1373
APT-004943,2025-05-26,09:05,9,Dr. Benitez,Root canal,kept,83.7,4.5,653.23,Private,PT-3162
APT-004971,2025-05-26,09:07,9,"K. Duarte, PT",Exam & imaging,kept,32.1,7.7,64.35,Public scheme,PT-1144
APT-004954,2025-05-26,09:15,9,Dr. Benitez,Hygiene recall,no_show,50.2,8.5,0.0,Private,PT-3005
APT-004973,2025-05-26,09:20,9,Dr. Almeida,Physio session,kept,36.5,19.9,105.58,Private,PT-2116
APT-004959,2025-05-26,09:39,9,Dr. Almeida,Exam & imaging,kept,35.9,10.5,53.26,Public scheme,PT-2043
APT-004933,2025-05-26,10:10,10,Dr. Chandra,Follow-up consult,kept,8.3,3.7,75.36,Private,PT-2338
APT-004928,2025-05-26,10:22,10,Dr. Chandra,Follow-up consult,no_show,12.7,3.2,0.0,Public scheme,PT-2172
APT-004930,2025-05-26,10:32,10,"K. Duarte, PT",Hygiene recall,kept,50.5,3.5,146.9,Private,PT-1341
APT-004940,2025-05-26,11:02,11,Dr. Almeida,Filling,kept,40.5,3.5,192.44,Insurance,PT-2103
APT-004931,2025-05-26,11:14,11,Dr. Chandra,Hygiene recall,kept,55.3,4.5,121.94,Insurance,PT-2763
APT-004968,2025-05-26,11:32,11,Dr. Chandra,Root canal,kept,91.2,3.9,639.9,Private,PT-2797
APT-004972,2025-05-26,11:47,11,Dr. Almeida,Exam & imaging,kept,26.1,7.1,79.93,Insurance,PT-1368
APT-004956,2025-05-26,11:49,11,"K. Duarte, PT",Hygiene recall,kept,46.6,22.2,113.59,Corporate plan,PT-2380
APT-004929,2025-05-26,12:01,12,Dr. Benitez,Filling,kept,53.4,4.8,189.78,Insurance,PT-1797
APT-004947,2025-05-26,12:18,12,Dr. Benitez,Hygiene recall,kept,46.6,4.8,104.22,Insurance,PT-2350
APT-004961,2025-05-26,12:26,12,"K. Duarte, PT",Physio assessment,kept,56.1,5.5,119.6,Insurance,PT-1072
APT-004938,2025-05-26,12:57,12,"K. Duarte, PT",Physio assessment,kept,51.4,12.2,161.62,Private,PT-1370
APT-004944,2025-05-26,13:23,13,"K. Duarte, PT",Exam & imaging,kept,30.2,11.0,73.64,Insurance,PT-3106
APT-004951,2025-05-26,13:23,13,"K. Duarte, PT",Filling,kept,36.5,9.8,225.37,Private,PT-1071
APT-004945,2025-05-26,13:41,13,Dr. Almeida,Exam & imaging,rescheduled,23.3,18.5,0.0,Private,PT-1458
APT-004941,2025-05-26,13:46,13,Dr. Chandra,Hygiene recall,kept,34.6,13.2,125.63,Private,PT-1131
APT-004966,2025-05-26,14:01,14,Dr. Almeida,Physio session,no_show,43.7,9.5,0.0,Insurance,PT-2321
APT-004942,2025-05-26,14:02,14,Dr. Chandra,Physio assessment,kept,51.6,14.7,150.47,Insurance,PT-2886
APT-004957,2025-05-26,14:04,14,"K. Duarte, PT",Hygiene recall,kept,55.4,10.1,112.38,Corporate plan,PT-1626
APT-004946,2025-05-26,14:23,14,Dr. Chandra,Hygiene recall,kept,37.9,18.7,125.89,Insurance,PT-2542
APT-004962,2025-05-26,14:28,14,Dr. Almeida,Exam & imaging,kept,22.2,21.8,100.73,Private,PT-2804
APT-004969,2025-05-26,14:33,14,Dr. Almeida,Filling,kept,38.2,9.1,184.98,Insurance,PT-1368
APT-004939,2025-05-26,14:38,14,Dr. Almeida,Root canal,kept,80.6,10.2,595.62,Insurance,PT-2231
APT-004965,2025-05-26,14:41,14,Dr. Benitez,Exam & imaging,kept,24.5,9.1,72.69,Insurance,PT-1197
APT-004970,2025-05-26,14:45,14,Dr. Benitez,Physio session,kept,45.2,12.3,90.81,Insurance,PT-1259
APT-004932,2025-05-26,15:05,15,Dr. Benitez,Exam & imaging,no_show,23.0,15.2,0.0,Insurance,PT-1535
APT-004937,2025-05-26,15:16,15,"K. Duarte, PT",Exam & imaging,kept,22.1,13.6,83.42,Corporate plan,PT-2944
APT-004949,2025-05-26,15:30,15,"K. Duarte, PT",Root canal,no_show,86.9,10.3,0.0,Private,PT-1048
APT-004935,2025-05-26,15:33,15,Dr. Chandra,Physio session,cancelled,26.6,12.0,9.78,Corporate plan,PT-2871
APT-004967,2025-05-26,15:45,15,Dr. Chandra,Physio session,kept,39.5,19.1,104.91,Insurance,PT-2955
APT-004952,2025-05-26,16:06,16,Dr. Almeida,Hygiene recall,kept,49.9,24.1,107.9,Insurance,PT-1026
APT-004934,2025-05-26,16:11,16,Dr. Benitez,Exam & imaging,kept,27.6,12.6,75.6,Insurance,PT-1602
APT-004950,2025-05-26,16:12,16,"K. Duarte, PT",Filling,rescheduled,53.9,12.5,0.0,Corporate plan,PT-3047
APT-004927,2025-05-26,16:21,16,Dr. Benitez,Physio assessment,kept,59.6,8.0,115.86,Corporate plan,PT-2643
APT-004964,2025-05-26,16:52,16,Dr. Chandra,Hygiene recall,kept,59.6,8.6,119.44,Insurance,PT-2791
APT-004963,2025-05-26,17:05,17,Dr. Benitez,Exam & imaging,kept,35.6,14.7,84.47,Insurance,PT-1020
APT-004936,2025-05-26,17:10,17,Dr. Almeida,Physio session,kept,44.6,11.0,72.5,Corporate plan,PT-2394
APT-004958,2025-05-26,17:21,17,"K. Duarte, PT",Physio assessment,kept,56.9,11.2,149.03,Private,PT-1022
APT-004953,2025-05-26,17:51,17,Dr. Benitez,Root canal,kept,84.8,12.7,544.64,Insurance,PT-2883
APT-004955,2025-05-26,17:51,17,Dr. Almeida,Hygiene recall,kept,41.5,8.3,114.58,Insurance,PT-3159
APT-004999,2025-05-27,08:59,8,Dr. Chandra,Physio session,cancelled,42.8,4.6,12.09,Insurance,PT-2567
APT-005010,2025-05-27,09:06,9,Dr. Chandra,Exam & imaging,kept,23.8,6.6,84.89,Private,PT-1780
APT-004985,2025-05-27,09:19,9,"M. Ellis, PT",Exam & imaging,cancelled,27.5,8.9,9.66,Insurance,PT-2763
APT-004988,2025-05-27,09:40,9,Dr. Benitez,Hygiene recall,kept,44.2,4.1,113.1,Insurance,PT-1452
APT-004996,2025-05-27,10:00,10,"K. Duarte, PT",Filling,kept,42.7,5.2,180.69,Insurance,PT-2556
APT-005003,2025-05-27,10:00,10,Dr. Almeida,Physio session,kept,36.5,6.1,80.51,Corporate plan,PT-1021
APT-004978,2025-05-27,10:06,10,Dr. Benitez,Physio assessment,kept,58.4,7.6,112.87,Corporate plan,PT-1212
APT-004979,2025-05-27,10:40,10,"K. Duarte, PT",Hygiene recall,kept,39.0,18.4,112.89,Corporate plan,PT-1504
APT-004984,2025-05-27,10:53,10,Dr. Benitez,Follow-up consult,kept,26.3,7.5,64.99,Private,PT-2209
APT-004990,2025-05-27,11:00,11,Dr. Benitez,Hygiene recall,kept,52.2,14.2,114.65,Insurance,PT-1554
APT-004993,2025-05-27,11:03,11,Dr. Benitez,Hygiene recall,cancelled,49.0,6.3,13.74,Insurance,PT-3181
APT-004982,2025-05-27,11:17,11,"K. Duarte, PT",Filling,kept,42.1,17.4,174.07,Corporate plan,PT-1911
APT-005008,2025-05-27,11:27,11,Dr. Benitez,Hygiene recall,kept,47.5,3.9,153.4,Private,PT-2276
APT-004994,2025-05-27,11:48,11,Dr. Almeida,Hygiene recall,no_show,48.8,4.9,0.0,Corporate plan,PT-1328
APT-005001,2025-05-27,11:54,11,"M. Ellis, PT",Exam & imaging,kept,23.5,10.8,72.15,Corporate plan,PT-2531
APT-004987,2025-05-27,11:59,11,Dr. Almeida,Physio session,rescheduled,33.4,4.5,0.0,Insurance,PT-2580
APT-005012,2025-05-27,12:13,12,Dr. Almeida,Filling,kept,45.3,13.5,137.73,Public scheme,PT-1072
APT-005002,2025-05-27,12:30,12,"K. Duarte, PT",Physio assessment,kept,60.3,4.3,131.19,Corporate plan,PT-2910
APT-005011,2025-05-27,13:35,13,Dr. Benitez,Hygiene recall,kept,45.2,9.6,108.75,Insurance,PT-2261
APT-005005,2025-05-27,14:12,14,Dr. Benitez,Exam & imaging,rescheduled,25.2,8.1,0.0,Insurance,PT-1215
APT-005006,2025-05-27,14:22,14,Dr. Chandra,Filling,kept,45.3,10.6,149.24,Corporate plan,PT-2336
APT-004974,2025-05-27,15:12,15,Dr. Almeida,Physio session,no_show,39.2,12.8,0.0,Insurance,PT-2050
APT-004995,2025-05-27,15:18,15,Dr. Almeida,Physio session,kept,31.8,9.8,89.49,Private,PT-2241
APT-004975,2025-05-27,15:28,15,"M. Ellis, PT",Exam & imaging,kept,28.7,9.6,79.29,Insurance,PT-3012
APT-004980,2025-05-27,15:35,15,Dr. Chandra,Hygiene recall,kept,40.5,12.2,133.1,Private,PT-2822
APT-005007,2025-05-27,15:59,15,Dr. Almeida,Hygiene recall,kept,55.5,8.4,111.41,Corporate plan,PT-2182
APT-004991,2025-05-27,16:00,16,Dr. Benitez,Physio assessment,kept,59.2,15.0,106.94,Corporate plan,PT-2678
APT-004981,2025-05-27,16:16,16,Dr. Almeida,Hygiene recall,no_show,41.9,13.9,0.0,Insurance,PT-2737
APT-005000,2025-05-27,16:16,16,Dr. Chandra,Physio session,no_show,30.3,11.6,0.0,Insurance,PT-3042
APT-005004,2025-05-27,16:20,16,"K. Duarte, PT",Filling,kept,45.6,14.1,178.69,Insurance,PT-3078
APT-005009,2025-05-27,16:27,16,Dr. Benitez,Filling,no_show,51.9,23.3,0.0,Private,PT-2128
APT-004977,2025-05-27,16:33,16,"K. Duarte, PT",Crown fit,kept,62.0,14.5,963.33,Private,PT-1995
APT-004997,2025-05-27,16:42,16,"K. Duarte, PT",Filling,kept,37.5,15.1,201.29,Private,PT-2539
APT-004989,2025-05-27,16:51,16,Dr. Chandra,Filling,kept,41.1,9.3,213.22,Insurance,PT-2356
APT-004986,2025-05-27,16:58,16,Dr. Almeida,Hygiene recall,no_show,48.5,10.7,0.0,Insurance,PT-1708
APT-004992,2025-05-27,17:18,17,Dr. Almeida,Hygiene recall,kept,52.8,15.1,103.06,Corporate plan,PT-1978
APT-004998,2025-05-27,17:23,17,"M. Ellis, PT",Hygiene recall,kept,43.6,9.5,124.42,Private,PT-1583
APT-004976,2025-05-27,17:25,17,"K. Duarte, PT",Hygiene recall,kept,49.0,11.3,110.61,Corporate plan,PT-2196
APT-004983,2025-05-27,17:32,17,"M. Ellis, PT",Filling,cancelled,39.6,12.9,23.61,Insurance,PT-1972
APT-005052,2025-05-28,08:43,8,Dr. Almeida,Physio assessment,kept,50.2,6.5,84.42,Public scheme,PT-2902
APT-005019,2025-05-28,09:05,9,Dr. Almeida,Hygiene recall,kept,49.6,3.4,114.38,Corporate plan,PT-2494
APT-005060,2025-05-28,09:22,9,Dr. Benitez,Physio assessment,cancelled,57.6,4.6,18.62,Private,PT-2356
APT-005023,2025-05-28,09:51,9,"M. Ellis, PT",Hygiene recall,kept,45.1,4.6,135.57,Private,PT-3046
APT-005053,2025-05-28,10:02,10,Dr. Almeida,Filling,kept,56.0,5.8,163.37,Insurance,PT-1552
APT-005044,2025-05-28,10:04,10,"K. Duarte, PT",Exam & imaging,kept,31.2,6.4,85.0,Private,PT-2977
APT-005026,2025-05-28,10:10,10,"M. Ellis, PT",Exam & imaging,kept,24.2,8.7,89.44,Private,PT-3155
APT-005032,2025-05-28,10:10,10,Dr. Almeida,Filling,cancelled,49.5,5.8,24.07,Private,PT-3145
APT-005038,2025-05-28,10:13,10,"K. Duarte, PT",Crown fit,kept,72.8,8.3,570.1,Public scheme,PT-2149
APT-005014,2025-05-28,10:14,10,"K. Duarte, PT",Filling,kept,55.2,3.8,194.82,Insurance,PT-1976
APT-005031,2025-05-28,10:30,10,Dr. Faber,Physio assessment,kept,60.6,4.0,150.16,Insurance,PT-1337
APT-005021,2025-05-28,10:39,10,Dr. Almeida,Physio session,kept,26.4,4.1,105.84,Private,PT-2660
APT-005024,2025-05-28,11:06,11,Dr. Almeida,Physio session,kept,38.0,5.9,67.97,Public scheme,PT-1376
APT-005033,2025-05-28,11:11,11,Dr. Almeida,Exam & imaging,kept,24.7,9.3,90.71,Insurance,PT-1915
APT-005046,2025-05-28,11:11,11,"M. Ellis, PT",Hygiene recall,kept,47.3,11.0,111.5,Insurance,PT-1753
APT-005017,2025-05-28,11:21,11,"M. Ellis, PT",Hygiene recall,kept,54.4,5.8,122.79,Private,PT-2618
APT-005049,2025-05-28,11:21,11,Dr. Almeida,Exam & imaging,kept,8.3,7.1,86.18,Insurance,PT-2875
APT-005057,2025-05-28,11:32,11,Dr. Benitez,Hygiene recall,no_show,46.8,3.2,0.0,Corporate plan,PT-2135
APT-005063,2025-05-28,11:49,11,Dr. Almeida,Hygiene recall,kept,46.8,6.6,82.2,Public scheme,PT-2934
APT-005013,2025-05-28,11:56,11,"M. Ellis, PT",Physio session,kept,45.7,7.1,100.39,Private,PT-2145
APT-005058,2025-05-28,12:58,12,Dr. Benitez,Hygiene recall,kept,47.3,23.9,115.73,Insurance,PT-2890
APT-005047,2025-05-28,13:04,13,Dr. Almeida,Exam & imaging,kept,28.3,11.2,82.39,Insurance,PT-2396
APT-005034,2025-05-28,13:38,13,"M. Ellis, PT",Physio session,rescheduled,51.8,9.7,0.0,Corporate plan,PT-1942
APT-005039,2025-05-28,13:41,13,"K. Duarte, PT",Physio session,kept,29.5,8.5,108.28,Private,PT-2944
APT-005054,2025-05-28,13:41,13,Dr. Benitez,Physio assessment,kept,65.6,8.8,123.47,Corporate plan,PT-2624
APT-005041,2025-05-28,13:53,13,"M. Ellis, PT",Physio assessment,kept,55.0,9.6,117.95,Corporate plan,PT-2770
APT-005061,2025-05-28,14:03,14,"K. Duarte, PT",Root canal,cancelled,87.1,9.4,79.44,Private,PT-2660
APT-005051,2025-05-28,14:24,14,Dr. Faber,Hygiene recall,no_show,22.6,17.6,0.0,Private,PT-2494
APT-005065,2025-05-28,14:33,14,"M. Ellis, PT",Hygiene recall,kept,41.0,17.9,124.96,Private,PT-1637
APT-005045,2025-05-28,14:41,14,Dr. Almeida,Exam & imaging,kept,17.1,10.7,81.15,Insurance,PT-1534
APT-005027,2025-05-28,14:42,14,"K. Duarte, PT",Filling,kept,38.4,10.0,210.01,Private,PT-3168
APT-005020,2025-05-28,15:04,15,Dr. Benitez,Physio session,kept,46.6,10.1,78.88,Insurance,PT-2349
APT-005025,2025-05-28,15:14,15,Dr. Benitez,Filling,kept,46.5,14.1,170.12,Insurance,PT-2271
APT-005062,2025-05-28,15:15,15,"K. Duarte, PT",Filling,no_show,40.7,10.4,0.0,Private,PT-2781
APT-005055,2025-05-28,15:21,15,"K. Duarte, PT",Hygiene recall,kept,49.6,12.3,92.6,Insurance,PT-3155
APT-005042,2025-05-28,15:23,15,"M. Ellis, PT",Physio session,kept,35.8,12.3,90.72,Insurance,PT-3035
APT-005028,2025-05-28,15:46,15,Dr. Faber,Physio session,kept,51.4,8.6,106.13,Private,PT-2226
APT-005064,2025-05-28,16:04,16,Dr. Almeida,Hygiene recall,kept,44.9,9.2,123.14,Insurance,PT-1070
APT-005036,2025-05-28,16:06,16,Dr. Almeida,Root canal,kept,82.0,9.5,662.77,Private,PT-1672
APT-005022,2025-05-28,16:15,16,Dr. Faber,Exam & imaging,rescheduled,23.4,9.1,0.0,Corporate plan,PT-2712
APT-005035,2025-05-28,16:16,16,"K. Duarte, PT",Exam & imaging,cancelled,21.8,10.5,9.02,Insurance,PT-2554
APT-005059,2025-05-28,16:17,16,Dr. Almeida,Root canal,cancelled,76.5,9.6,80.57,Private,PT-2851
APT-005056,2025-05-28,16:23,16,Dr. Almeida,Physio session,kept,38.0,10.1,76.21,Corporate plan,PT-2124
APT-005050,2025-05-28,16:28,16,"K. Duarte, PT",Exam & imaging,kept,31.5,17.0,58.66,Public scheme,PT-2089
APT-005018,2025-05-28,16:37,16,Dr. Almeida,Physio session,kept,49.3,11.6,85.79,Insurance,PT-1027
APT-005016,2025-05-28,16:42,16,"K. Duarte, PT",Filling,kept,47.2,15.5,169.7,Insurance,PT-1788
APT-005029,2025-05-28,16:56,16,Dr. Faber,Physio assessment,kept,49.9,9.1,97.79,Public scheme,PT-2715
APT-005043,2025-05-28,16:57,16,Dr. Benitez,Filling,kept,48.8,9.4,129.44,Public scheme,PT-2365
APT-005030,2025-05-28,17:25,17,Dr. Almeida,Filling,kept,48.3,14.1,122.8,Public scheme,PT-2497
APT-005048,2025-05-28,17:27,17,"M. Ellis, PT",Exam & imaging,kept,32.6,20.8,99.43,Private,PT-1262
APT-005040,2025-05-28,17:44,17,Dr. Almeida,Exam & imaging,no_show,27.7,9.5,0.0,Private,PT-1323
APT-005015,2025-05-28,17:55,17,Dr. Benitez,Physio session,kept,44.4,11.8,96.21,Insurance,PT-2375
APT-005037,2025-05-28,17:56,17,Dr. Faber,Hygiene recall,kept,43.9,24.1,122.96,Insurance,PT-1460
APT-005085,2025-05-29,08:23,8,Dr. Benitez,Physio session,kept,53.1,3.7,87.22,Corporate plan,PT-2040
APT-005108,2025-05-29,09:11,9,Dr. Faber,Root canal,rescheduled,71.9,4.1,0.0,Insurance,PT-1591
APT-005073,2025-05-29,09:17,9,Dr. Almeida,Exam & imaging,kept,26.6,7.6,76.22,Corporate plan,PT-1126
APT-005072,2025-05-29,09:22,9,Dr. Faber,Filling,kept,51.3,7.3,185.6,Insurance,PT-2243
APT-005110,2025-05-29,09:24,9,Dr. Chandra,Filling,kept,45.3,6.0,176.81,Insurance,PT-2114
APT-005080,2025-05-29,10:05,10,"M. Ellis, PT",Crown fit,kept,63.4,5.5,785.26,Insurance,PT-2479
APT-005089,2025-05-29,10:24,10,"K. Duarte, PT",Filling,cancelled,34.8,5.7,21.32,Insurance,PT-2807
APT-005066,2025-05-29,10:39,10,Dr. Almeida,Hygiene recall,kept,52.6,4.8,127.93,Private,PT-1608
APT-005104,2025-05-29,10:42,10,Dr. Benitez,Physio assessment,kept,66.1,9.5,157.28,Private,PT-1795
APT-005087,2025-05-29,10:54,10,Dr. Almeida,Filling,kept,50.7,10.5,192.71,Insurance,PT-3026
APT-005105,2025-05-29,10:54,10,Dr. Benitez,Hygiene recall,cancelled,36.7,3.3,12.65,Corporate plan,PT-1401
APT-005107,2025-05-29,10:54,10,"M. Ellis, PT",Physio session,rescheduled,38.7,3.6,0.0,Insurance,PT-1070
APT-005119,2025-05-29,10:54,10,Dr. Chandra,Hygiene recall,kept,52.5,3.7,85.92,Public scheme,PT-3040
APT-005113,2025-05-29,11:01,11,"K. Duarte, PT",Physio session,kept,46.1,5.8,71.53,Public scheme,PT-1030
APT-005086,2025-05-29,11:05,11,"K. Duarte, PT",Root canal,kept,77.1,7.0,490.79,Corporate plan,PT-2603
APT-005095,2025-05-29,11:16,11,"K. Duarte, PT",Exam & imaging,kept,17.2,13.0,93.01,Private,PT-3006
APT-005067,2025-05-29,11:20,11,"M. Ellis, PT",Follow-up consult,kept,12.5,5.4,73.06,Private,PT-2159
APT-005093,2025-05-29,11:23,11,Dr. Chandra,Physio assessment,no_show,57.5,7.4,0.0,Private,PT-1570
APT-005078,2025-05-29,11:24,11,"K. Duarte, PT",Hygiene recall,kept,37.8,10.2,83.53,Public scheme,PT-2126
APT-005112,2025-05-29,11:25,11,Dr. Almeida,Physio session,kept,39.1,6.1,94.16,Insurance,PT-1772
APT-005096,2025-05-29,11:41,11,"M. Ellis, PT",Hygiene recall,kept,35.1,6.5,111.22,Insurance,PT-2384
APT-005081,2025-05-29,11:45,11,Dr. Faber,Hygiene recall,kept,52.1,8.7,80.39,Public scheme,PT-1335
APT-005115,2025-05-29,11:46,11,"K. Duarte, PT",Hygiene recall,kept,51.9,9.1,107.97,Insurance,PT-2797
APT-005076,2025-05-29,12:17,12,"M. Ellis, PT",Physio session,rescheduled,43.1,5.9,0.0,Insurance,PT-2634
APT-005088,2025-05-29,12:17,12,Dr. Benitez,Filling,no_show,43.7,9.4,0.0,Insurance,PT-2959
APT-005111,2025-05-29,12:21,12,Dr. Benitez,Physio session,kept,52.4,9.7,96.27,Private,PT-1255
APT-005071,2025-05-29,12:24,12,Dr. Chandra,Filling,no_show,47.1,3.6,0.0,Corporate plan,PT-1715
APT-005083,2025-05-29,13:50,13,"M. Ellis, PT",Hygiene recall,kept,49.7,10.9,100.81,Corporate plan,PT-1754
APT-005084,2025-05-29,13:59,13,Dr. Benitez,Filling,kept,43.5,14.3,193.18,Insurance,PT-1022
APT-005103,2025-05-29,14:14,14,Dr. Faber,Exam & imaging,kept,17.3,26.3,92.79,Insurance,PT-2989
APT-005069,2025-05-29,14:16,14,Dr. Benitez,Filling,no_show,40.3,9.0,0.0,Private,PT-2873
APT-005094,2025-05-29,14:21,14,Dr. Almeida,Exam & imaging,kept,27.6,16.0,79.64,Corporate plan,PT-3188
APT-005100,2025-05-29,14:50,14,"M. Ellis, PT",Exam & imaging,kept,20.7,8.3,87.58,Private,PT-2980
APT-005101,2025-05-29,14:52,14,Dr. Almeida,Filling,cancelled,38.6,18.7,22.45,Insurance,PT-1859
APT-005109,2025-05-29,14:59,14,"K. Duarte, PT",Hygiene recall,kept,53.4,17.7,133.43,Insurance,PT-3062
APT-005098,2025-05-29,15:01,15,Dr. Almeida,Filling,kept,41.3,16.9,176.38,Corporate plan,PT-1312
APT-005074,2025-05-29,15:18,15,Dr. Faber,Root canal,cancelled,82.8,12.7,68.44,Insurance,PT-1643
APT-005082,2025-05-29,15:24,15,"K. Duarte, PT",Hygiene recall,kept,47.3,10.5,84.18,Public scheme,PT-2722
APT-005070,2025-05-29,15:34,15,Dr. Benitez,Hygiene recall,kept,31.9,11.8,141.11,Private,PT-1327
APT-005079,2025-05-29,15:35,15,"K. Duarte, PT",Exam & imaging,kept,17.4,15.5,91.65,Private,PT-2651
APT-005077,2025-05-29,15:37,15,Dr. Benitez,Hygiene recall,kept,35.3,11.9,113.69,Insurance,PT-2917
APT-005114,2025-05-29,15:49,15,"M. Ellis, PT",Exam & imaging,kept,24.1,14.8,97.36,Private,PT-2518
APT-005092,2025-05-29,15:50,15,"K. Duarte, PT",Filling,kept,41.4,8.2,151.11,Corporate plan,PT-1704
APT-005099,2025-05-29,16:06,16,Dr. Almeida,Physio session,no_show,49.6,12.9,0.0,Corporate plan,PT-2656
APT-005116,2025-05-29,16:07,16,Dr. Benitez,Physio session,kept,48.5,11.3,79.26,Insurance,PT-1907
APT-005118,2025-05-29,16:09,16,"K. Duarte, PT",Hygiene recall,kept,40.1,14.8,113.1,Insurance,PT-1160
APT-005091,2025-05-29,16:13,16,Dr. Almeida,Exam & imaging,kept,28.8,13.0,82.79,Insurance,PT-1511
APT-005097,2025-05-29,16:15,16,Dr. Chandra,Hygiene recall,rescheduled,36.2,8.6,0.0,Private,PT-2660
APT-005090,2025-05-29,16:20,16,Dr. Almeida,Physio assessment,kept,46.2,19.5,147.1,Private,PT-2889
APT-005106,2025-05-29,16:28,16,Dr. Faber,Hygiene recall,kept,48.5,12.0,103.19,Insurance,PT-2729
APT-005117,2025-05-29,16:47,16,"K. Duarte, PT",Follow-up consult,kept,11.9,14.7,49.58,Insurance,PT-2045
APT-005102,2025-05-29,17:12,17,Dr. Faber,Root canal,kept,77.8,13.9,570.02,Insurance,PT-1646
APT-005075,2025-05-29,17:23,17,Dr. Benitez,Physio session,kept,43.5,9.8,59.98,Public scheme,PT-1507
APT-005068,2025-05-29,17:27,17,"K. Duarte, PT",Root canal,kept,86.2,9.9,483.86,Corporate plan,PT-2602
APT-005155,2025-05-30,08:56,8,"M. Ellis, PT",Hygiene recall,cancelled,49.0,3.2,14.02,Private,PT-2062
APT-005129,2025-05-30,09:00,9,Dr. Almeida,Exam & imaging,kept,23.5,9.3,81.21,Corporate plan,PT-2946
APT-005151,2025-05-30,09:00,9,"M. Ellis, PT",Exam & imaging,kept,28.6,14.4,97.19,Private,PT-1646
APT-005153,2025-05-30,09:31,9,"K. Duarte, PT",Filling,kept,48.5,6.7,205.2,Insurance,PT-1602
APT-005121,2025-05-30,09:37,9,"K. Duarte, PT",Filling,kept,50.6,7.9,206.87,Private,PT-1798
APT-005130,2025-05-30,10:02,10,Dr. Benitez,Hygiene recall,kept,42.6,3.8,85.38,Public scheme,PT-2576
APT-005126,2025-05-30,10:04,10,Dr. Chandra,Hygiene recall,no_show,49.9,3.7,0.0,Insurance,PT-2890
APT-005135,2025-05-30,10:12,10,Dr. Almeida,Filling,kept,48.2,11.4,221.01,Private,PT-3129
APT-005128,2025-05-30,10:27,10,"K. Duarte, PT",Exam & imaging,kept,12.5,3.3,84.32,Insurance,PT-3138
APT-005142,2025-05-30,10:28,10,Dr. Benitez,Physio session,cancelled,48.5,3.6,14.61,Private,PT-2060
APT-005162,2025-05-30,10:46,10,"M. Ellis, PT",Hygiene recall,kept,39.8,15.3,132.23,Private,PT-2506
APT-005161,2025-05-30,11:00,11,Dr. Benitez,Hygiene recall,cancelled,49.6,4.1,14.59,Corporate plan,PT-2987
APT-005132,2025-05-30,11:12,11,Dr. Almeida,Hygiene recall,kept,47.4,7.8,126.93,Insurance,PT-2005
APT-005160,2025-05-30,11:27,11,"K. Duarte, PT",Physio session,cancelled,37.4,3.3,11.35,Insurance,PT-1487
APT-005152,2025-05-30,11:34,11,Dr. Benitez,Exam & imaging,cancelled,32.5,11.1,8.44,Corporate plan,PT-2701
APT-005158,2025-05-30,12:05,12,"K. Duarte, PT",Hygiene recall,kept,48.9,5.5,100.08,Insurance,PT-1317
APT-005127,2025-05-30,12:25,12,Dr. Chandra,Physio session,kept,37.0,6.1,85.88,Insurance,PT-1688
APT-005137,2025-05-30,12:38,12,Dr. Chandra,Hygiene recall,kept,50.3,4.1,102.53,Insurance,PT-1038
APT-005124,2025-05-30,12:52,12,Dr. Benitez,Hygiene recall,cancelled,38.4,5.8,12.09,Corporate plan,PT-2274
APT-005156,2025-05-30,13:11,13,Dr. Almeida,Exam & imaging,cancelled,33.0,14.5,11.46,Private,PT-1611
APT-005148,2025-05-30,14:06,14,Dr. Faber,Physio session,kept,43.4,11.2,86.05,Insurance,PT-2486
APT-005138,2025-05-30,14:20,14,Dr. Benitez,Root canal,kept,87.1,24.9,640.1,Private,PT-1045
APT-005120,2025-05-30,14:28,14,Dr. Chandra,Root canal,kept,83.0,11.2,579.12,Insurance,PT-1231
APT-005125,2025-05-30,14:35,14,Dr. Almeida,Physio session,no_show,34.8,13.8,0.0,Private,PT-2911
APT-005140,2025-05-30,15:23,15,Dr. Faber,Hygiene recall,kept,42.8,13.0,108.39,Insurance,PT-2984
APT-005150,2025-05-30,15:24,15,Dr. Benitez,Follow-up consult,kept,25.8,8.9,66.25,Private,PT-1796
APT-005157,2025-05-30,15:32,15,Dr. Benitez,Exam & imaging,kept,20.0,14.3,70.34,Insurance,PT-1160
APT-005136,2025-05-30,15:43,15,"K. Duarte, PT",Physio session,kept,41.8,11.2,92.08,Insurance,PT-1197
APT-005123,2025-05-30,15:44,15,Dr. Chandra,Hygiene recall,kept,43.5,11.1,106.11,Insurance,PT-1207
APT-005146,2025-05-30,15:44,15,Dr. Almeida,Exam & imaging,kept,22.9,8.5,71.2,Corporate plan,PT-3098
APT-005131,2025-05-30,15:45,15,Dr. Almeida,Physio assessment,kept,45.8,10.3,122.29,Corporate plan,PT-1721
APT-005133,2025-05-30,15:57,15,Dr. Benitez,Root canal,kept,85.1,14.8,597.98,Insurance,PT-1441
APT-005141,2025-05-30,16:02,16,Dr. Faber,Hygiene recall,kept,47.8,21.9,107.0,Insurance,PT-2392
APT-005154,2025-05-30,16:23,16,Dr. Benitez,Hygiene recall,kept,29.7,10.6,118.1,Corporate plan,PT-1890
APT-005143,2025-05-30,16:32,16,"K. Duarte, PT",Filling,kept,51.5,13.3,183.17,Insurance,PT-3076
APT-005139,2025-05-30,16:37,16,Dr. Almeida,Filling,kept,42.0,8.2,181.63,Corporate plan,PT-2001
APT-005122,2025-05-30,16:38,16,Dr. Chandra,Physio assessment,kept,57.8,12.5,119.15,Corporate plan,PT-2928
APT-005159,2025-05-30,16:38,16,Dr. Almeida,Physio assessment,kept,57.2,12.2,122.48,Insurance,PT-2805
APT-005147,2025-05-30,16:49,16,Dr. Chandra,Filling,kept,47.8,20.4,171.81,Insurance,PT-2011
APT-005163,2025-05-30,16:49,16,Dr. Benitez,Filling,kept,37.1,14.4,200.02,Insurance,PT-1853
APT-005134,2025-05-30,16:52,16,Dr. Almeida,Exam & imaging,cancelled,20.4,15.5,10.57,Insurance,PT-1547
APT-005149,2025-05-30,17:31,17,"M. Ellis, PT",Hygiene recall,kept,43.2,19.5,78.05,Public scheme,PT-1561
APT-005145,2025-05-30,17:40,17,"K. Duarte, PT",Filling,kept,48.2,8.5,185.39,Insurance,PT-2226
APT-005144,2025-05-30,17:52,17,Dr. Almeida,Follow-up consult,kept,22.4,9.4,74.62,Private,PT-2341
APT-005191,2025-05-31,08:52,8,"K. Duarte, PT",Crown fit,kept,75.6,8.7,774.99,Insurance,PT-2205
APT-005173,2025-05-31,09:35,9,"K. Duarte, PT",Filling,no_show,45.8,5.3,0.0,Private,PT-2232
APT-005167,2025-05-31,09:39,9,"K. Duarte, PT",Physio session,kept,38.3,4.0,96.37,Private,PT-1295
APT-005164,2025-05-31,09:50,9,"M. Ellis, PT",Crown fit,kept,66.5,7.9,834.68,Private,PT-1770
APT-005174,2025-05-31,10:18,10,"M. Ellis, PT",Hygiene recall,kept,48.1,14.8,122.19,Insurance,PT-2268
APT-005189,2025-05-31,10:32,10,"M. Ellis, PT",Crown fit,no_show,68.8,7.1,0.0,Private,PT-1746
APT-005188,2025-05-31,10:58,10,"M. Ellis, PT",Exam & imaging,no_show,23.5,7.9,0.0,Private,PT-2975
APT-005166,2025-05-31,12:13,12,"M. Ellis, PT",Hygiene recall,kept,42.4,3.3,100.26,Insurance,PT-3114
APT-005183,2025-05-31,12:14,12,"M. Ellis, PT",Crown fit,no_show,75.0,4.7,0.0,Private,PT-1258
APT-005168,2025-05-31,12:23,12,"K. Duarte, PT",Hygiene recall,kept,46.5,8.3,102.33,Insurance,PT-2971
APT-005181,2025-05-31,13:25,13,"M. Ellis, PT",Filling,cancelled,38.3,13.8,19.81,Corporate plan,PT-3111
APT-005172,2025-05-31,14:08,14,"K. Duarte, PT",Physio assessment,kept,43.4,14.1,142.23,Insurance,PT-1727
APT-005187,2025-05-31,14:43,14,"M. Ellis, PT",Physio assessment,kept,42.0,10.1,157.04,Private,PT-3066
APT-005184,2025-05-31,14:46,14,"M. Ellis, PT",Root canal,kept,85.2,17.7,545.28,Insurance,PT-2035
APT-005176,2025-05-31,14:49,14,"K. Duarte, PT",Exam & imaging,kept,24.7,14.2,71.08,Corporate plan,PT-1770
APT-005165,2025-05-31,15:37,15,"M. Ellis, PT",Physio assessment,kept,44.9,8.5,129.44,Insurance,PT-3176
APT-005179,2025-05-31,15:37,15,"M. Ellis, PT",Hygiene recall,no_show,40.3,13.2,0.0,Private,PT-1773
APT-005186,2025-05-31,15:50,15,"M. Ellis, PT",Filling,kept,36.7,14.9,211.31,Private,PT-1928
APT-005175,2025-05-31,15:58,15,"K. Duarte, PT",Exam & imaging,no_show,25.0,10.5,0.0,Private,PT-1175
APT-005182,2025-05-31,16:15,16,"K. Duarte, PT",Hygiene recall,no_show,55.8,10.0,0.0,Insurance,PT-1596
APT-005178,2025-05-31,16:18,16,"M. Ellis, PT",Root canal,kept,79.5,10.2,611.35,Private,PT-1172
APT-005169,2025-05-31,16:20,16,"K. Duarte, PT",Hygiene recall,kept,31.3,15.1,133.79,Private,PT-1598
APT-005170,2025-05-31,16:29,16,"K. Duarte, PT",Hygiene recall,kept,39.2,10.6,113.22,Corporate plan,PT-3105
APT-005177,2025-05-31,16:30,16,"K. Duarte, PT",Physio assessment,kept,53.7,14.5,109.82,Corporate plan,PT-1812
APT-005190,2025-05-31,16:50,16,"K. Duarte, PT",Hygiene recall,kept,42.1,9.3,138.68,Private,PT-1376
APT-005180,2025-05-31,16:51,16,"K. Duarte, PT",Crown fit,kept,62.1,11.1,937.15,Private,PT-1628
APT-005171,2025-05-31,17:13,17,"K. Duarte, PT",Exam & imaging,no_show,22.0,10.4,0.0,Insurance,PT-2548
APT-005185,2025-05-31,17:37,17,"M. Ellis, PT",Physio session,kept,37.1,12.3,86.51,Insurance,PT-2951
APT-005212,2025-06-02,09:07,9,"K. Duarte, PT",Physio assessment,kept,60.3,14.0,147.72,Insurance,PT-2860
APT-005238,2025-06-02,09:09,9,Dr. Chandra,Hygiene recall,kept,51.6,19.6,132.6,Private,PT-1453
APT-005215,2025-06-02,09:14,9,Dr. Almeida,Filling,kept,48.3,10.6,216.15,Insurance,PT-1752
APT-005232,2025-06-02,09:14,9,Dr. Almeida,Root canal,kept,74.9,10.5,506.95,Insurance,PT-3156
APT-005206,2025-06-02,09:15,9,Dr. Benitez,Exam & imaging,kept,9.7,3.5,77.11,Corporate plan,PT-1790
APT-005241,2025-06-02,10:06,10,"K. Duarte, PT",Crown fit,kept,67.8,3.3,906.6,Private,PT-2841
APT-005245,2025-06-02,10:14,10,Dr. Benitez,Physio session,kept,43.7,3.5,73.98,Corporate plan,PT-2539
APT-005197,2025-06-02,10:45,10,"K. Duarte, PT",Physio assessment,kept,56.0,7.5,161.13,Private,PT-2958
APT-005221,2025-06-02,10:52,10,"K. Duarte, PT",Crown fit,cancelled,77.7,5.1,85.76,Insurance,PT-1283
APT-005235,2025-06-02,11:11,11,Dr. Almeida,Hygiene recall,kept,39.4,5.1,122.72,Private,PT-1577
APT-005202,2025-06-02,11:13,11,Dr. Almeida,Physio session,kept,42.7,11.9,113.43,Private,PT-1492
APT-005205,2025-06-02,11:25,11,Dr. Almeida,Exam & imaging,kept,32.7,5.5,82.05,Insurance,PT-3054
APT-005208,2025-06-02,11:40,11,Dr. Benitez,Filling,kept,49.3,12.2,221.45,Private,PT-2480
APT-005239,2025-06-02,11:45,11,"K. Duarte, PT",Exam & imaging,kept,24.1,16.1,89.62,Private,PT-2599
APT-005223,2025-06-02,12:06,12,Dr. Almeida,Filling,cancelled,43.2,7.6,22.99,Insurance,PT-2167
APT-005242,2025-06-02,12:24,12,Dr. Benitez,Hygiene recall,kept,38.2,7.3,127.29,Private,PT-1822
APT-005196,2025-06-02,12:36,12,Dr. Benitez,Physio session,cancelled,30.7,6.3,10.67,Corporate plan,PT-2523
APT-005193,2025-06-02,12:46,12,"K. Duarte, PT",Hygiene recall,kept,50.2,18.1,121.37,Insurance,PT-1963
APT-005246,2025-06-02,12:56,12,"K. Duarte, PT",Exam & imaging,kept,23.0,4.5,89.4,Insurance,PT-1567
APT-005195,2025-06-02,13:37,13,Dr. Chandra,Physio session,kept,26.6,18.3,95.55,Private,PT-1626
APT-005228,2025-06-02,13:41,13,"K. Duarte, PT",Filling,kept,50.2,14.7,200.84,Insurance,PT-2158
APT-005203,2025-06-02,13:45,13,Dr. Benitez,Filling,kept,53.0,9.5,221.27,Private,PT-2826
APT-005231,2025-06-02,14:12,14,Dr. Chandra,Hygiene recall,no_show,45.6,12.8,0.0,Insurance,PT-2744
APT-005199,2025-06-02,14:19,14,Dr. Almeida,Root canal,cancelled,84.1,13.1,54.72,Corporate plan,PT-2587
APT-005243,2025-06-02,14:23,14,Dr. Benitez,Crown fit,kept,51.0,15.7,696.88,Insurance,PT-2228
APT-005213,2025-06-02,14:34,14,Dr. Chandra,Hygiene recall,kept,45.3,10.3,85.01,Public scheme,PT-3089
APT-005194,2025-06-02,14:39,14,Dr. Almeida,Exam & imaging,cancelled,27.2,12.0,10.95,Insurance,PT-3031
APT-005201,2025-06-02,14:40,14,Dr. Chandra,Filling,kept,42.8,9.1,188.37,Insurance,PT-2113
APT-005216,2025-06-02,14:46,14,Dr. Benitez,Physio assessment,kept,51.5,21.1,144.34,Insurance,PT-1287
APT-005237,2025-06-02,14:46,14,Dr. Chandra,Filling,kept,48.8,10.4,214.46,Private,PT-1607
APT-005248,2025-06-02,14:47,14,"K. Duarte, PT",Hygiene recall,no_show,46.9,17.7,0.0,Private,PT-2608
APT-005236,2025-06-02,14:48,14,Dr. Almeida,Physio session,kept,54.8,11.7,102.24,Private,PT-2394
APT-005244,2025-06-02,14:48,14,Dr. Chandra,Root canal,kept,65.7,13.6,547.23,Corporate plan,PT-1782
APT-005222,2025-06-02,14:52,14,Dr. Almeida,Root canal,kept,72.3,12.2,646.35,Private,PT-1358
APT-005204,2025-06-02,14:56,14,Dr. Almeida,Exam & imaging,kept,23.0,14.6,79.95,Insurance,PT-1205
APT-005230,2025-06-02,14:56,14,Dr. Chandra,Hygiene recall,kept,42.4,13.2,122.95,Insurance,PT-1802
APT-005233,2025-06-02,15:05,15,Dr. Chandra,Hygiene recall,kept,47.0,10.3,96.35,Insurance,PT-2158
APT-005226,2025-06-02,15:06,15,Dr. Almeida,Exam & imaging,no_show,22.7,13.2,0.0,Corporate plan,PT-2683
APT-005214,2025-06-02,15:15,15,"K. Duarte, PT",Filling,kept,46.3,16.5,184.39,Insurance,PT-1632
APT-005200,2025-06-02,15:20,15,Dr. Chandra,Hygiene recall,kept,44.3,10.0,151.43,Private,PT-3088
APT-005234,2025-06-02,15:41,15,"K. Duarte, PT",Root canal,kept,83.3,15.8,426.18,Corporate plan,PT-1096
APT-005218,2025-06-02,15:42,15,Dr. Almeida,Hygiene recall,kept,37.8,10.2,122.28,Insurance,PT-2938
APT-005247,2025-06-02,15:44,15,Dr. Almeida,Hygiene recall,kept,49.7,9.1,102.09,Insurance,PT-1310
APT-005224,2025-06-02,15:49,15,Dr. Almeida,Physio assessment,kept,54.2,12.6,135.93,Insurance,PT-2587
APT-005240,2025-06-02,15:50,15,"K. Duarte, PT",Exam & imaging,kept,23.4,11.7,81.77,Insurance,PT-1916
APT-005225,2025-06-02,15:53,15,"K. Duarte, PT",Physio session,kept,55.0,13.9,83.04,Insurance,PT-1847
APT-005207,2025-06-02,16:07,16,Dr. Almeida,Exam & imaging,kept,33.8,11.7,83.93,Insurance,PT-3064
APT-005220,2025-06-02,16:12,16,"K. Duarte, PT",Hygiene recall,kept,34.6,8.9,110.8,Insurance,PT-1479
APT-005211,2025-06-02,16:38,16,"K. Duarte, PT",Filling,kept,42.2,14.2,184.59,Insurance,PT-1517
APT-005217,2025-06-02,16:39,16,Dr. Almeida,Crown fit,kept,66.3,8.0,896.18,Private,PT-2937
APT-005210,2025-06-02,16:42,16,Dr. Almeida,Exam & imaging,kept,40.3,10.1,77.0,Private,PT-1534
APT-005229,2025-06-02,16:52,16,Dr. Almeida,Physio session,kept,45.0,18.2,94.06,Insurance,PT-2336
APT-005227,2025-06-02,17:00,17,Dr. Benitez,Physio session,rescheduled,41.8,9.5,0.0,Corporate plan,PT-2640
APT-005219,2025-06-02,17:12,17,Dr. Almeida,Hygiene recall,kept,41.6,9.4,116.2,Insurance,PT-2745
APT-005192,2025-06-02,17:25,17,Dr. Chandra,Hygiene recall,kept,54.6,18.4,105.23,Corporate plan,PT-2361
APT-005209,2025-06-02,17:48,17,Dr. Benitez,Physio session,kept,39.6,9.0,102.27,Private,PT-2323
APT-005198,2025-06-02,17:55,17,"K. Duarte, PT",Filling,kept,41.0,18.0,123.92,Public scheme,PT-2280
APT-005280,2025-06-03,08:56,8,Dr. Benitez,Hygiene recall,kept,43.0,6.7,82.25,Public scheme,PT-2906
APT-005284,2025-06-03,09:04,9,Dr. Benitez,Hygiene recall,kept,51.9,4.9,128.14,Insurance,PT-1670
APT-005256,2025-06-03,09:23,9,Dr. Almeida,Crown fit,no_show,66.8,7.4,0.0,Private,PT-1527
APT-005276,2025-06-03,09:39,9,Dr. Almeida,Filling,kept,36.3,4.0,168.44,Insurance,PT-2973
APT-005258,2025-06-03,09:51,9,Dr. Chandra,Exam & imaging,no_show,33.9,11.2,0.0,Insurance,PT-1229
APT-005292,2025-06-03,09:51,9,Dr. Almeida,Physio assessment,kept,53.5,2.5,141.59,Insurance,PT-1889
APT-005293,2025-06-03,10:02,10,Dr. Chandra,Filling,kept,56.2,7.6,174.8,Insurance,PT-3009
APT-005273,2025-06-03,10:03,10,Dr. Benitez,Filling,kept,39.9,11.5,220.43,Private,PT-1650
APT-005254,2025-06-03,10:39,10,"K. Duarte, PT",Filling,kept,56.4,7.0,171.64,Insurance,PT-1273
APT-005272,2025-06-03,10:41,10,"K. Duarte, PT",Physio session,no_show,48.7,9.8,0.0,Corporate plan,PT-2489
APT-005250,2025-06-03,10:52,10,"M. Ellis, PT",Exam & imaging,no_show,26.0,11.2,0.0,Insurance,PT-3164
APT-005282,2025-06-03,11:03,11,"M. Ellis, PT",Filling,kept,48.3,9.8,167.36,Corporate plan,PT-1726
APT-005269,2025-06-03,11:06,11,"M. Ellis, PT",Hygiene recall,kept,40.5,7.2,102.52,Corporate plan,PT-2590
APT-005287,2025-06-03,11:55,11,Dr. Chandra,Exam & imaging,kept,33.2,13.7,70.36,Insurance,PT-2841
APT-005262,2025-06-03,12:02,12,"M. Ellis, PT",Hygiene recall,kept,42.3,3.8,79.51,Public scheme,PT-2942
APT-005252,2025-06-03,12:11,12,Dr. Chandra,Hygiene recall,kept,50.4,10.2,100.48,Corporate plan,PT-2921
APT-005291,2025-06-03,12:23,12,Dr. Benitez,Hygiene recall,cancelled,34.5,4.8,15.74,Private,PT-1591
APT-005288,2025-06-03,12:42,12,Dr. Benitez,Physio assessment,kept,60.6,5.2,170.28,Private,PT-1953
APT-005278,2025-06-03,12:55,12,Dr. Benitez,Crown fit,kept,48.0,3.6,767.94,Insurance,PT-1650
APT-005274,2025-06-03,13:55,13,Dr. Benitez,Physio session,kept,40.3,16.3,84.19,Insurance,PT-1675
APT-005249,2025-06-03,13:57,13,Dr. Chandra,Follow-up consult,kept,22.3,9.0,62.08,Insurance,PT-3177
APT-005261,2025-06-03,14:00,14,Dr. Almeida,Exam & imaging,no_show,31.8,9.9,0.0,Insurance,PT-1421
APT-005266,2025-06-03,14:06,14,"M. Ellis, PT",Exam & imaging,kept,20.7,10.7,88.26,Private,PT-3048
APT-005294,2025-06-03,14:09,14,"M. Ellis, PT",Follow-up consult,kept,9.9,9.6,72.24,Private,PT-2828
APT-005257,2025-06-03,14:11,14,Dr. Chandra,Filling,kept,45.2,14.8,158.93,Corporate plan,PT-3191
APT-005255,2025-06-03,14:15,14,Dr. Almeida,Exam & imaging,kept,18.9,8.4,67.53,Public scheme,PT-2473
APT-005281,2025-06-03,14:24,14,Dr. Almeida,Exam & imaging,kept,28.9,12.7,95.31,Private,PT-3089
APT-005253,2025-06-03,14:41,14,Dr. Chandra,Physio session,kept,42.3,15.8,105.06,Private,PT-1136
APT-005251,2025-06-03,14:54,14,"K. Duarte, PT",Physio assessment,kept,61.2,19.1,140.97,Private,PT-1515
APT-005283,2025-06-03,14:56,14,Dr. Benitez,Filling,no_show,40.9,22.1,0.0,Public scheme,PT-2629
APT-005259,2025-06-03,15:14,15,Dr. Chandra,Filling,kept,41.4,14.0,195.8,Private,PT-2590
APT-005277,2025-06-03,15:29,15,"M. Ellis, PT",Exam & imaging,kept,31.0,18.6,82.24,Insurance,PT-1829
APT-005264,2025-06-03,15:44,15,Dr. Benitez,Filling,kept,47.3,9.2,200.92,Private,PT-1476
APT-005290,2025-06-03,15:59,15,Dr. Benitez,Root canal,kept,92.4,8.5,503.44,Insurance,PT-2231
APT-005265,2025-06-03,16:00,16,Dr. Benitez,Hygiene recall,kept,41.4,10.1,85.34,Public scheme,PT-2933
APT-005279,2025-06-03,16:00,16,Dr. Almeida,Root canal,kept,89.9,17.3,562.17,Corporate plan,PT-2823
APT-005271,2025-06-03,16:02,16,Dr. Almeida,Hygiene recall,no_show,42.0,9.9,0.0,Private,PT-2229
APT-005286,2025-06-03,16:02,16,Dr. Almeida,Crown fit,kept,73.0,11.8,846.72,Insurance,PT-1304
APT-005260,2025-06-03,16:05,16,Dr. Chandra,Follow-up consult,kept,21.2,14.3,62.81,Insurance,PT-2683
APT-005289,2025-06-03,16:10,16,"M. Ellis, PT",Hygiene recall,kept,36.9,10.4,139.81,Private,PT-2284
APT-005275,2025-06-03,16:26,16,Dr. Almeida,Filling,kept,48.6,12.7,163.07,Corporate plan,PT-2692
APT-005267,2025-06-03,16:44,16,Dr. Chandra,Exam & imaging,kept,21.3,9.5,78.41,Corporate plan,PT-1735
APT-005263,2025-06-03,16:46,16,"M. Ellis, PT",Filling,kept,40.7,13.0,118.39,Public scheme,PT-1550
APT-005285,2025-06-03,17:17,17,Dr. Benitez,Exam & imaging,no_show,25.7,17.5,0.0,Private,PT-1921
APT-005268,2025-06-03,17:50,17,Dr. Chandra,Hygiene recall,kept,39.8,20.3,112.82,Insurance,PT-1879
APT-005270,2025-06-03,17:55,17,Dr. Almeida,Hygiene recall,no_show,56.7,10.5,0.0,Insurance,PT-2638
APT-005301,2025-06-04,08:09,8,Dr. Benitez,Hygiene recall,kept,50.9,10.2,119.2,Insurance,PT-1760
APT-005329,2025-06-04,08:52,8,"M. Ellis, PT",Hygiene recall,kept,36.9,3.3,107.59,Corporate plan,PT-2048
APT-005305,2025-06-04,09:01,9,Dr. Benitez,Physio assessment,no_show,64.5,5.2,0.0,Private,PT-1326
APT-005324,2025-06-04,09:25,9,"M. Ellis, PT",Physio assessment,cancelled,56.7,4.3,16.07,Insurance,PT-1332
APT-005328,2025-06-04,09:29,9,Dr. Benitez,Physio assessment,kept,54.1,12.4,119.98,Corporate plan,PT-2230
APT-005313,2025-06-04,09:30,9,Dr. Almeida,Physio session,kept,43.9,7.8,110.08,Private,PT-1304
APT-005309,2025-06-04,09:44,9,"M. Ellis, PT",Exam & imaging,kept,26.6,15.5,93.48,Private,PT-2475
APT-005314,2025-06-04,09:49,9,"K. Duarte, PT",Hygiene recall,kept,53.1,6.6,105.74,Corporate plan,PT-3095
APT-005297,2025-06-04,09:51,9,"K. Duarte, PT",Exam & imaging,kept,29.2,6.5,74.17,Insurance,PT-1107
APT-005333,2025-06-04,09:54,9,"M. Ellis, PT",Exam & imaging,kept,16.5,9.6,87.39,Insurance,PT-1559
APT-005318,2025-06-04,10:02,10,"M. Ellis, PT",Physio session,cancelled,35.4,8.9,11.28,Private,PT-1619
APT-005312,2025-06-04,10:18,10,"M. Ellis, PT",Hygiene recall,no_show,38.2,4.1,0.0,Insurance,PT-3022
APT-005319,2025-06-04,10:24,10,Dr. Faber,Exam & imaging,kept,25.0,5.3,82.16,Insurance,PT-1954
APT-005317,2025-06-04,10:28,10,"K. Duarte, PT",Hygiene recall,kept,43.8,9.5,136.7,Private,PT-2981
APT-005339,2025-06-04,10:32,10,Dr. Faber,Filling,kept,50.9,11.0,189.94,Private,PT-1351
APT-005299,2025-06-04,10:48,10,"M. Ellis, PT",Physio session,kept,32.1,18.3,102.15,Private,PT-1501
APT-005327,2025-06-04,10:48,10,Dr. Faber,Hygiene recall,rescheduled,45.9,15.9,0.0,Private,PT-2500
APT-005320,2025-06-04,10:51,10,Dr. Benitez,Hygiene recall,rescheduled,51.0,4.4,0.0,Private,PT-3141
APT-005308,2025-06-04,11:04,11,"K. Duarte, PT",Hygiene recall,kept,39.0,15.6,115.42,Insurance,PT-1667
APT-005335,2025-06-04,11:06,11,"K. Duarte, PT",Physio assessment,kept,51.8,10.9,146.56,Private,PT-1806
APT-005337,2025-06-04,11:06,11,"K. Duarte, PT",Filling,kept,43.5,5.4,131.2,Public scheme,PT-2639
APT-005304,2025-06-04,11:24,11,"M. Ellis, PT",Filling,kept,37.6,7.0,146.19,Corporate plan,PT-1798
APT-005306,2025-06-04,11:34,11,Dr. Almeida,Exam & imaging,kept,14.3,4.3,94.9,Insurance,PT-2051
APT-005316,2025-06-04,11:43,11,"K. Duarte, PT",Hygiene recall,kept,42.2,13.9,124.48,Insurance,PT-1315
APT-005310,2025-06-04,11:57,11,"K. Duarte, PT",Hygiene recall,kept,39.0,11.8,107.15,Insurance,PT-1986
APT-005296,2025-06-04,12:32,12,Dr. Almeida,Filling,kept,42.4,3.3,175.21,Corporate plan,PT-2105
APT-005302,2025-06-04,12:52,12,Dr. Benitez,Hygiene recall,kept,52.0,7.9,78.41,Public scheme,PT-2288
APT-005311,2025-06-04,13:50,13,Dr. Almeida,Hygiene recall,kept,47.2,9.9,110.85,Insurance,PT-1664
APT-005323,2025-06-04,13:58,13,Dr. Benitez,Filling,cancelled,62.6,12.3,23.48,Private,PT-1603
APT-005326,2025-06-04,14:16,14,Dr. Benitez,Exam & imaging,kept,22.3,12.3,106.64,Private,PT-1935
APT-005300,2025-06-04,14:23,14,Dr. Almeida,Exam & imaging,kept,23.6,15.1,72.6,Corporate plan,PT-1099
APT-005307,2025-06-04,14:26,14,"M. Ellis, PT",Physio session,kept,42.5,14.1,93.88,Private,PT-2017
APT-005321,2025-06-04,14:51,14,"M. Ellis, PT",Hygiene recall,kept,37.7,15.6,132.08,Private,PT-2780
APT-005295,2025-06-04,14:54,14,Dr. Faber,Physio session,kept,28.6,15.2,115.0,Private,PT-1885
APT-005332,2025-06-04,14:57,14,Dr. Almeida,Hygiene recall,kept,51.4,9.1,119.19,Insurance,PT-1589
APT-005336,2025-06-04,14:59,14,Dr. Almeida,Filling,kept,39.0,8.3,208.06,Private,PT-1261
APT-005325,2025-06-04,15:03,15,Dr. Faber,Hygiene recall,kept,40.0,8.2,109.27,Insurance,PT-2974
APT-005340,2025-06-04,15:37,15,Dr. Faber,Filling,kept,55.2,18.6,183.3,Insurance,PT-2481
APT-005341,2025-06-04,15:42,15,"K. Duarte, PT",Physio assessment,no_show,49.1,13.0,0.0,Private,PT-1037
APT-005338,2025-06-04,15:53,15,Dr. Benitez,Root canal,kept,63.5,10.7,603.56,Insurance,PT-1318
APT-005315,2025-06-04,15:55,15,"M. Ellis, PT",Filling,rescheduled,47.9,16.3,0.0,Private,PT-1552
APT-005322,2025-06-04,16:02,16,"M. Ellis, PT",Physio session,kept,28.6,10.2,98.75,Insurance,PT-1261
APT-005303,2025-06-04,17:05,17,Dr. Benitez,Exam & imaging,kept,31.0,18.2,91.19,Private,PT-3049
APT-005331,2025-06-04,17:18,17,"M. Ellis, PT",Hygiene recall,kept,43.1,16.4,118.05,Insurance,PT-2213
APT-005330,2025-06-04,17:22,17,Dr. Almeida,Filling,kept,43.1,9.6,205.71,Private,PT-1819
APT-005298,2025-06-04,17:23,17,Dr. Almeida,Hygiene recall,cancelled,36.6,8.5,13.61,Insurance,PT-2621
APT-005334,2025-06-04,17:38,17,Dr. Almeida,Root canal,kept,87.2,10.0,503.13,Corporate plan,PT-1493
APT-005342,2025-06-04,17:43,17,"K. Duarte, PT",Exam & imaging,kept,16.3,8.3,102.61,Private,PT-2048
APT-005367,2025-06-05,08:06,8,Dr. Chandra,Exam & imaging,kept,18.3,5.2,96.93,Private,PT-1345
APT-005352,2025-06-05,08:18,8,"K. Duarte, PT",Hygiene recall,kept,43.5,8.7,144.69,Private,PT-1869
APT-005346,2025-06-05,09:18,9,Dr. Almeida,Hygiene recall,kept,43.8,15.9,97.08,Insurance,PT-3147
APT-005370,2025-06-05,09:23,9,"K. Duarte, PT",Exam & imaging,cancelled,8.0,9.4,8.76,Corporate plan,PT-1447
APT-005362,2025-06-05,09:41,9,Dr. Almeida,Physio session,cancelled,42.6,4.3,8.57,Public scheme,PT-1223
APT-005383,2025-06-05,09:44,9,"K. Duarte, PT",Filling,kept,45.4,5.5,234.64,Private,PT-1562
APT-005363,2025-06-05,09:47,9,Dr. Almeida,Physio assessment,kept,50.5,9.2,135.08,Corporate plan,PT-1467
APT-005368,2025-06-05,09:49,9,"M. Ellis, PT",Root canal,kept,84.4,4.0,386.11,Public scheme,PT-1036
APT-005382,2025-06-05,10:01,10,Dr. Chandra,Hygiene recall,kept,54.1,6.3,114.46,Insurance,PT-1454
APT-005353,2025-06-05,10:06,10,"M. Ellis, PT",Physio session,cancelled,24.5,2.9,10.89,Insurance,PT-2570
APT-005347,2025-06-05,10:12,10,"K. Duarte, PT",Physio session,kept,62.6,4.7,83.97,Insurance,PT-2036
APT-005364,2025-06-05,10:20,10,Dr. Almeida,Hygiene recall,no_show,43.0,5.6,0.0,Insurance,PT-1053
APT-005374,2025-06-05,10:20,10,"M. Ellis, PT",Crown fit,kept,66.0,4.6,866.71,Insurance,PT-1975
APT-005390,2025-06-05,10:22,10,Dr. Almeida,Hygiene recall,no_show,42.9,5.9,0.0,Private,PT-1551
APT-005372,2025-06-05,10:33,10,Dr. Chandra,Filling,kept,47.4,7.1,179.11,Insurance,PT-2990
APT-005378,2025-06-05,10:34,10,"M. Ellis, PT",Root canal,kept,91.5,9.5,591.25,Insurance,PT-1249
APT-005358,2025-06-05,10:48,10,Dr. Almeida,Hygiene recall,kept,42.4,14.5,144.06,Private,PT-2119
APT-005356,2025-06-05,10:56,10,Dr. Almeida,Exam & imaging,kept,30.4,22.5,70.39,Corporate plan,PT-1572
APT-005360,2025-06-05,10:59,10,Dr. Almeida,Crown fit,rescheduled,61.1,9.6,0.0,Insurance,PT-1662
APT-005391,2025-06-05,11:10,11,"K. Duarte, PT",Exam & imaging,no_show,17.5,4.0,0.0,Corporate plan,PT-1277
APT-005343,2025-06-05,11:16,11,Dr. Faber,Physio session,kept,34.7,5.4,96.65,Insurance,PT-2497
APT-005357,2025-06-05,11:23,11,Dr. Benitez,Filling,kept,41.5,3.4,157.28,Corporate plan,PT-3055
APT-005384,2025-06-05,11:29,11,"K. Duarte, PT",Exam & imaging,cancelled,25.9,7.7,10.38,Insurance,PT-1124
APT-005349,2025-06-05,11:34,11,Dr. Almeida,Exam & imaging,kept,16.0,8.4,72.53,Corporate plan,PT-2066
APT-005366,2025-06-05,11:49,11,"M. Ellis, PT",Filling,cancelled,50.8,10.2,22.09,Corporate plan,PT-3019
APT-005379,2025-06-05,11:49,11,Dr. Chandra,Physio assessment,kept,55.6,4.1,94.04,Public scheme,PT-2931
APT-005359,2025-06-05,11:58,11,Dr. Chandra,Hygiene recall,kept,61.2,9.5,144.19,Private,PT-2849
APT-005386,2025-06-05,12:29,12,"K. Duarte, PT",Filling,no_show,42.3,4.7,0.0,Private,PT-1753
APT-005373,2025-06-05,12:45,12,Dr. Almeida,Hygiene recall,kept,47.3,7.9,77.61,Public scheme,PT-1927
APT-005389,2025-06-05,12:55,12,Dr. Almeida,Crown fit,rescheduled,60.4,6.7,0.0,Insurance,PT-2305
APT-005388,2025-06-05,13:35,13,"K. Duarte, PT",Filling,cancelled,45.7,8.9,18.44,Corporate plan,PT-2898
APT-005377,2025-06-05,14:01,14,Dr. Benitez,Filling,kept,55.9,14.6,186.08,Insurance,PT-2208
APT-005369,2025-06-05,14:02,14,Dr. Faber,Filling,rescheduled,48.6,10.1,0.0,Public scheme,PT-2039
APT-005361,2025-06-05,14:03,14,Dr. Chandra,Hygiene recall,kept,46.0,18.3,85.06,Public scheme,PT-2763
APT-005375,2025-06-05,14:04,14,Dr. Faber,Exam & imaging,kept,34.2,9.9,82.31,Corporate plan,PT-2196
APT-005385,2025-06-05,14:30,14,Dr. Chandra,Hygiene recall,kept,39.3,11.1,117.19,Insurance,PT-2118
APT-005355,2025-06-05,14:39,14,"M. Ellis, PT",Exam & imaging,no_show,25.7,16.2,0.0,Private,PT-1501
APT-005345,2025-06-05,14:42,14,Dr. Almeida,Physio session,kept,38.5,11.3,82.64,Corporate plan,PT-2410
APT-005354,2025-06-05,15:00,15,"M. Ellis, PT",Exam & imaging,kept,33.4,23.2,92.29,Insurance,PT-1554
APT-005365,2025-06-05,15:05,15,"K. Duarte, PT",Hygiene recall,kept,56.5,15.4,110.63,Corporate plan,PT-1667
APT-005348,2025-06-05,15:07,15,Dr. Faber,Filling,cancelled,44.1,10.2,16.34,Public scheme,PT-1351
APT-005380,2025-06-05,15:07,15,Dr. Almeida,Hygiene recall,no_show,57.9,13.2,0.0,Corporate plan,PT-2934
APT-005381,2025-06-05,15:16,15,"K. Duarte, PT",Hygiene recall,kept,52.0,11.0,131.8,Private,PT-1868
APT-005376,2025-06-05,15:38,15,"K. Duarte, PT",Crown fit,cancelled,63.0,9.7,115.51,Private,PT-2781
APT-005344,2025-06-05,15:41,15,"M. Ellis, PT",Hygiene recall,kept,49.5,19.8,115.25,Insurance,PT-2404
APT-005351,2025-06-05,15:58,15,Dr. Almeida,Root canal,cancelled,76.3,14.3,65.57,Insurance,PT-2072
APT-005371,2025-06-05,16:01,16,"K. Duarte, PT",Filling,kept,44.0,10.2,122.09,Public scheme,PT-1639
APT-005387,2025-06-05,17:31,17,Dr. Benitez,Physio session,kept,45.7,12.7,83.47,Insurance,PT-2012
APT-005350,2025-06-05,17:43,17,Dr. Chandra,Exam & imaging,kept,25.0,13.6,105.47,Private,PT-2370
APT-005412,2025-06-06,08:24,8,Dr. Almeida,Hygiene recall,kept,39.2,10.5,121.36,Insurance,PT-2355
APT-005426,2025-06-06,08:27,8,"K. Duarte, PT",Filling,kept,25.5,9.0,230.08,Private,PT-2060
APT-005425,2025-06-06,08:50,8,Dr. Chandra,Physio assessment,kept,54.9,11.0,142.57,Insurance,PT-2665
APT-005399,2025-06-06,09:19,9,Dr. Almeida,Exam & imaging,kept,16.5,3.5,92.13,Insurance,PT-2184
APT-005396,2025-06-06,09:29,9,Dr. Almeida,Physio session,kept,33.4,10.6,81.98,Private,PT-2810
APT-005397,2025-06-06,09:42,9,"K. Duarte, PT",Exam & imaging,kept,21.1,9.7,100.01,Private,PT-1113
APT-005428,2025-06-06,09:44,9,Dr. Almeida,Filling,kept,52.5,8.1,180.34,Insurance,PT-1567
APT-005393,2025-06-06,09:48,9,"M. Ellis, PT",Crown fit,kept,68.6,8.6,542.32,Public scheme,PT-2052
APT-005408,2025-06-06,09:57,9,Dr. Chandra,Filling,kept,42.8,4.6,126.09,Public scheme,PT-2036
APT-005405,2025-06-06,10:00,10,"M. Ellis, PT",Physio session,kept,40.6,4.4,64.6,Public scheme,PT-2213
APT-005414,2025-06-06,10:07,10,Dr. Almeida,Physio session,kept,34.1,17.0,98.95,Private,PT-2104
APT-005420,2025-06-06,10:09,10,Dr. Faber,Hygiene recall,kept,42.9,5.9,120.19,Insurance,PT-1015
APT-005406,2025-06-06,10:20,10,"M. Ellis, PT",Hygiene recall,kept,44.0,7.3,122.28,Private,PT-2002
APT-005415,2025-06-06,10:47,10,"M. Ellis, PT",Hygiene recall,cancelled,50.4,7.4,16.16,Private,PT-2943
APT-005419,2025-06-06,10:57,10,"M. Ellis, PT",Exam & imaging,no_show,19.9,5.5,0.0,Private,PT-2628
APT-005400,2025-06-06,11:15,11,Dr. Faber,Filling,kept,43.4,5.0,206.08,Private,PT-1308
APT-005392,2025-06-06,11:53,11,Dr. Almeida,Filling,kept,44.8,8.8,137.42,Public scheme,PT-2359
APT-005407,2025-06-06,11:57,11,Dr. Almeida,Hygiene recall,kept,55.4,8.6,122.09,Insurance,PT-2816
APT-005417,2025-06-06,11:57,11,Dr. Almeida,Filling,no_show,49.9,11.2,0.0,Insurance,PT-1644
APT-005423,2025-06-06,12:28,12,Dr. Almeida,Filling,cancelled,58.1,13.5,17.09,Corporate plan,PT-1584
APT-005401,2025-06-06,13:02,13,"M. Ellis, PT",Physio session,kept,45.1,17.8,52.7,Public scheme,PT-2193
APT-005394,2025-06-06,13:31,13,"K. Duarte, PT",Hygiene recall,kept,37.2,11.2,103.48,Insurance,PT-2874
APT-005395,2025-06-06,13:55,13,Dr. Almeida,Filling,kept,37.3,14.0,171.17,Insurance,PT-1276
APT-005424,2025-06-06,14:24,14,"K. Duarte, PT",Physio session,kept,41.0,14.6,92.23,Insurance,PT-2064
APT-005402,2025-06-06,14:34,14,Dr. Chandra,Exam & imaging,no_show,28.9,11.1,0.0,Public scheme,PT-2026
APT-005404,2025-06-06,14:45,14,Dr. Benitez,Exam & imaging,no_show,30.2,14.6,0.0,Private,PT-1127
APT-005427,2025-06-06,15:31,15,Dr. Benitez,Hygiene recall,kept,49.5,10.0,115.19,Insurance,PT-1247
APT-005418,2025-06-06,15:48,15,Dr. Benitez,Hygiene recall,kept,41.4,9.3,121.66,Insurance,PT-3005
APT-005413,2025-06-06,16:12,16,Dr. Chandra,Root canal,no_show,80.4,16.3,0.0,Private,PT-2826
APT-005411,2025-06-06,16:24,16,Dr. Chandra,Exam & imaging,kept,20.3,12.2,62.51,Public scheme,PT-1821
APT-005410,2025-06-06,16:37,16,Dr. Benitez,Hygiene recall,kept,36.8,9.7,121.03,Insurance,PT-2988
APT-005421,2025-06-06,16:38,16,Dr. Faber,Exam & imaging,kept,20.4,12.3,54.34,Public scheme,PT-1940
APT-005430,2025-06-06,16:56,16,Dr. Chandra,Hygiene recall,kept,37.1,14.8,116.1,Insurance,PT-2039
APT-005422,2025-06-06,16:59,16,"K. Duarte, PT",Crown fit,kept,55.3,11.6,998.23,Private,PT-2859
APT-005409,2025-06-06,17:17,17,"M. Ellis, PT",Exam & imaging,kept,25.6,12.9,101.3,Private,PT-2344
APT-005398,2025-06-06,17:18,17,"M. Ellis, PT",Filling,kept,34.1,13.0,203.06,Private,PT-1880
APT-005403,2025-06-06,17:45,17,Dr. Almeida,Exam & imaging,cancelled,26.3,14.8,10.3,Insurance,PT-1500
APT-005416,2025-06-06,17:45,17,Dr. Chandra,Hygiene recall,kept,36.6,11.5,144.77,Private,PT-1988
APT-005429,2025-06-06,17:52,17,"K. Duarte, PT",Crown fit,no_show,61.4,13.3,0.0,Private,PT-1379
APT-005461,2025-06-07,08:21,8,"M. Ellis, PT",Physio assessment,kept,53.8,5.9,111.92,Corporate plan,PT-2099
APT-005448,2025-06-07,09:01,9,"K. Duarte, PT",Physio session,no_show,21.4,7.1,0.0,Private,PT-2087
APT-005436,2025-06-07,09:07,9,"K. Duarte, PT",Hygiene recall,kept,51.5,10.8,126.59,Private,PT-3107
APT-005445,2025-06-07,09:49,9,"K. Duarte, PT",Hygiene recall,kept,47.5,6.2,105.85,Insurance,PT-2008
APT-005435,2025-06-07,10:02,10,"M. Ellis, PT",Hygiene recall,kept,42.7,6.9,103.0,Insurance,PT-1385
APT-005434,2025-06-07,10:04,10,"M. Ellis, PT",Physio session,cancelled,29.8,7.1,11.42,Private,PT-2508
APT-005458,2025-06-07,10:13,10,"K. Duarte, PT",Follow-up consult,kept,21.3,5.6,55.98,Corporate plan,PT-1776
APT-005456,2025-06-07,10:30,10,"K. Duarte, PT",Hygiene recall,rescheduled,43.6,8.2,0.0,Private,PT-3062
APT-005459,2025-06-07,10:46,10,"M. Ellis, PT",Hygiene recall,no_show,29.5,8.9,0.0,Insurance,PT-1236
APT-005453,2025-06-07,10:54,10,"K. Duarte, PT",Hygiene recall,rescheduled,45.5,14.9,0.0,Corporate plan,PT-2479
APT-005454,2025-06-07,11:11,11,"K. Duarte, PT",Crown fit,no_show,48.6,7.1,0.0,Private,PT-2994
APT-005460,2025-06-07,11:16,11,"M. Ellis, PT",Hygiene recall,kept,43.2,4.2,108.21,Corporate plan,PT-1834
APT-005431,2025-06-07,11:28,11,"K. Duarte, PT",Physio session,kept,53.2,3.4,86.23,Insurance,PT-1505
APT-005452,2025-06-07,11:35,11,"K. Duarte, PT",Filling,kept,44.2,4.4,187.12,Private,PT-1093
APT-005462,2025-06-07,11:46,11,"M. Ellis, PT",Physio session,kept,39.5,18.0,59.29,Public scheme,PT-2997
APT-005440,2025-06-07,11:58,11,"K. Duarte, PT",Hygiene recall,no_show,50.0,9.2,0.0,Insurance,PT-2042
APT-005457,2025-06-07,12:39,12,"M. Ellis, PT",Exam & imaging,kept,26.7,16.0,97.48,Private,PT-1529
APT-005439,2025-06-07,14:10,14,"M. Ellis, PT",Hygiene recall,kept,36.4,21.0,124.11,Insurance,PT-2672
APT-005437,2025-06-07,14:12,14,"K. Duarte, PT",Exam & imaging,kept,16.8,14.3,58.75,Public scheme,PT-2865
APT-005451,2025-06-07,14:21,14,"K. Duarte, PT",Hygiene recall,kept,41.6,9.1,105.84,Corporate plan,PT-1802
APT-005455,2025-06-07,14:30,14,"K. Duarte, PT",Root canal,kept,77.9,14.2,583.55,Insurance,PT-2309
APT-005444,2025-06-07,14:32,14,"K. Duarte, PT",Follow-up consult,cancelled,23.3,18.1,7.5,Insurance,PT-1652
APT-005443,2025-06-07,15:12,15,"K. Duarte, PT",Exam & imaging,no_show,20.9,11.3,0.0,Private,PT-2762
APT-005447,2025-06-07,15:31,15,"K. Duarte, PT",Exam & imaging,no_show,36.1,12.1,0.0,Insurance,PT-1789
APT-005441,2025-06-07,15:47,15,"M. Ellis, PT",Hygiene recall,kept,44.2,11.6,104.73,Insurance,PT-2211
APT-005450,2025-06-07,15:57,15,"M. Ellis, PT",Hygiene recall,no_show,52.7,12.3,0.0,Private,PT-2253
APT-005433,2025-06-07,16:04,16,"M. Ellis, PT",Follow-up consult,cancelled,24.9,13.6,6.35,Corporate plan,PT-2293
APT-005446,2025-06-07,16:06,16,"M. Ellis, PT",Hygiene recall,kept,37.6,15.2,137.59,Private,PT-2654
APT-005438,2025-06-07,16:23,16,"M. Ellis, PT",Physio assessment,kept,49.1,10.2,130.92,Insurance,PT-1167
APT-005449,2025-06-07,16:24,16,"M. Ellis, PT",Hygiene recall,kept,47.8,13.8,130.82,Private,PT-2121
APT-005442,2025-06-07,16:41,16,"K. Duarte, PT",Exam & imaging,no_show,29.8,16.7,0.0,Public scheme,PT-2478
APT-005432,2025-06-07,17:47,17,"M. Ellis, PT",Hygiene recall,kept,33.6,11.8,142.21,Private,PT-2703
APT-005501,2025-06-09,09:10,9,Dr. Benitez,Root canal,cancelled,76.2,6.0,51.82,Corporate plan,PT-1509
APT-005468,2025-06-09,10:00,10,"K. Duarte, PT",Physio assessment,kept,60.8,3.6,143.64,Private,PT-1859
APT-005491,2025-06-09,10:06,10,Dr. Almeida,Hygiene recall,kept,43.2,6.0,111.93,Corporate plan,PT-1105
APT-005475,2025-06-09,10:08,10,Dr. Almeida,Hygiene recall,no_show,42.9,8.7,0.0,Corporate plan,PT-1441
APT-005489,2025-06-09,10:18,10,Dr. Chandra,Physio assessment,kept,54.0,9.0,130.38,Insurance,PT-1765
APT-005477,2025-06-09,10:22,10,Dr. Almeida,Physio session,kept,39.8,8.7,106.81,Private,PT-2616
APT-005466,2025-06-09,10:29,10,Dr. Chandra,Physio session,no_show,39.9,3.3,0.0,Corporate plan,PT-2860
APT-005502,2025-06-09,10:34,10,"K. Duarte, PT",Filling,rescheduled,49.3,10.3,0.0,Corporate plan,PT-3050
APT-005463,2025-06-09,10:45,10,Dr. Chandra,Hygiene recall,kept,53.2,6.1,144.47,Private,PT-1456
APT-005495,2025-06-09,10:49,10,Dr. Chandra,Filling,kept,54.6,7.5,204.27,Private,PT-2459
APT-005486,2025-06-09,11:20,11,Dr. Almeida,Hygiene recall,kept,57.4,9.8,100.72,Corporate plan,PT-2170
APT-005494,2025-06-09,11:21,11,Dr. Benitez,Root canal,no_show,94.8,10.6,0.0,Public scheme,PT-2940
APT-005484,2025-06-09,11:26,11,"K. Duarte, PT",Filling,kept,46.2,8.2,158.73,Insurance,PT-1551
APT-005483,2025-06-09,11:39,11,Dr. Almeida,Filling,no_show,48.3,4.4,0.0,Insurance,PT-2900
APT-005487,2025-06-09,11:41,11,Dr. Almeida,Filling,kept,60.1,7.6,213.51,Insurance,PT-1230
APT-005464,2025-06-09,11:59,11,Dr. Chandra,Filling,kept,28.5,16.3,143.27,Public scheme,PT-2728
APT-005500,2025-06-09,11:59,11,Dr. Chandra,Root canal,no_show,74.1,7.4,0.0,Insurance,PT-1485
APT-005478,2025-06-09,12:11,12,Dr. Benitez,Physio session,cancelled,46.4,6.2,11.32,Insurance,PT-1901
APT-005499,2025-06-09,12:28,12,Dr. Benitez,Filling,kept,58.0,12.7,217.73,Private,PT-2429
APT-005469,2025-06-09,12:37,12,"K. Duarte, PT",Hygiene recall,kept,48.8,4.5,108.46,Corporate plan,PT-2270
APT-005480,2025-06-09,12:42,12,Dr. Almeida,Physio session,kept,35.5,4.0,98.8,Insurance,PT-2149
APT-005485,2025-06-09,12:59,12,Dr. Almeida,Exam & imaging,kept,35.7,11.9,80.01,Insurance,PT-2458
APT-005488,2025-06-09,13:45,13,Dr. Chandra,Follow-up consult,kept,27.3,11.3,76.29,Private,PT-2657
APT-005482,2025-06-09,14:09,14,Dr. Benitez,Physio session,kept,38.8,15.4,63.02,Public scheme,PT-2395
APT-005504,2025-06-09,14:27,14,"K. Duarte, PT",Physio assessment,kept,49.3,14.6,142.75,Private,PT-1009
APT-005467,2025-06-09,14:30,14,Dr. Chandra,Hygiene recall,kept,45.5,14.4,128.86,Private,PT-2930
APT-005496,2025-06-09,14:54,14,Dr. Almeida,Filling,kept,51.7,17.8,180.43,Insurance,PT-2500
APT-005481,2025-06-09,14:58,14,"K. Duarte, PT",Physio session,rescheduled,34.6,14.3,0.0,Corporate plan,PT-1236
APT-005470,2025-06-09,15:24,15,"K. Duarte, PT",Physio session,no_show,40.7,13.1,0.0,Insurance,PT-1763
APT-005471,2025-06-09,15:27,15,"K. Duarte, PT",Follow-up consult,kept,17.1,13.3,55.52,Corporate plan,PT-2097
APT-005472,2025-06-09,15:27,15,Dr. Chandra,Hygiene recall,kept,46.4,16.9,118.31,Insurance,PT-2783
APT-005474,2025-06-09,15:33,15,"K. Duarte, PT",Filling,kept,49.1,9.1,174.06,Corporate plan,PT-2985
APT-005503,2025-06-09,15:52,15,"K. Duarte, PT",Hygiene recall,kept,38.3,12.5,136.04,Insurance,PT-2620
APT-005493,2025-06-09,15:56,15,Dr. Almeida,Hygiene recall,no_show,29.1,12.2,0.0,Private,PT-2961
APT-005497,2025-06-09,16:05,16,Dr. Almeida,Hygiene recall,kept,38.6,16.9,124.14,Insurance,PT-2749
APT-005505,2025-06-09,16:19,16,Dr. Almeida,Physio assessment,kept,44.2,23.5,156.53,Private,PT-2195
APT-005479,2025-06-09,16:43,16,Dr. Almeida,Hygiene recall,no_show,44.6,13.1,0.0,Corporate plan,PT-1759
APT-005492,2025-06-09,17:07,17,Dr. Almeida,Physio session,kept,33.6,11.6,85.12,Insurance,PT-2478
APT-005473,2025-06-09,17:15,17,Dr. Almeida,Physio session,cancelled,37.3,13.8,11.9,Insurance,PT-2054
APT-005490,2025-06-09,17:20,17,Dr. Benitez,Filling,kept,40.9,14.7,178.62,Insurance,PT-2808
APT-005476,2025-06-09,17:29,17,"K. Duarte, PT",Exam & imaging,cancelled,21.4,8.5,7.72,Public scheme,PT-1011
APT-005465,2025-06-09,17:30,17,"K. Duarte, PT",Filling,no_show,37.5,8.8,0.0,Private,PT-1140
APT-005498,2025-06-09,17:49,17,Dr. Chandra,Filling,kept,37.9,11.7,152.93,Insurance,PT-2436
APT-005549,2025-06-10,09:03,9,Dr. Chandra,Physio assessment,kept,53.0,7.6,130.09,Corporate plan,PT-2507
APT-005509,2025-06-10,09:07,9,"K. Duarte, PT",Physio session,rescheduled,47.8,9.5,0.0,Insurance,PT-2683
APT-005506,2025-06-10,09:11,9,"M. Ellis, PT",Hygiene recall,cancelled,48.0,9.7,13.16,Insurance,PT-2579
APT-005552,2025-06-10,09:13,9,Dr. Benitez,Hygiene recall,kept,40.9,6.2,138.51,Private,PT-1851
APT-005540,2025-06-10,09:19,9,Dr. Chandra,Filling,rescheduled,37.4,13.2,0.0,Private,PT-1149
APT-005535,2025-06-10,09:22,9,"K. Duarte, PT",Filling,kept,41.5,5.5,209.33,Private,PT-1509
APT-005543,2025-06-10,09:38,9,Dr. Almeida,Physio session,kept,34.0,5.2,110.28,Private,PT-1921
APT-005514,2025-06-10,09:51,9,"M. Ellis, PT",Physio session,no_show,42.1,5.7,0.0,Corporate plan,PT-2297
APT-005532,2025-06-10,10:05,10,Dr. Benitez,Physio session,no_show,42.0,4.1,0.0,Insurance,PT-1675
APT-005516,2025-06-10,10:10,10,Dr. Benitez,Crown fit,no_show,65.5,4.7,0.0,Insurance,PT-2025
APT-005526,2025-06-10,10:11,10,Dr. Benitez,Physio session,rescheduled,32.9,4.2,0.0,Private,PT-1186
APT-005542,2025-06-10,10:11,10,"M. Ellis, PT",Physio assessment,kept,58.3,4.5,119.62,Insurance,PT-2716
APT-005548,2025-06-10,10:19,10,"K. Duarte, PT",Exam & imaging,kept,24.5,11.3,77.0,Insurance,PT-1248
APT-005515,2025-06-10,10:57,10,Dr. Benitez,Hygiene recall,kept,52.9,3.5,106.08,Corporate plan,PT-2575
APT-005541,2025-06-10,11:21,11,Dr. Chandra,Crown fit,kept,51.7,6.8,883.82,Insurance,PT-1372
APT-005513,2025-06-10,11:41,11,Dr. Almeida,Hygiene recall,kept,51.2,5.5,145.15,Private,PT-1455
APT-005539,2025-06-10,11:41,11,"M. Ellis, PT",Physio session,kept,43.1,7.2,92.46,Insurance,PT-2359
APT-005517,2025-06-10,11:44,11,Dr. Almeida,Hygiene recall,kept,31.6,3.6,95.6,Insurance,PT-1293
APT-005510,2025-06-10,11:54,11,Dr. Chandra,Physio session,kept,42.7,5.0,89.59,Insurance,PT-2038
APT-005554,2025-06-10,12:00,12,Dr. Almeida,Physio session,kept,30.5,16.2,80.74,Corporate plan,PT-1181
APT-005558,2025-06-10,12:06,12,"K. Duarte, PT",Physio session,kept,41.7,5.0,84.23,Insurance,PT-1474
APT-005507,2025-06-10,12:20,12,Dr. Almeida,Filling,kept,57.3,8.9,238.76,Private,PT-1036
APT-005508,2025-06-10,12:21,12,Dr. Benitez,Hygiene recall,cancelled,48.1,5.6,13.69,Corporate plan,PT-3011
APT-005520,2025-06-10,12:22,12,Dr. Benitez,Root canal,kept,85.0,8.5,605.39,Private,PT-2681
APT-005551,2025-06-10,12:41,12,Dr. Chandra,Filling,kept,46.7,4.1,123.4,Public scheme,PT-2536
APT-005547,2025-06-10,12:42,12,"K. Duarte, PT",Hygiene recall,rescheduled,33.7,11.0,0.0,Corporate plan,PT-3139
APT-005534,2025-06-10,13:39,13,"K. Duarte, PT",Physio assessment,kept,48.1,11.6,169.58,Private,PT-1985
APT-005538,2025-06-10,13:54,13,"K. Duarte, PT",Filling,kept,47.7,12.4,159.32,Insurance,PT-1934
APT-005511,2025-06-10,14:06,14,Dr. Chandra,Physio assessment,kept,47.5,13.0,126.15,Insurance,PT-2125
APT-005529,2025-06-10,14:13,14,Dr. Almeida,Exam & imaging,kept,30.9,9.0,87.8,Insurance,PT-1537
APT-005545,2025-06-10,14:25,14,"M. Ellis, PT",Physio session,kept,39.0,11.5,109.5,Private,PT-3156
APT-005546,2025-06-10,14:29,14,Dr. Chandra,Hygiene recall,kept,47.0,13.7,97.27,Corporate plan,PT-1776
APT-005527,2025-06-10,15:01,15,Dr. Almeida,Filling,kept,48.9,9.7,145.18,Public scheme,PT-2868
APT-005553,2025-06-10,15:07,15,Dr. Chandra,Hygiene recall,kept,44.3,23.7,98.8,Insurance,PT-2352
APT-005555,2025-06-10,15:11,15,Dr. Chandra,Physio assessment,kept,62.3,17.1,158.2,Private,PT-1735
APT-005557,2025-06-10,15:13,15,"K. Duarte, PT",Root canal,no_show,74.5,14.5,0.0,Corporate plan,PT-1090
APT-005522,2025-06-10,15:17,15,Dr. Chandra,Physio assessment,kept,67.6,24.4,146.09,Private,PT-2020
APT-005544,2025-06-10,15:20,15,"M. Ellis, PT",Exam & imaging,kept,35.6,10.0,91.93,Private,PT-1806
APT-005519,2025-06-10,15:24,15,Dr. Benitez,Root canal,kept,80.3,11.2,598.74,Private,PT-1799
APT-005533,2025-06-10,15:29,15,"M. Ellis, PT",Hygiene recall,kept,34.7,9.2,143.12,Private,PT-2979
APT-005530,2025-06-10,15:38,15,Dr. Benitez,Hygiene recall,kept,51.9,15.0,85.81,Insurance,PT-1543
APT-005536,2025-06-10,15:42,15,"K. Duarte, PT",Hygiene recall,kept,41.3,21.2,116.45,Private,PT-1277
APT-005556,2025-06-10,15:54,15,"M. Ellis, PT",Exam & imaging,kept,33.4,10.7,81.8,Insurance,PT-3035
APT-005531,2025-06-10,15:58,15,Dr. Almeida,Exam & imaging,no_show,22.6,13.9,0.0,Private,PT-1728
APT-005523,2025-06-10,16:02,16,Dr. Benitez,Physio session,kept,48.6,12.4,91.45,Insurance,PT-2636
APT-005528,2025-06-10,16:18,16,Dr. Benitez,Hygiene recall,rescheduled,52.2,15.2,0.0,Private,PT-2535
APT-005518,2025-06-10,16:27,16,Dr. Benitez,Hygiene recall,no_show,48.4,19.5,0.0,Public scheme,PT-3026
APT-005537,2025-06-10,16:50,16,"K. Duarte, PT",Exam & imaging,kept,32.6,12.3,71.69,Corporate plan,PT-2624
APT-005512,2025-06-10,16:52,16,"K. Duarte, PT",Exam & imaging,kept,26.1,11.3,79.67,Insurance,PT-2563
APT-005550,2025-06-10,16:58,16,Dr. Almeida,Filling,no_show,47.0,13.0,0.0,Insurance,PT-2454
APT-005521,2025-06-10,17:32,17,"K. Duarte, PT",Physio session,no_show,34.4,12.9,0.0,Private,PT-1314
APT-005524,2025-06-10,17:36,17,Dr. Benitez,Root canal,kept,86.6,26.6,532.22,Private,PT-2922
APT-005525,2025-06-10,17:49,17,Dr. Almeida,Hygiene recall,kept,38.7,9.6,120.74,Corporate plan,PT-2218
APT-005614,2025-06-11,08:02,8,Dr. Almeida,Crown fit,kept,70.6,4.4,554.77,Public scheme,PT-1977
APT-005593,2025-06-11,09:04,9,"M. Ellis, PT",Hygiene recall,rescheduled,47.0,4.2,0.0,Insurance,PT-2317
APT-005587,2025-06-11,09:05,9,Dr. Benitez,Hygiene recall,kept,43.5,5.8,85.18,Public scheme,PT-3167
APT-005616,2025-06-11,09:07,9,Dr. Faber,Hygiene recall,kept,44.5,4.1,115.1,Insurance,PT-1610
APT-005566,2025-06-11,09:22,9,Dr. Almeida,Crown fit,kept,68.7,16.4,720.02,Insurance,PT-3165
APT-005607,2025-06-11,09:36,9,Dr. Almeida,Hygiene recall,kept,31.1,6.2,119.11,Insurance,PT-1819
APT-005561,2025-06-11,09:59,9,"K. Duarte, PT",Root canal,kept,83.0,9.3,565.57,Insurance,PT-1854
APT-005573,2025-06-11,10:00,10,Dr. Benitez,Hygiene recall,cancelled,34.2,9.5,15.56,Insurance,PT-2014
APT-005598,2025-06-11,10:08,10,"M. Ellis, PT",Filling,kept,38.6,9.0,180.94,Insurance,PT-2149
APT-005588,2025-06-11,10:21,10,Dr. Almeida,Filling,kept,54.2,9.8,193.05,Insurance,PT-2622
APT-005590,2025-06-11,10:23,10,"K. Duarte, PT",Physio session,kept,33.1,7.0,95.8,Insurance,PT-1346
APT-005604,2025-06-11,10:33,10,Dr. Almeida,Physio assessment,kept,53.2,4.5,150.1,Private,PT-2376
APT-005603,2025-06-11,10:34,10,"K. Duarte, PT",Exam & imaging,kept,9.2,5.1,87.84,Private,PT-2652
APT-005606,2025-06-11,10:34,10,"M. Ellis, PT",Physio session,kept,40.4,14.4,84.12,Corporate plan,PT-1664
APT-005591,2025-06-11,10:41,10,Dr. Benitez,Exam & imaging,kept,12.4,17.3,56.32,Public scheme,PT-1641
APT-005569,2025-06-11,10:54,10,"M. Ellis, PT",Hygiene recall,cancelled,50.4,5.8,13.97,Insurance,PT-1225
APT-005571,2025-06-11,11:10,11,Dr. Benitez,Crown fit,kept,69.5,10.4,738.68,Corporate plan,PT-2291
APT-005565,2025-06-11,11:14,11,Dr. Benitez,Physio assessment,cancelled,47.8,9.0,15.34,Insurance,PT-1531
APT-005611,2025-06-11,11:16,11,Dr. Benitez,Hygiene recall,kept,45.9,7.5,130.05,Private,PT-1614
APT-005562,2025-06-11,11:22,11,Dr. Faber,Hygiene recall,no_show,37.5,3.3,0.0,Insurance,PT-1678
APT-005595,2025-06-11,11:35,11,Dr. Almeida,Physio session,cancelled,34.7,10.8,11.31,Private,PT-1012
APT-005580,2025-06-11,11:45,11,Dr. Almeida,Root canal,no_show,92.2,11.6,0.0,Insurance,PT-1226
APT-005564,2025-06-11,11:55,11,Dr. Benitez,Crown fit,kept,60.0,3.2,825.79,Private,PT-1674
APT-005563,2025-06-11,12:24,12,Dr. Faber,Exam & imaging,kept,25.3,14.6,87.27,Corporate plan,PT-2771
APT-005585,2025-06-11,12:31,12,Dr. Benitez,Exam & imaging,no_show,31.6,11.7,0.0,Public scheme,PT-2983
APT-005597,2025-06-11,12:58,12,Dr. Benitez,Exam & imaging,no_show,26.1,6.7,0.0,Private,PT-2370
APT-005583,2025-06-11,13:06,13,"K. Duarte, PT",Hygiene recall,kept,41.7,12.6,95.87,Insurance,PT-1748
APT-005612,2025-06-11,13:14,13,"K. Duarte, PT",Filling,kept,39.1,13.4,192.31,Insurance,PT-3083
APT-005599,2025-06-11,13:15,13,"M. Ellis, PT",Crown fit,kept,67.4,10.3,937.92,Private,PT-1005
APT-005617,2025-06-11,13:53,13,"M. Ellis, PT",Physio session,cancelled,43.0,9.3,9.85,Insurance,PT-2019
APT-005605,2025-06-11,13:57,13,Dr. Benitez,Physio assessment,kept,60.5,10.2,140.35,Private,PT-1468
APT-005586,2025-06-11,14:12,14,Dr. Benitez,Hygiene recall,kept,29.3,10.0,104.2,Corporate plan,PT-2906
APT-005589,2025-06-11,14:13,14,Dr. Benitez,Physio session,kept,48.3,8.2,85.43,Insurance,PT-3065
APT-005560,2025-06-11,14:42,14,Dr. Benitez,Follow-up consult,kept,21.8,10.5,54.87,Insurance,PT-2487
APT-005608,2025-06-11,14:46,14,Dr. Almeida,Filling,no_show,51.6,9.7,0.0,Private,PT-2630
APT-005582,2025-06-11,14:48,14,Dr. Benitez,Follow-up consult,kept,23.6,10.8,51.08,Public scheme,PT-1093
APT-005615,2025-06-11,14:58,14,Dr. Almeida,Exam & imaging,kept,20.9,9.6,65.82,Public scheme,PT-1731
APT-005572,2025-06-11,15:06,15,Dr. Benitez,Physio assessment,kept,63.9,15.5,135.27,Insurance,PT-1443
APT-005568,2025-06-11,15:12,15,"M. Ellis, PT",Exam & imaging,kept,38.1,12.8,80.71,Insurance,PT-2610
APT-005581,2025-06-11,15:12,15,Dr. Almeida,Hygiene recall,kept,50.3,12.3,115.11,Corporate plan,PT-1331
APT-005609,2025-06-11,15:14,15,Dr. Almeida,Filling,no_show,46.3,11.6,0.0,Insurance,PT-2404
APT-005600,2025-06-11,15:17,15,Dr. Benitez,Physio session,no_show,53.6,18.7,0.0,Private,PT-1498
APT-005601,2025-06-11,15:18,15,"M. Ellis, PT",Exam & imaging,kept,17.1,11.5,81.17,Corporate plan,PT-1449
APT-005575,2025-06-11,15:23,15,Dr. Benitez,Physio session,kept,44.5,9.1,81.7,Insurance,PT-2231
APT-005576,2025-06-11,15:34,15,Dr. Faber,Physio assessment,kept,59.3,10.3,121.43,Insurance,PT-1160
APT-005578,2025-06-11,15:36,15,Dr. Almeida,Hygiene recall,no_show,45.2,15.7,0.0,Private,PT-2071
APT-005559,2025-06-11,15:46,15,Dr. Almeida,Root canal,kept,86.2,10.5,375.44,Public scheme,PT-1347
APT-005613,2025-06-11,15:59,15,Dr. Benitez,Hygiene recall,no_show,50.0,10.2,0.0,Corporate plan,PT-2022
APT-005592,2025-06-11,16:00,16,"K. Duarte, PT",Exam & imaging,kept,22.7,10.5,103.14,Private,PT-2474
APT-005567,2025-06-11,16:11,16,"K. Duarte, PT",Physio session,kept,42.8,13.1,85.75,Insurance,PT-1331
APT-005579,2025-06-11,16:11,16,Dr. Benitez,Filling,kept,43.0,11.2,153.03,Insurance,PT-1048
APT-005584,2025-06-11,16:24,16,"K. Duarte, PT",Root canal,no_show,89.2,8.6,0.0,Public scheme,PT-2450
APT-005610,2025-06-11,16:28,16,"K. Duarte, PT",Hygiene recall,kept,48.5,8.6,137.31,Private,PT-2885
APT-005577,2025-06-11,16:51,16,Dr. Benitez,Exam & imaging,no_show,22.1,11.0,0.0,Insurance,PT-1251
APT-005596,2025-06-11,16:57,16,Dr. Benitez,Hygiene recall,kept,46.0,7.9,115.41,Insurance,PT-2287
APT-005574,2025-06-11,17:07,17,"K. Duarte, PT",Hygiene recall,kept,45.1,13.2,109.74,Insurance,PT-2092
APT-005570,2025-06-11,17:15,17,"M. Ellis, PT",Filling,kept,41.3,14.9,186.33,Private,PT-2961
APT-005594,2025-06-11,17:32,17,Dr. Almeida,Hygiene recall,rescheduled,33.1,9.6,0.0,Insurance,PT-2353
APT-005602,2025-06-11,17:35,17,Dr. Benitez,Exam & imaging,rescheduled,21.6,13.9,0.0,Insurance,PT-2471
APT-005653,2025-06-12,08:53,8,"M. Ellis, PT",Filling,kept,58.9,8.6,215.24,Private,PT-1637
APT-005632,2025-06-12,09:05,9,"K. Duarte, PT",Physio assessment,kept,44.7,11.0,159.41,Private,PT-1923
APT-005644,2025-06-12,09:24,9,Dr. Benitez,Exam & imaging,kept,24.2,7.0,88.57,Insurance,PT-2171
APT-005638,2025-06-12,09:25,9,"K. Duarte, PT",Hygiene recall,cancelled,57.8,9.0,9.33,Public scheme,PT-1889
APT-005639,2025-06-12,09:37,9,Dr. Almeida,Crown fit,kept,67.0,7.1,748.15,Insurance,PT-1878
APT-005650,2025-06-12,09:37,9,"K. Duarte, PT",Physio assessment,kept,43.2,9.3,137.69,Insurance,PT-2323
APT-005633,2025-06-12,09:49,9,Dr. Almeida,Physio assessment,cancelled,51.4,10.5,20.74,Private,PT-1278
APT-005618,2025-06-12,10:16,10,Dr. Almeida,Physio assessment,kept,49.6,12.5,137.4,Insurance,PT-2771
APT-005656,2025-06-12,10:17,10,Dr. Chandra,Filling,kept,40.2,9.5,220.82,Private,PT-3068
APT-005643,2025-06-12,10:26,10,Dr. Almeida,Hygiene recall,kept,57.6,8.7,121.11,Insurance,PT-1518
APT-005651,2025-06-12,11:26,11,Dr. Benitez,Physio session,no_show,46.7,8.0,0.0,Corporate plan,PT-2106
APT-005640,2025-06-12,11:38,11,Dr. Almeida,Physio session,kept,46.0,5.8,91.6,Insurance,PT-2947
APT-005625,2025-06-12,11:42,11,Dr. Benitez,Filling,no_show,45.0,15.7,0.0,Insurance,PT-2496
APT-005628,2025-06-12,11:51,11,"K. Duarte, PT",Hygiene recall,kept,53.5,4.6,114.55,Insurance,PT-2187
APT-005642,2025-06-12,11:54,11,Dr. Almeida,Exam & imaging,kept,28.7,5.2,101.3,Private,PT-2149
APT-005646,2025-06-12,12:06,12,"K. Duarte, PT",Hygiene recall,kept,27.3,7.1,132.23,Private,PT-3155
APT-005622,2025-06-12,12:39,12,Dr. Benitez,Filling,kept,36.5,7.5,173.08,Corporate plan,PT-2870
APT-005630,2025-06-12,12:39,12,Dr. Benitez,Filling,no_show,55.5,3.1,0.0,Private,PT-2629
APT-005619,2025-06-12,12:59,12,Dr. Benitez,Filling,cancelled,47.7,12.8,22.42,Insurance,PT-2423
APT-005634,2025-06-12,13:03,13,"M. Ellis, PT",Follow-up consult,kept,14.0,12.3,66.33,Private,PT-1918
APT-005635,2025-06-12,13:04,13,Dr. Almeida,Root canal,no_show,82.2,14.4,0.0,Insurance,PT-1220
APT-005620,2025-06-12,13:13,13,"M. Ellis, PT",Root canal,kept,81.6,10.1,439.21,Public scheme,PT-1189
APT-005649,2025-06-12,14:01,14,Dr. Benitez,Hygiene recall,kept,57.6,10.9,112.48,Insurance,PT-2476
APT-005647,2025-06-12,14:29,14,Dr. Benitez,Physio session,kept,45.3,18.2,85.82,Corporate plan,PT-1613
APT-005631,2025-06-12,14:54,14,Dr. Almeida,Hygiene recall,kept,49.2,10.8,135.8,Private,PT-2443
APT-005626,2025-06-12,15:09,15,"M. Ellis, PT",Hygiene recall,rescheduled,51.0,9.1,0.0,Private,PT-2441
APT-005645,2025-06-12,15:15,15,Dr. Almeida,Hygiene recall,kept,45.2,9.9,122.69,Insurance,PT-1764
APT-005641,2025-06-12,15:24,15,"M. Ellis, PT",Physio assessment,cancelled,35.8,9.5,17.15,Private,PT-2432
APT-005621,2025-06-12,15:34,15,"M. Ellis, PT",Hygiene recall,no_show,41.1,9.9,0.0,Corporate plan,PT-2835
APT-005627,2025-06-12,15:42,15,Dr. Benitez,Physio assessment,kept,65.0,10.2,90.07,Public scheme,PT-1944
APT-005652,2025-06-12,15:56,15,Dr. Almeida,Filling,kept,42.1,9.7,203.43,Insurance,PT-2771
APT-005648,2025-06-12,16:01,16,Dr. Chandra,Hygiene recall,no_show,66.1,9.7,0.0,Corporate plan,PT-2237
APT-005623,2025-06-12,16:11,16,Dr. Almeida,Hygiene recall,kept,55.7,10.7,122.27,Private,PT-3130
APT-005637,2025-06-12,16:16,16,Dr. Benitez,Hygiene recall,kept,35.2,16.6,115.29,Insurance,PT-1779
APT-005655,2025-06-12,16:18,16,Dr. Benitez,Physio session,kept,40.4,10.0,96.31,Insurance,PT-1496
APT-005636,2025-06-12,16:22,16,Dr. Chandra,Filling,kept,43.2,8.9,219.62,Private,PT-1563
APT-005624,2025-06-12,16:41,16,Dr. Benitez,Physio session,kept,29.8,16.2,88.5,Insurance,PT-1641
APT-005654,2025-06-12,16:46,16,Dr. Chandra,Filling,kept,55.6,21.3,134.23,Public scheme,PT-1674
APT-005629,2025-06-12,17:40,17,"K. Duarte, PT",Filling,no_show,35.7,8.5,0.0,Public scheme,PT-1866
APT-005661,2025-06-13,08:02,8,Dr. Benitez,Filling,kept,43.0,10.8,157.23,Insurance,PT-1688
APT-005675,2025-06-13,08:34,8,"K. Duarte, PT",Hygiene recall,cancelled,43.4,10.2,15.84,Private,PT-2498
APT-005693,2025-06-13,09:01,9,Dr. Benitez,Hygiene recall,kept,55.6,7.8,133.52,Private,PT-2313
APT-005679,2025-06-13,09:07,9,"M. Ellis, PT",Hygiene recall,kept,40.2,7.0,154.07,Private,PT-2307
APT-005677,2025-06-13,09:12,9,Dr. Faber,Filling,cancelled,40.2,8.1,26.11,Private,PT-2421
APT-005692,2025-06-13,09:57,9,Dr. Benitez,Physio assessment,kept,47.0,15.7,122.21,Insurance,PT-3154
APT-005685,2025-06-13,10:21,10,"K. Duarte, PT",Hygiene recall,cancelled,45.0,4.8,16.78,Private,PT-3050
APT-005696,2025-06-13,10:21,10,"M. Ellis, PT",Hygiene recall,kept,44.4,7.0,102.53,Corporate plan,PT-2759
APT-005665,2025-06-13,10:28,10,Dr. Chandra,Hygiene recall,kept,46.9,5.1,99.23,Corporate plan,PT-1539
APT-005658,2025-06-13,10:41,10,Dr. Chandra,Root canal,kept,86.7,5.8,472.88,Corporate plan,PT-1333
APT-005691,2025-06-13,10:44,10,Dr. Chandra,Exam & imaging,rescheduled,30.9,10.0,0.0,Private,PT-1348
APT-005662,2025-06-13,10:51,10,"K. Duarte, PT",Physio assessment,kept,43.5,12.1,127.26,Insurance,PT-1040
APT-005680,2025-06-13,10:52,10,"K. Duarte, PT",Physio session,kept,45.6,10.9,87.89,Insurance,PT-3053
APT-005681,2025-06-13,11:18,11,Dr. Almeida,Root canal,kept,82.3,12.5,394.32,Public scheme,PT-2344
APT-005667,2025-06-13,11:23,11,"M. Ellis, PT",Hygiene recall,kept,56.2,5.0,121.35,Insurance,PT-1496
APT-005673,2025-06-13,11:30,11,Dr. Benitez,Exam & imaging,rescheduled,27.5,11.4,0.0,Insurance,PT-1185
APT-005668,2025-06-13,11:55,11,Dr. Faber,Exam & imaging,cancelled,16.5,8.7,11.5,Insurance,PT-1390
APT-005683,2025-06-13,12:24,12,"K. Duarte, PT",Filling,kept,46.5,3.0,175.34,Insurance,PT-2725
APT-005659,2025-06-13,12:25,12,Dr. Faber,Hygiene recall,cancelled,45.2,7.6,14.49,Insurance,PT-1943
APT-005697,2025-06-13,12:40,12,Dr. Benitez,Hygiene recall,kept,39.2,6.0,108.32,Insurance,PT-2569
APT-005670,2025-06-13,12:53,12,Dr. Benitez,Crown fit,rescheduled,63.7,2.7,0.0,Insurance,PT-2970
APT-005666,2025-06-13,13:13,13,"K. Duarte, PT",Hygiene recall,kept,56.4,11.1,119.3,Private,PT-2067
APT-005687,2025-06-13,13:29,13,"K. Duarte, PT",Exam & imaging,kept,30.4,11.6,88.43,Private,PT-2920
APT-005657,2025-06-13,13:31,13,"K. Duarte, PT",Exam & imaging,kept,17.2,19.4,80.91,Insurance,PT-1437
APT-005699,2025-06-13,14:02,14,"K. Duarte, PT",Hygiene recall,no_show,45.2,9.1,0.0,Private,PT-2189
APT-005689,2025-06-13,14:05,14,Dr. Faber,Hygiene recall,no_show,59.2,8.7,0.0,Private,PT-3038
APT-005695,2025-06-13,14:11,14,Dr. Benitez,Exam & imaging,kept,20.7,19.2,93.53,Private,PT-2697
APT-005672,2025-06-13,14:18,14,Dr. Benitez,Crown fit,kept,74.0,13.0,1071.16,Private,PT-2089
APT-005686,2025-06-13,15:19,15,"K. Duarte, PT",Physio assessment,kept,65.0,12.5,140.86,Insurance,PT-2905
APT-005690,2025-06-13,15:22,15,Dr. Faber,Hygiene recall,kept,54.1,7.8,105.9,Corporate plan,PT-2753
APT-005664,2025-06-13,15:24,15,Dr. Almeida,Filling,kept,62.9,18.1,216.75,Private,PT-2765
APT-005698,2025-06-13,15:27,15,Dr. Faber,Hygiene recall,kept,52.1,9.5,103.78,Corporate plan,PT-2375
APT-005688,2025-06-13,15:42,15,Dr. Benitez,Follow-up consult,no_show,28.4,12.8,0.0,Private,PT-1606
APT-005663,2025-06-13,15:58,15,Dr. Chandra,Hygiene recall,rescheduled,41.9,8.7,0.0,Private,PT-2245
APT-005694,2025-06-13,16:05,16,Dr. Chandra,Exam & imaging,kept,21.5,10.2,83.41,Insurance,PT-1199
APT-005682,2025-06-13,16:29,16,Dr. Almeida,Hygiene recall,no_show,51.9,12.4,0.0,Insurance,PT-2549
APT-005669,2025-06-13,16:39,16,Dr. Chandra,Crown fit,kept,80.6,12.7,939.02,Private,PT-1168
APT-005671,2025-06-13,16:40,16,"K. Duarte, PT",Hygiene recall,kept,40.5,9.9,140.74,Private,PT-1621
APT-005678,2025-06-13,16:40,16,"M. Ellis, PT",Exam & imaging,kept,25.9,8.3,80.56,Insurance,PT-2602
APT-005674,2025-06-13,16:45,16,Dr. Almeida,Hygiene recall,kept,52.0,10.7,108.13,Corporate plan,PT-2144
APT-005684,2025-06-13,16:47,16,Dr. Benitez,Exam & imaging,rescheduled,30.4,9.5,0.0,Private,PT-2617
APT-005676,2025-06-13,17:33,17,Dr. Almeida,Hygiene recall,cancelled,54.5,12.1,14.24,Insurance,PT-1416
APT-005660,2025-06-13,17:43,17,Dr. Faber,Physio session,kept,25.6,12.4,90.57,Insurance,PT-2469
APT-005703,2025-06-14,09:09,9,"K. Duarte, PT",Exam & imaging,kept,10.3,14.6,81.83,Corporate plan,PT-2621
APT-005714,2025-06-14,09:21,9,"M. Ellis, PT",Physio session,kept,43.9,4.2,104.26,Private,PT-1260
APT-005726,2025-06-14,09:26,9,"K. Duarte, PT",Hygiene recall,kept,29.6,12.8,144.77,Private,PT-2971
APT-005711,2025-06-14,10:55,10,"M. Ellis, PT",Exam & imaging,no_show,23.4,2.9,0.0,Corporate plan,PT-1868
APT-005713,2025-06-14,10:59,10,"K. Duarte, PT",Root canal,kept,87.5,5.3,655.42,Private,PT-2185
APT-005709,2025-06-14,11:01,11,"M. Ellis, PT",Physio session,kept,40.8,10.5,87.27,Corporate plan,PT-2968
APT-005701,2025-06-14,11:31,11,"M. Ellis, PT",Hygiene recall,kept,38.2,13.7,134.25,Private,PT-1737
APT-005706,2025-06-14,12:32,12,"M. Ellis, PT",Hygiene recall,kept,36.3,7.2,101.08,Insurance,PT-1219
APT-005707,2025-06-14,12:36,12,"K. Duarte, PT",Filling,kept,46.0,10.8,214.08,Private,PT-1976
APT-005700,2025-06-14,12:42,12,"K. Duarte, PT",Hygiene recall,cancelled,48.7,4.8,17.34,Private,PT-1447
APT-005727,2025-06-14,12:47,12,"M. Ellis, PT",Physio session,no_show,46.6,3.9,0.0,Corporate plan,PT-1865
APT-005704,2025-06-14,12:50,12,"M. Ellis, PT",Physio session,kept,38.4,3.5,106.89,Private,PT-1057
APT-005721,2025-06-14,12:51,12,"M. Ellis, PT",Exam & imaging,no_show,11.3,6.4,0.0,Insurance,PT-2646
APT-005708,2025-06-14,12:57,12,"M. Ellis, PT",Hygiene recall,kept,40.1,7.0,113.44,Insurance,PT-2006
APT-005718,2025-06-14,12:59,12,"M. Ellis, PT",Physio assessment,kept,55.8,5.1,154.19,Private,PT-1603
APT-005724,2025-06-14,13:02,13,"K. Duarte, PT",Exam & imaging,kept,23.0,11.4,76.73,Insurance,PT-2946
APT-005716,2025-06-14,13:56,13,"K. Duarte, PT",Hygiene recall,no_show,47.7,8.4,0.0,Private,PT-1171
APT-005705,2025-06-14,14:06,14,"K. Duarte, PT",Physio assessment,kept,52.3,11.8,125.71,Insurance,PT-1464
APT-005717,2025-06-14,14:10,14,"K. Duarte, PT",Filling,kept,55.3,13.6,210.37,Private,PT-1762
APT-005715,2025-06-14,15:07,15,"K. Duarte, PT",Crown fit,no_show,69.9,8.8,0.0,Public scheme,PT-1864
APT-005702,2025-06-14,15:19,15,"K. Duarte, PT",Root canal,kept,80.7,11.5,597.79,Private,PT-2280
APT-005710,2025-06-14,16:17,16,"M. Ellis, PT",Physio session,kept,35.5,12.7,84.03,Corporate plan,PT-2736
APT-005712,2025-06-14,16:18,16,"K. Duarte, PT",Hygiene recall,no_show,31.4,10.6,0.0,Private,PT-2919
APT-005722,2025-06-14,16:22,16,"M. Ellis, PT",Hygiene recall,rescheduled,43.6,12.3,0.0,Insurance,PT-2942
APT-005723,2025-06-14,16:36,16,"K. Duarte, PT",Physio session,kept,41.6,12.7,111.33,Private,PT-3026
APT-005720,2025-06-14,16:45,16,"K. Duarte, PT",Root canal,kept,77.6,10.2,479.54,Corporate plan,PT-2127
APT-005719,2025-06-14,16:50,16,"K. Duarte, PT",Filling,kept,55.9,10.0,211.53,Insurance,PT-1064
APT-005725,2025-06-14,17:34,17,"K. Duarte, PT",Hygiene recall,kept,43.9,10.5,99.82,Corporate plan,PT-2897
APT-005730,2025-06-16,08:24,8,Dr. Benitez,Physio session,kept,32.1,9.8,119.78,Private,PT-1177
APT-005788,2025-06-16,09:13,9,"K. Duarte, PT",Filling,kept,51.6,8.4,178.38,Insurance,PT-1703
APT-005737,2025-06-16,09:27,9,Dr. Chandra,Physio session,kept,28.8,12.1,101.18,Insurance,PT-2210
APT-005784,2025-06-16,09:38,9,"K. Duarte, PT",Exam & imaging,rescheduled,19.8,3.4,0.0,Private,PT-3039
APT-005770,2025-06-16,10:00,10,Dr. Benitez,Hygiene recall,no_show,29.5,15.3,0.0,Insurance,PT-1291
APT-005787,2025-06-16,10:32,10,Dr. Almeida,Physio session,kept,30.1,2.9,115.04,Private,PT-2828
APT-005757,2025-06-16,10:53,10,Dr. Chandra,Exam & imaging,kept,13.9,8.0,94.15,Private,PT-2550
APT-005781,2025-06-16,11:06,11,Dr. Almeida,Physio assessment,kept,60.2,10.0,130.8,Corporate plan,PT-1666
APT-005761,2025-06-16,11:07,11,"K. Duarte, PT",Filling,kept,37.5,3.8,244.17,Private,PT-1466
APT-005739,2025-06-16,11:09,11,Dr. Benitez,Exam & imaging,kept,24.0,9.7,89.47,Insurance,PT-1319
APT-005759,2025-06-16,11:12,11,"K. Duarte, PT",Exam & imaging,kept,25.5,3.9,91.74,Private,PT-2777
APT-005749,2025-06-16,11:13,11,"K. Duarte, PT",Exam & imaging,kept,32.9,9.7,72.38,Insurance,PT-1737
APT-005731,2025-06-16,11:14,11,Dr. Chandra,Filling,kept,49.7,11.1,228.39,Private,PT-1539
APT-005792,2025-06-16,11:21,11,Dr. Almeida,Crown fit,kept,57.2,4.5,693.56,Insurance,PT-1849
APT-005756,2025-06-16,11:26,11,Dr. Almeida,Hygiene recall,kept,38.4,9.5,112.81,Insurance,PT-2178
APT-005754,2025-06-16,11:28,11,"K. Duarte, PT",Hygiene recall,kept,43.5,12.3,116.5,Insurance,PT-1845
APT-005786,2025-06-16,11:38,11,Dr. Almeida,Physio assessment,kept,39.7,9.0,152.73,Private,PT-1287
APT-005791,2025-06-16,11:38,11,Dr. Benitez,Physio session,kept,34.1,5.4,77.92,Corporate plan,PT-2146
APT-005760,2025-06-16,11:47,11,"K. Duarte, PT",Exam & imaging,no_show,23.8,4.4,0.0,Corporate plan,PT-2208
APT-005732,2025-06-16,11:52,11,Dr. Benitez,Exam & imaging,kept,29.5,5.7,97.99,Private,PT-1919
APT-005758,2025-06-16,12:07,12,"K. Duarte, PT",Physio session,kept,37.9,6.7,88.86,Insurance,PT-2900
APT-005746,2025-06-16,12:16,12,Dr. Benitez,Exam & imaging,kept,14.2,10.7,68.27,Corporate plan,PT-2666
APT-005751,2025-06-16,12:17,12,Dr. Almeida,Hygiene recall,rescheduled,48.6,3.5,0.0,Corporate plan,PT-2982
APT-005753,2025-06-16,12:23,12,"K. Duarte, PT",Crown fit,kept,64.9,8.8,668.85,Insurance,PT-1197
APT-005790,2025-06-16,12:27,12,Dr. Almeida,Exam & imaging,kept,19.0,22.2,78.25,Insurance,PT-1713
APT-005772,2025-06-16,12:54,12,Dr. Chandra,Hygiene recall,no_show,45.4,12.9,0.0,Public scheme,PT-1913
APT-005765,2025-06-16,13:11,13,"K. Duarte, PT",Physio assessment,kept,49.4,8.9,133.52,Corporate plan,PT-1293
APT-005780,2025-06-16,13:19,13,Dr. Chandra,Follow-up consult,no_show,28.5,16.2,0.0,Private,PT-2362
APT-005778,2025-06-16,13:24,13,Dr. Chandra,Root canal,rescheduled,81.5,24.0,0.0,Private,PT-1299
APT-005745,2025-06-16,13:26,13,Dr. Benitez,Crown fit,cancelled,57.5,9.6,100.77,Private,PT-1000
APT-005733,2025-06-16,13:43,13,"K. Duarte, PT",Filling,kept,54.2,16.4,173.21,Corporate plan,PT-2029
APT-005748,2025-06-16,14:06,14,Dr. Chandra,Filling,kept,47.2,16.0,243.05,Private,PT-1335
APT-005740,2025-06-16,14:16,14,Dr. Chandra,Root canal,kept,88.1,12.3,552.38,Private,PT-1054
APT-005762,2025-06-16,14:22,14,Dr. Benitez,Exam & imaging,kept,18.6,10.6,85.34,Insurance,PT-2995
APT-005735,2025-06-16,14:34,14,Dr. Almeida,Physio session,no_show,46.2,13.9,0.0,Insurance,PT-1143
APT-005743,2025-06-16,14:36,14,"K. Duarte, PT",Physio session,kept,45.8,10.3,113.58,Private,PT-2954
APT-005766,2025-06-16,14:39,14,Dr. Benitez,Hygiene recall,kept,30.5,17.3,126.61,Private,PT-2419
APT-005767,2025-06-16,14:47,14,Dr. Almeida,Crown fit,kept,80.3,11.3,725.66,Corporate plan,PT-1379
APT-005747,2025-06-16,14:51,14,Dr. Benitez,Root canal,kept,65.3,10.0,395.94,Public scheme,PT-2857
APT-005729,2025-06-16,14:56,14,Dr. Chandra,Crown fit,no_show,72.7,9.3,0.0,Insurance,PT-3019
APT-005764,2025-06-16,15:11,15,Dr. Benitez,Hygiene recall,rescheduled,43.0,10.2,0.0,Corporate plan,PT-1656
APT-005776,2025-06-16,15:25,15,Dr. Benitez,Exam & imaging,kept,21.6,11.2,75.83,Insurance,PT-2107
APT-005768,2025-06-16,15:29,15,Dr. Chandra,Exam & imaging,no_show,21.1,9.4,0.0,Insurance,PT-1331
APT-005763,2025-06-16,15:33,15,Dr. Benitez,Exam & imaging,kept,35.7,8.4,75.95,Corporate plan,PT-1300
APT-005774,2025-06-16,15:33,15,Dr. Almeida,Physio session,kept,37.1,10.5,81.82,Corporate plan,PT-2554
APT-005736,2025-06-16,15:41,15,Dr. Benitez,Exam & imaging,kept,22.2,10.7,103.78,Private,PT-1079
APT-005769,2025-06-16,15:41,15,"K. Duarte, PT",Hygiene recall,no_show,33.9,10.1,0.0,Private,PT-1297
APT-005752,2025-06-16,15:42,15,Dr. Chandra,Hygiene recall,kept,45.8,14.1,116.31,Insurance,PT-2534
APT-005734,2025-06-16,15:45,15,Dr. Chandra,Physio assessment,kept,51.1,9.5,140.38,Insurance,PT-2043
APT-005773,2025-06-16,15:45,15,Dr. Chandra,Physio assessment,kept,50.9,8.8,125.62,Insurance,PT-1046
APT-005750,2025-06-16,15:53,15,"K. Duarte, PT",Follow-up consult,kept,30.1,10.8,73.29,Private,PT-1582
APT-005742,2025-06-16,15:57,15,Dr. Benitez,Physio session,no_show,38.5,9.6,0.0,Private,PT-3146
APT-005775,2025-06-16,15:57,15,Dr. Almeida,Exam & imaging,kept,21.0,15.3,107.83,Private,PT-2229
APT-005738,2025-06-16,16:13,16,"K. Duarte, PT",Filling,kept,55.0,11.3,172.84,Insurance,PT-1853
APT-005771,2025-06-16,16:16,16,Dr. Chandra,Hygiene recall,kept,53.2,11.7,84.54,Public scheme,PT-1554
APT-005789,2025-06-16,16:19,16,Dr. Chandra,Hygiene recall,kept,37.2,11.3,109.18,Insurance,PT-1874
APT-005782,2025-06-16,16:24,16,Dr. Almeida,Physio assessment,kept,51.4,15.0,138.65,Private,PT-3148
APT-005779,2025-06-16,16:36,16,"K. Duarte, PT",Physio session,no_show,46.4,26.5,0.0,Private,PT-2661
APT-005728,2025-06-16,16:54,16,Dr. Almeida,Crown fit,kept,63.6,13.0,957.5,Private,PT-1112
APT-005744,2025-06-16,17:02,17,Dr. Chandra,Crown fit,no_show,54.2,15.0,0.0,Insurance,PT-1937
APT-005777,2025-06-16,17:04,17,Dr. Almeida,Exam & imaging,rescheduled,26.5,9.7,0.0,Private,PT-2089
APT-005741,2025-06-16,17:19,17,Dr. Benitez,Follow-up consult,kept,26.1,19.1,59.23,Corporate plan,PT-2777
APT-005755,2025-06-16,17:24,17,Dr. Almeida,Filling,kept,36.9,25.7,133.44,Corporate plan,PT-3051
APT-005785,2025-06-16,17:26,17,Dr. Chandra,Exam & imaging,kept,9.7,10.0,88.7,Insurance,PT-1570
APT-005783,2025-06-16,17:47,17,Dr. Almeida,Hygiene recall,no_show,43.8,9.9,0.0,Insurance,PT-1255
APT-005802,2025-06-17,08:01,8,"K. Duarte, PT",Physio assessment,kept,63.7,3.5,114.38,Corporate plan,PT-3047
APT-005819,2025-06-17,08:21,8,Dr. Benitez,Exam & imaging,kept,36.0,6.2,88.09,Private,PT-2265
APT-005846,2025-06-17,08:50,8,"K. Duarte, PT",Hygiene recall,kept,32.9,5.1,133.34,Private,PT-2743
APT-005800,2025-06-17,09:14,9,Dr. Almeida,Exam & imaging,kept,27.9,8.8,80.44,Insurance,PT-2211
APT-005834,2025-06-17,09:17,9,Dr. Benitez,Hygiene recall,cancelled,46.3,6.3,9.91,Public scheme,PT-3061
APT-005840,2025-06-17,09:18,9,Dr. Benitez,Filling,kept,47.1,21.0,206.97,Private,PT-1261
APT-005815,2025-06-17,09:40,9,Dr. Chandra,Hygiene recall,kept,49.8,12.0,139.63,Private,PT-1911
APT-005824,2025-06-17,09:45,9,Dr. Benitez,Physio session,no_show,34.3,5.5,0.0,Private,PT-2299
APT-005839,2025-06-17,09:49,9,Dr. Benitez,Root canal,kept,81.6,4.4,627.09,Private,PT-2050
APT-005830,2025-06-17,10:00,10,Dr. Benitez,Filling,kept,43.0,8.1,219.87,Private,PT-1027
APT-005827,2025-06-17,10:03,10,Dr. Almeida,Hygiene recall,kept,30.7,5.3,105.81,Corporate plan,PT-1952
APT-005842,2025-06-17,10:06,10,Dr. Chandra,Root canal,no_show,90.5,11.6,0.0,Insurance,PT-1067
APT-005843,2025-06-17,10:47,10,"K. Duarte, PT",Hygiene recall,kept,46.8,10.9,126.73,Private,PT-1064
APT-005795,2025-06-17,10:49,10,Dr. Almeida,Hygiene recall,cancelled,35.5,8.7,11.71,Public scheme,PT-2084
APT-005821,2025-06-17,10:50,10,"M. Ellis, PT",Physio session,kept,32.0,2.7,88.45,Insurance,PT-2048
APT-005797,2025-06-17,10:58,10,"M. Ellis, PT",Hygiene recall,kept,42.4,3.7,120.8,Private,PT-3079
APT-005812,2025-06-17,11:01,11,Dr. Almeida,Physio assessment,kept,49.6,6.4,114.08,Corporate plan,PT-1464
APT-005804,2025-06-17,11:11,11,Dr. Benitez,Physio session,kept,36.5,8.1,82.69,Insurance,PT-1804
APT-005825,2025-06-17,11:15,11,Dr. Almeida,Hygiene recall,kept,42.9,6.9,115.58,Insurance,PT-2354
APT-005801,2025-06-17,11:27,11,"K. Duarte, PT",Exam & imaging,kept,24.0,8.9,77.5,Insurance,PT-1502
APT-005835,2025-06-17,11:28,11,"M. Ellis, PT",Physio session,no_show,42.7,8.9,0.0,Public scheme,PT-2227
APT-005847,2025-06-17,11:28,11,Dr. Benitez,Exam & imaging,kept,24.0,8.2,111.08,Private,PT-2792
APT-005807,2025-06-17,11:31,11,Dr. Almeida,Hygiene recall,kept,58.2,4.7,99.79,Insurance,PT-1158
APT-005831,2025-06-17,11:31,11,Dr. Chandra,Filling,kept,45.0,8.2,216.3,Private,PT-2495
APT-005814,2025-06-17,11:44,11,Dr. Benitez,Hygiene recall,kept,48.6,10.2,150.81,Private,PT-3148
APT-005818,2025-06-17,11:45,11,Dr. Chandra,Exam & imaging,no_show,23.7,3.8,0.0,Insurance,PT-1011
APT-005826,2025-06-17,11:45,11,Dr. Benitez,Hygiene recall,kept,43.0,10.9,109.12,Insurance,PT-2384
APT-005811,2025-06-17,11:53,11,"K. Duarte, PT",Hygiene recall,kept,45.5,5.5,110.31,Insurance,PT-1524
APT-005833,2025-06-17,12:28,12,Dr. Benitez,Filling,kept,42.5,4.2,178.91,Private,PT-1216
APT-005796,2025-06-17,12:30,12,"K. Duarte, PT",Root canal,kept,82.2,4.8,644.05,Private,PT-1601
APT-005822,2025-06-17,12:36,12,Dr. Almeida,Hygiene recall,kept,34.7,9.5,105.73,Private,PT-1589
APT-005844,2025-06-17,12:54,12,Dr. Benitez,Exam & imaging,kept,28.3,6.0,80.71,Corporate plan,PT-3021
APT-005803,2025-06-17,13:11,13,Dr. Almeida,Filling,no_show,32.1,15.1,0.0,Corporate plan,PT-1515
APT-005817,2025-06-17,13:17,13,"K. Duarte, PT",Hygiene recall,kept,27.5,13.3,140.04,Private,PT-2407
APT-005828,2025-06-17,13:59,13,Dr. Almeida,Crown fit,kept,68.1,13.0,700.03,Corporate plan,PT-1103
APT-005813,2025-06-17,14:17,14,Dr. Benitez,Exam & imaging,kept,22.7,14.0,69.35,Corporate plan,PT-1792
APT-005837,2025-06-17,14:42,14,Dr. Almeida,Hygiene recall,kept,51.3,9.2,121.53,Insurance,PT-1462
APT-005808,2025-06-17,15:26,15,"M. Ellis, PT",Exam & imaging,cancelled,30.5,21.0,7.76,Corporate plan,PT-1042
APT-005845,2025-06-17,15:44,15,Dr. Chandra,Crown fit,rescheduled,62.7,10.0,0.0,Private,PT-1702
APT-005799,2025-06-17,15:50,15,Dr. Chandra,Filling,kept,42.5,11.4,227.97,Private,PT-2353
APT-005806,2025-06-17,15:51,15,"K. Duarte, PT",Exam & imaging,kept,30.3,10.5,80.96,Private,PT-2114
APT-005794,2025-06-17,16:18,16,"M. Ellis, PT",Exam & imaging,kept,33.1,8.9,96.76,Insurance,PT-2829
APT-005793,2025-06-17,16:25,16,"K. Duarte, PT",Follow-up consult,kept,18.4,11.2,72.21,Private,PT-2129
APT-005816,2025-06-17,16:25,16,"K. Duarte, PT",Physio assessment,no_show,54.2,10.7,0.0,Public scheme,PT-1982
APT-005832,2025-06-17,16:38,16,"M. Ellis, PT",Filling,kept,43.3,13.9,215.93,Private,PT-1656
APT-005829,2025-06-17,16:39,16,Dr. Chandra,Follow-up consult,kept,10.4,10.8,56.06,Corporate plan,PT-3107
APT-005841,2025-06-17,16:47,16,Dr. Benitez,Hygiene recall,kept,48.6,9.0,139.37,Private,PT-1831
APT-005809,2025-06-17,16:48,16,Dr. Chandra,Exam & imaging,kept,27.2,10.8,78.89,Corporate plan,PT-2295
APT-005798,2025-06-17,16:51,16,"M. Ellis, PT",Hygiene recall,kept,50.4,8.2,77.46,Public scheme,PT-1084
APT-005836,2025-06-17,16:54,16,Dr. Chandra,Hygiene recall,no_show,46.3,19.4,0.0,Corporate plan,PT-1446
APT-005838,2025-06-17,17:05,17,Dr. Almeida,Crown fit,kept,61.6,8.9,742.52,Insurance,PT-3180
APT-005810,2025-06-17,17:13,17,"K. Duarte, PT",Exam & imaging,kept,25.0,10.1,81.43,Insurance,PT-2335
APT-005820,2025-06-17,17:15,17,Dr. Chandra,Crown fit,kept,72.3,14.2,793.83,Corporate plan,PT-2651
APT-005805,2025-06-17,17:35,17,"M. Ellis, PT",Exam & imaging,kept,8.0,12.8,77.9,Insurance,PT-1678
APT-005823,2025-06-17,17:51,17,Dr. Chandra,Filling,cancelled,40.2,11.8,24.45,Private,PT-2599
APT-005886,2025-06-18,08:10,8,Dr. Almeida,Filling,kept,61.3,6.5,187.31,Insurance,PT-1290
APT-005891,2025-06-18,08:21,8,Dr. Benitez,Hygiene recall,kept,46.3,5.4,130.0,Private,PT-1072
APT-005859,2025-06-18,08:23,8,"M. Ellis, PT",Filling,kept,37.7,7.8,181.55,Insurance,PT-2189
APT-005866,2025-06-18,08:42,8,Dr. Almeida,Follow-up consult,kept,8.0,8.5,62.2,Insurance,PT-1369
APT-005869,2025-06-18,09:06,9,Dr. Almeida,Exam & imaging,kept,25.1,4.6,98.1,Private,PT-3132
APT-005894,2025-06-18,09:08,9,"K. Duarte, PT",Hygiene recall,kept,26.8,4.4,78.02,Public scheme,PT-2816
APT-005863,2025-06-18,09:22,9,Dr. Faber,Hygiene recall,no_show,40.9,3.1,0.0,Insurance,PT-2766
APT-005861,2025-06-18,09:34,9,Dr. Almeida,Physio assessment,kept,53.6,7.0,76.97,Public scheme,PT-2821
APT-005876,2025-06-18,09:34,9,"M. Ellis, PT",Hygiene recall,kept,45.2,13.7,140.39,Private,PT-2823
APT-005851,2025-06-18,09:44,9,Dr. Benitez,Hygiene recall,no_show,65.0,10.7,0.0,Private,PT-2061
APT-005872,2025-06-18,09:53,9,Dr. Almeida,Physio assessment,kept,51.8,12.0,164.89,Private,PT-2226
APT-005850,2025-06-18,09:54,9,Dr. Almeida,Hygiene recall,kept,47.2,5.5,96.15,Corporate plan,PT-3117
APT-005892,2025-06-18,09:54,9,"M. Ellis, PT",Hygiene recall,kept,52.1,5.6,115.33,Corporate plan,PT-2877
APT-005874,2025-06-18,10:04,10,Dr. Benitez,Physio session,rescheduled,37.0,3.8,0.0,Insurance,PT-1145
APT-005848,2025-06-18,10:05,10,Dr. Benitez,Hygiene recall,kept,36.6,8.9,91.74,Public scheme,PT-3085
APT-005867,2025-06-18,10:30,10,Dr. Faber,Exam & imaging,kept,27.1,5.7,89.78,Insurance,PT-2926
APT-005862,2025-06-18,10:41,10,Dr. Benitez,Crown fit,kept,69.6,7.0,809.4,Insurance,PT-1717
APT-005853,2025-06-18,10:42,10,Dr. Faber,Hygiene recall,kept,34.1,9.0,113.67,Insurance,PT-3044
APT-005889,2025-06-18,10:43,10,Dr. Almeida,Filling,kept,60.0,5.9,202.59,Private,PT-3033
APT-005868,2025-06-18,10:59,10,Dr. Benitez,Physio session,kept,44.8,5.1,73.57,Insurance,PT-1076
APT-005888,2025-06-18,11:04,11,Dr. Almeida,Hygiene recall,kept,52.5,7.2,135.61,Private,PT-1990
APT-005882,2025-06-18,11:10,11,"K. Duarte, PT",Physio assessment,kept,66.3,6.6,132.61,Insurance,PT-2948
APT-005879,2025-06-18,11:16,11,Dr. Benitez,Physio session,kept,32.7,7.9,69.93,Corporate plan,PT-2046
APT-005873,2025-06-18,11:24,11,"K. Duarte, PT",Hygiene recall,kept,43.2,6.4,86.12,Public scheme,PT-3046
APT-005864,2025-06-18,11:26,11,"K. Duarte, PT",Physio assessment,kept,49.4,7.8,155.01,Insurance,PT-1303
APT-005890,2025-06-18,11:46,11,"M. Ellis, PT",Hygiene recall,no_show,43.4,8.5,0.0,Public scheme,PT-2506
APT-005854,2025-06-18,11:56,11,"M. Ellis, PT",Crown fit,kept,57.4,10.0,800.25,Insurance,PT-2906
APT-005875,2025-06-18,12:01,12,Dr. Benitez,Exam & imaging,kept,32.4,6.4,58.22,Public scheme,PT-3159
APT-005880,2025-06-18,12:09,12,Dr. Benitez,Hygiene recall,kept,42.1,7.4,110.85,Insurance,PT-2999
APT-005893,2025-06-18,12:38,12,Dr. Almeida,Filling,kept,52.8,8.0,186.47,Insurance,PT-2101
APT-005855,2025-06-18,12:41,12,"K. Duarte, PT",Hygiene recall,cancelled,47.5,9.2,9.82,Public scheme,PT-1891
APT-005852,2025-06-18,13:05,13,Dr. Almeida,Exam & imaging,kept,23.5,11.1,90.33,Private,PT-1836
APT-005885,2025-06-18,13:18,13,Dr. Benitez,Exam & imaging,cancelled,39.2,14.2,8.45,Corporate plan,PT-1446
APT-005857,2025-06-18,13:50,13,Dr. Almeida,Crown fit,kept,67.2,19.1,597.17,Corporate plan,PT-2735
APT-005870,2025-06-18,14:09,14,"M. Ellis, PT",Physio session,no_show,38.1,11.0,0.0,Insurance,PT-1192
APT-005856,2025-06-18,14:26,14,"M. Ellis, PT",Exam & imaging,no_show,19.6,13.6,0.0,Private,PT-2558
APT-005871,2025-06-18,14:41,14,"M. Ellis, PT",Physio assessment,no_show,56.5,15.5,0.0,Private,PT-2131
APT-005865,2025-06-18,15:34,15,Dr. Benitez,Exam & imaging,no_show,29.3,9.9,0.0,Corporate plan,PT-1184
APT-005878,2025-06-18,15:51,15,"M. Ellis, PT",Physio session,kept,43.6,9.5,86.58,Corporate plan,PT-2771
APT-005881,2025-06-18,16:04,16,"M. Ellis, PT",Root canal,kept,64.2,8.6,523.37,Insurance,PT-1625
APT-005860,2025-06-18,16:18,16,"K. Duarte, PT",Physio assessment,kept,48.7,14.5,168.19,Private,PT-1627
APT-005858,2025-06-18,16:20,16,Dr. Almeida,Filling,no_show,37.0,14.0,0.0,Private,PT-1879
APT-005884,2025-06-18,16:38,16,"M. Ellis, PT",Hygiene recall,kept,42.2,8.8,111.92,Insurance,PT-2371
APT-005849,2025-06-18,17:22,17,Dr. Almeida,Hygiene recall,kept,39.5,10.7,135.41,Private,PT-2750
APT-005883,2025-06-18,17:22,17,Dr. Benitez,Physio assessment,kept,56.5,17.3,110.7,Corporate plan,PT-1738
APT-005887,2025-06-18,17:32,17,"K. Duarte, PT",Hygiene recall,cancelled,49.3,12.8,15.9,Private,PT-2656
APT-005877,2025-06-18,17:53,17,Dr. Almeida,Exam & imaging,no_show,22.9,15.1,0.0,Insurance,PT-2379
APT-005933,2025-06-19,08:07,8,Dr. Benitez,Hygiene recall,kept,51.2,15.7,115.79,Insurance,PT-1906
APT-005898,2025-06-19,09:41,9,Dr. Benitez,Hygiene recall,kept,36.8,16.3,124.71,Private,PT-1410
APT-005915,2025-06-19,09:44,9,"M. Ellis, PT",Hygiene recall,kept,41.7,10.1,135.85,Private,PT-1792
APT-005938,2025-06-19,09:47,9,"M. Ellis, PT",Physio session,kept,29.1,8.6,99.91,Insurance,PT-1277
APT-005928,2025-06-19,10:04,10,Dr. Almeida,Exam & imaging,kept,27.6,5.5,62.89,Corporate plan,PT-2817
APT-005924,2025-06-19,10:26,10,Dr. Faber,Filling,kept,35.1,6.5,203.61,Private,PT-1829
APT-005911,2025-06-19,10:27,10,"K. Duarte, PT",Hygiene recall,kept,56.9,4.5,81.13,Public scheme,PT-2149
APT-005939,2025-06-19,10:36,10,"K. Duarte, PT",Physio session,kept,33.0,6.1,95.93,Private,PT-2873
APT-005931,2025-06-19,10:37,10,Dr. Benitez,Physio session,no_show,38.5,6.7,0.0,Insurance,PT-1875
APT-005921,2025-06-19,10:39,10,Dr. Benitez,Hygiene recall,rescheduled,51.3,5.2,0.0,Insurance,PT-1076
APT-005901,2025-06-19,10:47,10,"M. Ellis, PT",Hygiene recall,kept,46.1,7.0,116.81,Corporate plan,PT-2693
APT-005923,2025-06-19,10:50,10,Dr. Faber,Hygiene recall,kept,50.9,4.6,139.27,Private,PT-2830
APT-005895,2025-06-19,10:57,10,Dr. Faber,Physio assessment,kept,62.8,13.5,98.1,Public scheme,PT-2633
APT-005919,2025-06-19,11:15,11,"M. Ellis, PT",Filling,cancelled,29.8,11.1,25.56,Private,PT-2778
APT-005904,2025-06-19,11:22,11,"K. Duarte, PT",Filling,kept,37.7,10.4,133.92,Corporate plan,PT-1446
APT-005910,2025-06-19,11:43,11,Dr. Chandra,Filling,no_show,46.5,4.5,0.0,Private,PT-1086
APT-005936,2025-06-19,11:47,11,"M. Ellis, PT",Hygiene recall,kept,46.2,3.3,115.37,Insurance,PT-1824
APT-005918,2025-06-19,12:23,12,Dr. Chandra,Hygiene recall,kept,53.9,4.9,115.3,Insurance,PT-2500
APT-005908,2025-06-19,12:32,12,Dr. Benitez,Hygiene recall,kept,38.5,14.5,140.38,Private,PT-2626
APT-005900,2025-06-19,12:36,12,Dr. Benitez,Hygiene recall,kept,38.2,6.6,112.45,Insurance,PT-2212
APT-005925,2025-06-19,13:24,13,"K. Duarte, PT",Physio assessment,kept,62.4,14.2,161.23,Insurance,PT-1923
APT-005913,2025-06-19,13:42,13,Dr. Benitez,Filling,kept,53.2,17.5,180.65,Insurance,PT-2798
APT-005917,2025-06-19,13:51,13,"K. Duarte, PT",Crown fit,kept,68.8,14.7,848.25,Private,PT-1285
APT-005914,2025-06-19,14:19,14,"M. Ellis, PT",Exam & imaging,cancelled,26.3,18.6,10.45,Insurance,PT-1650
APT-005907,2025-06-19,14:29,14,Dr. Benitez,Hygiene recall,kept,51.7,9.9,132.63,Insurance,PT-2567
APT-005909,2025-06-19,14:30,14,Dr. Benitez,Physio assessment,kept,51.2,11.7,142.53,Corporate plan,PT-2024
APT-005906,2025-06-19,14:51,14,"K. Duarte, PT",Exam & imaging,kept,20.6,14.4,64.54,Corporate plan,PT-1457
APT-005935,2025-06-19,14:53,14,"K. Duarte, PT",Hygiene recall,cancelled,43.1,10.4,14.68,Insurance,PT-1004
APT-005934,2025-06-19,15:31,15,Dr. Chandra,Filling,kept,43.5,11.1,162.79,Insurance,PT-2433
APT-005929,2025-06-19,15:49,15,Dr. Benitez,Exam & imaging,cancelled,20.8,13.2,7.41,Public scheme,PT-2719
APT-005902,2025-06-19,15:59,15,"K. Duarte, PT",Physio session,kept,42.1,10.7,88.36,Insurance,PT-2421
APT-005930,2025-06-19,15:59,15,Dr. Benitez,Crown fit,kept,66.4,9.4,650.35,Insurance,PT-3089
APT-005920,2025-06-19,16:00,16,Dr. Almeida,Follow-up consult,rescheduled,38.6,10.1,0.0,Private,PT-1510
APT-005926,2025-06-19,16:07,16,"M. Ellis, PT",Hygiene recall,rescheduled,43.8,10.5,0.0,Insurance,PT-1681
APT-005927,2025-06-19,16:09,16,Dr. Benitez,Physio assessment,kept,55.8,12.4,90.57,Public scheme,PT-1045
APT-005916,2025-06-19,16:14,16,Dr. Benitez,Exam & imaging,kept,28.3,9.1,91.0,Insurance,PT-2311
APT-005912,2025-06-19,16:34,16,"M. Ellis, PT",Hygiene recall,kept,41.4,14.1,123.12,Insurance,PT-1478
APT-005896,2025-06-19,16:35,16,Dr. Almeida,Physio assessment,kept,50.8,16.4,126.34,Insurance,PT-1964
APT-005922,2025-06-19,16:46,16,"K. Duarte, PT",Follow-up consult,kept,25.3,11.5,50.73,Corporate plan,PT-2026
APT-005897,2025-06-19,16:50,16,Dr. Faber,Physio assessment,kept,47.5,14.1,134.8,Insurance,PT-1098
APT-005899,2025-06-19,17:00,17,Dr. Almeida,Filling,no_show,42.7,20.1,0.0,Corporate plan,PT-2447
APT-005903,2025-06-19,17:08,17,Dr. Almeida,Root canal,kept,82.1,10.8,514.76,Insurance,PT-1199
APT-005905,2025-06-19,17:10,17,Dr. Faber,Physio session,kept,46.1,10.8,109.76,Private,PT-1602
APT-005932,2025-06-19,17:22,17,Dr. Chandra,Hygiene recall,kept,49.3,10.3,95.15,Corporate plan,PT-2082
APT-005937,2025-06-19,17:25,17,"K. Duarte, PT",Filling,kept,46.9,10.8,139.71,Public scheme,PT-3112
APT-005951,2025-06-20,08:20,8,Dr. Chandra,Physio assessment,kept,56.6,6.1,127.25,Private,PT-2363
APT-005969,2025-06-20,08:36,8,"M. Ellis, PT",Physio session,kept,32.1,4.2,96.77,Insurance,PT-2602
APT-005960,2025-06-20,09:22,9,Dr. Benitez,Exam & imaging,kept,38.6,5.8,82.13,Insurance,PT-1681
APT-005962,2025-06-20,09:31,9,Dr. Almeida,Exam & imaging,kept,24.1,4.9,98.28,Private,PT-2277
APT-005964,2025-06-20,09:50,9,Dr. Benitez,Filling,no_show,46.2,8.0,0.0,Insurance,PT-2565
APT-005948,2025-06-20,10:06,10,Dr. Benitez,Filling,kept,46.4,4.9,166.08,Corporate plan,PT-1068
APT-005980,2025-06-20,10:08,10,"M. Ellis, PT",Filling,no_show,40.5,11.0,0.0,Insurance,PT-2745
APT-005940,2025-06-20,10:10,10,Dr. Benitez,Physio session,kept,56.4,6.4,96.67,Insurance,PT-1299
APT-005971,2025-06-20,10:13,10,Dr. Chandra,Exam & imaging,cancelled,22.5,8.2,11.23,Insurance,PT-1242
APT-005979,2025-06-20,10:20,10,"K. Duarte, PT",Exam & imaging,kept,24.7,8.9,76.47,Insurance,PT-2439
APT-005955,2025-06-20,10:37,10,"M. Ellis, PT",Hygiene recall,kept,44.9,11.9,127.15,Private,PT-2480
APT-005970,2025-06-20,10:40,10,Dr. Almeida,Crown fit,kept,64.5,3.4,540.88,Public scheme,PT-2684
APT-005973,2025-06-20,11:05,11,"M. Ellis, PT",Physio assessment,kept,50.6,9.9,178.16,Private,PT-3130
APT-005956,2025-06-20,11:06,11,Dr. Faber,Exam & imaging,kept,31.9,5.8,73.96,Insurance,PT-1638
APT-005953,2025-06-20,11:08,11,Dr. Almeida,Physio assessment,no_show,60.9,7.3,0.0,Private,PT-1744
APT-005944,2025-06-20,11:26,11,"M. Ellis, PT",Crown fit,kept,73.7,5.4,912.16,Insurance,PT-1238
APT-005982,2025-06-20,11:30,11,Dr. Benitez,Hygiene recall,no_show,59.3,6.8,0.0,Private,PT-1825
APT-005945,2025-06-20,11:48,11,Dr. Almeida,Physio assessment,no_show,52.9,6.0,0.0,Private,PT-2438
APT-005966,2025-06-20,12:06,12,Dr. Chandra,Hygiene recall,kept,49.7,3.5,101.54,Corporate plan,PT-3011
APT-005976,2025-06-20,12:12,12,"K. Duarte, PT",Hygiene recall,kept,41.0,6.1,98.06,Corporate plan,PT-1056
APT-005949,2025-06-20,14:06,14,"M. Ellis, PT",Exam & imaging,kept,27.9,10.6,63.62,Insurance,PT-2832
APT-005947,2025-06-20,14:16,14,Dr. Benitez,Exam & imaging,kept,40.0,12.8,94.91,Private,PT-1186
APT-005943,2025-06-20,14:21,14,Dr. Chandra,Filling,kept,53.6,17.1,167.47,Insurance,PT-2211
APT-005981,2025-06-20,14:30,14,Dr. Almeida,Physio session,kept,42.7,14.3,88.16,Insurance,PT-2419
APT-005984,2025-06-20,14:32,14,Dr. Benitez,Exam & imaging,kept,19.9,9.8,78.94,Insurance,PT-2445
APT-005952,2025-06-20,14:36,14,"K. Duarte, PT",Hygiene recall,kept,39.1,15.4,128.9,Insurance,PT-3013
APT-005942,2025-06-20,14:41,14,Dr. Faber,Physio session,kept,43.7,11.7,88.98,Insurance,PT-1168
APT-005950,2025-06-20,14:47,14,Dr. Almeida,Hygiene recall,kept,41.0,20.2,110.15,Corporate plan,PT-1705
APT-005972,2025-06-20,14:48,14,"K. Duarte, PT",Hygiene recall,rescheduled,48.2,14.0,0.0,Corporate plan,PT-2003
APT-005963,2025-06-20,14:52,14,Dr. Almeida,Exam & imaging,kept,41.3,10.6,72.43,Corporate plan,PT-3135
APT-005957,2025-06-20,15:03,15,"M. Ellis, PT",Exam & imaging,kept,31.8,25.7,89.13,Insurance,PT-2849
APT-005983,2025-06-20,15:13,15,Dr. Benitez,Filling,no_show,38.5,9.1,0.0,Public scheme,PT-1035
APT-005965,2025-06-20,15:22,15,Dr. Almeida,Physio session,cancelled,26.1,15.3,9.95,Insurance,PT-2673
APT-005967,2025-06-20,15:43,15,Dr. Chandra,Crown fit,kept,85.0,12.9,997.03,Private,PT-2982
APT-005968,2025-06-20,15:47,15,Dr. Almeida,Hygiene recall,kept,60.3,13.6,122.28,Insurance,PT-2823
APT-005977,2025-06-20,15:50,15,"K. Duarte, PT",Hygiene recall,kept,47.3,13.1,107.72,Corporate plan,PT-1298
APT-005978,2025-06-20,15:50,15,Dr. Faber,Exam & imaging,cancelled,18.6,18.8,8.3,Insurance,PT-1605
APT-005985,2025-06-20,16:00,16,"K. Duarte, PT",Hygiene recall,kept,49.9,9.2,137.4,Private,PT-1870
APT-005959,2025-06-20,16:08,16,Dr. Chandra,Physio assessment,no_show,60.5,14.2,0.0,Private,PT-1228
APT-005946,2025-06-20,16:29,16,"K. Duarte, PT",Physio assessment,kept,50.5,11.6,121.29,Corporate plan,PT-1347
APT-005958,2025-06-20,16:36,16,"K. Duarte, PT",Hygiene recall,kept,33.6,8.2,116.53,Insurance,PT-1355
APT-005974,2025-06-20,17:00,17,"K. Duarte, PT",Hygiene recall,kept,42.0,14.3,124.43,Private,PT-2354
APT-005941,2025-06-20,17:05,17,Dr. Almeida,Filling,kept,41.1,15.4,215.57,Private,PT-2250
APT-005975,2025-06-20,17:06,17,Dr. Faber,Hygiene recall,kept,42.6,10.1,100.32,Corporate plan,PT-2929
APT-005961,2025-06-20,17:12,17,Dr. Almeida,Root canal,kept,77.9,15.8,530.34,Corporate plan,PT-1085
APT-005954,2025-06-20,17:39,17,Dr. Faber,Exam & imaging,kept,16.8,20.0,105.02,Private,PT-1908
APT-005995,2025-06-21,09:26,9,"K. Duarte, PT",Physio session,cancelled,46.1,4.2,11.09,Insurance,PT-3176
APT-005998,2025-06-21,09:27,9,"K. Duarte, PT",Physio session,cancelled,40.8,6.0,9.01,Corporate plan,PT-2748
APT-005999,2025-06-21,09:39,9,"K. Duarte, PT",Exam & imaging,kept,30.8,3.8,88.02,Private,PT-2318
APT-005994,2025-06-21,09:54,9,"K. Duarte, PT",Physio session,kept,44.7,6.8,67.49,Public scheme,PT-2122
APT-006002,2025-06-21,09:56,9,"K. Duarte, PT",Hygiene recall,cancelled,46.8,16.2,15.06,Private,PT-2582
APT-005986,2025-06-21,10:07,10,"K. Duarte, PT",Exam & imaging,no_show,21.5,21.7,0.0,Insurance,PT-1694
APT-005997,2025-06-21,10:25,10,"M. Ellis, PT",Hygiene recall,kept,45.4,7.2,114.6,Insurance,PT-1428
APT-006003,2025-06-21,10:28,10,"K. Duarte, PT",Hygiene recall,kept,44.7,7.7,135.59,Private,PT-2275
APT-005987,2025-06-21,11:01,11,"K. Duarte, PT",Exam & imaging,kept,8.0,6.7,79.01,Private,PT-2969
APT-005993,2025-06-21,11:42,11,"K. Duarte, PT",Exam & imaging,kept,9.4,5.8,71.76,Insurance,PT-2272
APT-006000,2025-06-21,12:30,12,"K. Duarte, PT",Physio assessment,kept,59.5,6.6,119.98,Corporate plan,PT-2115
APT-005988,2025-06-21,13:33,13,"K. Duarte, PT",Hygiene recall,kept,44.3,19.4,106.12,Corporate plan,PT-1560
APT-005991,2025-06-21,13:35,13,"K. Duarte, PT",Hygiene recall,kept,44.1,12.6,108.12,Corporate plan,PT-2636
APT-005990,2025-06-21,14:06,14,"K. Duarte, PT",Root canal,kept,83.0,12.9,486.78,Corporate plan,PT-2341
APT-006005,2025-06-21,14:16,14,"K. Duarte, PT",Exam & imaging,kept,32.4,12.5,99.42,Private,PT-1734
APT-006004,2025-06-21,14:31,14,"M. Ellis, PT",Hygiene recall,kept,41.6,8.8,116.62,Insurance,PT-1747
APT-006001,2025-06-21,14:44,14,"K. Duarte, PT",Exam & imaging,kept,28.1,11.2,86.4,Private,PT-1224
APT-005992,2025-06-21,15:12,15,"K. Duarte, PT",Filling,no_show,39.4,9.5,0.0,Insurance,PT-1405
APT-005996,2025-06-21,16:21,16,"M. Ellis, PT",Filling,cancelled,43.6,21.8,19.24,Corporate plan,PT-1520
APT-005989,2025-06-21,16:36,16,"K. Duarte, PT",Exam & imaging,kept,16.2,11.6,78.97,Insurance,PT-2256
APT-006047,2025-06-23,08:03,8,"K. Duarte, PT",Exam & imaging,kept,29.7,7.9,86.45,Private,PT-2670
APT-006041,2025-06-23,08:49,8,Dr. Almeida,Physio assessment,no_show,49.5,13.2,0.0,Insurance,PT-1115
APT-006032,2025-06-23,09:09,9,Dr. Benitez,Exam & imaging,cancelled,15.2,8.9,10.08,Private,PT-1288
APT-006023,2025-06-23,09:11,9,Dr. Almeida,Exam & imaging,cancelled,19.2,10.8,8.72,Corporate plan,PT-1900
APT-006043,2025-06-23,09:25,9,Dr. Almeida,Hygiene recall,kept,52.5,6.2,108.12,Corporate plan,PT-1222
APT-006030,2025-06-23,09:38,9,Dr. Almeida,Filling,kept,50.0,9.3,207.36,Private,PT-1798
APT-006018,2025-06-23,09:57,9,Dr. Chandra,Physio assessment,kept,50.2,4.0,99.73,Public scheme,PT-2263
APT-006038,2025-06-23,09:57,9,Dr. Benitez,Filling,cancelled,49.8,21.6,24.56,Private,PT-2365
APT-006009,2025-06-23,09:58,9,"K. Duarte, PT",Physio assessment,kept,52.5,13.3,131.74,Insurance,PT-1880
APT-006029,2025-06-23,10:15,10,"K. Duarte, PT",Crown fit,kept,51.9,4.0,1008.91,Private,PT-2776
APT-006040,2025-06-23,10:25,10,Dr. Benitez,Physio assessment,kept,66.5,6.1,111.57,Corporate plan,PT-2683
APT-006013,2025-06-23,10:29,10,"K. Duarte, PT",Filling,kept,47.5,13.3,183.9,Corporate plan,PT-3189
APT-006017,2025-06-23,10:41,10,Dr. Almeida,Exam & imaging,rescheduled,13.2,8.5,0.0,Corporate plan,PT-2084
APT-006035,2025-06-23,11:07,11,Dr. Benitez,Exam & imaging,kept,22.9,4.5,104.41,Private,PT-2620
APT-006048,2025-06-23,11:08,11,Dr. Chandra,Hygiene recall,kept,54.3,7.8,113.3,Insurance,PT-1989
APT-006028,2025-06-23,11:12,11,Dr. Almeida,Hygiene recall,no_show,35.5,5.8,0.0,Insurance,PT-2621
APT-006022,2025-06-23,11:21,11,"K. Duarte, PT",Follow-up consult,kept,15.4,7.5,66.65,Private,PT-2586
APT-006010,2025-06-23,11:22,11,Dr. Almeida,Exam & imaging,kept,29.0,17.5,95.44,Private,PT-2230
APT-006016,2025-06-23,11:47,11,Dr. Benitez,Hygiene recall,kept,44.4,8.7,131.94,Private,PT-2279
APT-006020,2025-06-23,12:27,12,Dr. Benitez,Crown fit,no_show,55.4,14.3,0.0,Insurance,PT-2609
APT-006025,2025-06-23,12:50,12,Dr. Almeida,Exam & imaging,rescheduled,18.2,15.5,0.0,Insurance,PT-1051
APT-006008,2025-06-23,13:02,13,Dr. Chandra,Hygiene recall,kept,44.7,11.1,127.99,Private,PT-2351
APT-006021,2025-06-23,13:19,13,Dr. Benitez,Hygiene recall,kept,41.6,8.9,103.86,Corporate plan,PT-1384
APT-006046,2025-06-23,13:57,13,Dr. Chandra,Physio session,no_show,33.4,12.5,0.0,Insurance,PT-2388
APT-006015,2025-06-23,14:33,14,"K. Duarte, PT",Crown fit,kept,56.2,16.0,777.87,Insurance,PT-1327
APT-006026,2025-06-23,14:49,14,Dr. Chandra,Filling,no_show,41.5,11.6,0.0,Public scheme,PT-2279
APT-006012,2025-06-23,15:01,15,Dr. Almeida,Hygiene recall,kept,36.6,11.2,120.45,Private,PT-1551
APT-006006,2025-06-23,15:15,15,Dr. Chandra,Hygiene recall,kept,47.7,19.5,118.3,Corporate plan,PT-1328
APT-006037,2025-06-23,15:19,15,Dr. Chandra,Hygiene recall,kept,41.8,13.0,119.86,Insurance,PT-2914
APT-006050,2025-06-23,15:19,15,Dr. Almeida,Root canal,kept,87.7,8.8,537.83,Insurance,PT-2237
APT-006024,2025-06-23,15:38,15,Dr. Almeida,Exam & imaging,no_show,23.0,8.8,0.0,Private,PT-2315
APT-006019,2025-06-23,15:45,15,Dr. Benitez,Physio assessment,rescheduled,58.1,8.9,0.0,Insurance,PT-1067
APT-006044,2025-06-23,15:47,15,Dr. Chandra,Crown fit,kept,66.6,11.8,639.7,Corporate plan,PT-2367
APT-006042,2025-06-23,15:57,15,Dr. Benitez,Physio assessment,kept,48.9,11.2,120.9,Insurance,PT-2060
APT-006036,2025-06-23,15:58,15,"K. Duarte, PT",Physio assessment,kept,59.6,8.6,165.9,Insurance,PT-2636
APT-006045,2025-06-23,15:59,15,Dr. Chandra,Hygiene recall,kept,39.6,9.1,116.91,Insurance,PT-2623
APT-006051,2025-06-23,15:59,15,Dr. Chandra,Physio assessment,cancelled,46.1,13.7,17.84,Corporate plan,PT-2096
APT-006033,2025-06-23,16:01,16,"K. Duarte, PT",Hygiene recall,no_show,35.0,11.8,0.0,Private,PT-1279
APT-006031,2025-06-23,16:02,16,"K. Duarte, PT",Exam & imaging,rescheduled,39.4,16.9,0.0,Private,PT-2177
APT-006039,2025-06-23,16:08,16,"K. Duarte, PT",Hygiene recall,cancelled,50.7,15.0,12.2,Insurance,PT-2333
APT-006011,2025-06-23,16:23,16,"K. Duarte, PT",Filling,no_show,42.1,13.2,0.0,Insurance,PT-2947
APT-006049,2025-06-23,16:33,16,Dr. Almeida,Filling,kept,44.8,17.6,217.43,Private,PT-1667
APT-006034,2025-06-23,16:54,16,"K. Duarte, PT",Physio session,no_show,45.9,12.9,0.0,Corporate plan,PT-2465
APT-006027,2025-06-23,17:15,17,Dr. Almeida,Physio assessment,kept,51.8,14.5,130.48,Insurance,PT-2559
APT-006007,2025-06-23,17:20,17,Dr. Benitez,Physio session,cancelled,50.8,10.7,11.96,Insurance,PT-2916
APT-006014,2025-06-23,17:44,17,Dr. Chandra,Exam & imaging,cancelled,14.8,14.6,7.56,Public scheme,PT-3178
APT-006057,2025-06-24,08:52,8,"K. Duarte, PT",Crown fit,kept,68.8,4.8,520.7,Public scheme,PT-1060
APT-006069,2025-06-24,08:57,8,Dr. Benitez,Hygiene recall,kept,46.1,12.9,148.63,Private,PT-1279
APT-006070,2025-06-24,09:42,9,"M. Ellis, PT",Physio assessment,no_show,57.8,4.9,0.0,Private,PT-2823
APT-006063,2025-06-24,09:51,9,Dr. Almeida,Filling,kept,51.6,4.8,148.8,Public scheme,PT-1440
APT-006076,2025-06-24,09:51,9,"M. Ellis, PT",Hygiene recall,kept,48.0,3.8,116.37,Insurance,PT-2729
APT-006073,2025-06-24,10:19,10,Dr. Almeida,Exam & imaging,kept,26.5,4.6,87.51,Private,PT-1424
APT-006067,2025-06-24,10:20,10,"K. Duarte, PT",Follow-up consult,kept,19.5,5.6,58.51,Insurance,PT-2442
APT-006088,2025-06-24,10:24,10,"K. Duarte, PT",Exam & imaging,kept,21.8,4.7,72.11,Corporate plan,PT-1191
APT-006090,2025-06-24,10:27,10,"M. Ellis, PT",Physio assessment,kept,45.2,7.4,136.46,Insurance,PT-2963
APT-006075,2025-06-24,10:38,10,"K. Duarte, PT",Filling,cancelled,38.5,7.5,23.57,Insurance,PT-2691
APT-006064,2025-06-24,11:12,11,"M. Ellis, PT",Physio session,cancelled,36.0,6.7,10.77,Corporate plan,PT-1343
APT-006058,2025-06-24,12:00,12,Dr. Chandra,Hygiene recall,kept,54.1,8.9,114.95,Insurance,PT-2814
APT-006062,2025-06-24,12:14,12,"K. Duarte, PT",Physio session,no_show,49.3,6.5,0.0,Insurance,PT-1837
APT-006074,2025-06-24,12:51,12,Dr. Chandra,Hygiene recall,kept,41.0,15.5,145.12,Private,PT-2986
APT-006081,2025-06-24,13:17,13,Dr. Almeida,Crown fit,kept,51.6,12.1,960.1,Private,PT-2977
APT-006086,2025-06-24,13:48,13,"K. Duarte, PT",Exam & imaging,kept,28.2,17.8,57.08,Public scheme,PT-1494
APT-006083,2025-06-24,14:02,14,"K. Duarte, PT",Hygiene recall,kept,44.7,10.1,115.21,Insurance,PT-1812
APT-006066,2025-06-24,14:07,14,"M. Ellis, PT",Physio assessment,cancelled,58.4,10.8,16.95,Insurance,PT-2561
APT-006089,2025-06-24,14:09,14,Dr. Almeida,Hygiene recall,no_show,54.6,10.0,0.0,Insurance,PT-2331
APT-006052,2025-06-24,14:23,14,"K. Duarte, PT",Exam & imaging,kept,31.3,10.4,87.07,Insurance,PT-1623
APT-006061,2025-06-24,14:30,14,"K. Duarte, PT",Follow-up consult,kept,29.6,11.3,56.71,Corporate plan,PT-1486
APT-006080,2025-06-24,14:35,14,"M. Ellis, PT",Exam & imaging,kept,19.6,37.6,77.68,Insurance,PT-2387
APT-006082,2025-06-24,14:35,14,Dr. Almeida,Exam & imaging,kept,19.2,20.3,76.54,Corporate plan,PT-1616
APT-006079,2025-06-24,14:37,14,Dr. Benitez,Filling,kept,43.9,11.6,191.77,Insurance,PT-2011
APT-006091,2025-06-24,14:59,14,"M. Ellis, PT",Hygiene recall,cancelled,51.6,14.8,13.82,Corporate plan,PT-1987
APT-006060,2025-06-24,15:00,15,Dr. Almeida,Hygiene recall,kept,48.2,11.9,101.3,Corporate plan,PT-2919
APT-006072,2025-06-24,15:45,15,Dr. Chandra,Hygiene recall,cancelled,36.2,17.4,14.28,Private,PT-2953
APT-006071,2025-06-24,15:50,15,"M. Ellis, PT",Physio assessment,kept,59.1,10.8,121.93,Corporate plan,PT-2238
APT-006054,2025-06-24,16:01,16,"M. Ellis, PT",Filling,kept,54.2,12.4,181.31,Private,PT-2890
APT-006068,2025-06-24,16:07,16,Dr. Almeida,Physio assessment,no_show,58.1,22.2,0.0,Insurance,PT-2333
APT-006077,2025-06-24,16:08,16,"K. Duarte, PT",Hygiene recall,kept,52.1,14.4,136.25,Private,PT-1372
APT-006065,2025-06-24,16:17,16,Dr. Chandra,Root canal,kept,76.5,11.1,482.08,Corporate plan,PT-2796
APT-006085,2025-06-24,16:20,16,Dr. Benitez,Hygiene recall,cancelled,51.2,10.4,15.16,Private,PT-1311
APT-006056,2025-06-24,16:25,16,"K. Duarte, PT",Physio session,kept,33.5,16.1,70.74,Public scheme,PT-2537
APT-006087,2025-06-24,16:27,16,Dr. Almeida,Hygiene recall,kept,42.7,12.4,136.55,Private,PT-2543
APT-006078,2025-06-24,16:40,16,Dr. Almeida,Root canal,cancelled,83.0,10.7,61.86,Private,PT-2798
APT-006055,2025-06-24,16:45,16,"M. Ellis, PT",Hygiene recall,kept,38.1,12.5,117.58,Corporate plan,PT-3042
APT-006053,2025-06-24,17:12,17,"M. Ellis, PT",Physio session,cancelled,38.4,10.3,11.53,Insurance,PT-1270
APT-006084,2025-06-24,17:51,17,Dr. Almeida,Root canal,kept,76.0,9.2,436.68,Corporate plan,PT-1969
APT-006059,2025-06-24,17:57,17,"M. Ellis, PT",Hygiene recall,rescheduled,39.3,21.1,0.0,Corporate plan,PT-1026
APT-006096,2025-06-25,08:34,8,Dr. Almeida,Follow-up consult,no_show,20.4,9.2,0.0,Private,PT-2150
APT-006132,2025-06-25,09:04,9,Dr. Almeida,Follow-up consult,kept,20.0,4.3,60.93,Insurance,PT-2439
APT-006103,2025-06-25,09:11,9,Dr. Almeida,Exam & imaging,kept,24.1,15.5,60.96,Public scheme,PT-1154
APT-006098,2025-06-25,09:12,9,Dr. Faber,Hygiene recall,kept,52.5,6.4,109.63,Insurance,PT-2841
APT-006138,2025-06-25,09:13,9,"M. Ellis, PT",Filling,kept,50.3,5.5,137.1,Public scheme,PT-1732
APT-006107,2025-06-25,09:16,9,Dr. Benitez,Filling,kept,39.2,10.3,186.66,Insurance,PT-1977
APT-006145,2025-06-25,09:19,9,Dr. Faber,Follow-up consult,kept,18.7,3.6,58.87,Insurance,PT-3184
APT-006143,2025-06-25,09:25,9,Dr. Benitez,Hygiene recall,kept,54.2,9.5,131.91,Private,PT-2777
APT-006097,2025-06-25,09:39,9,"M. Ellis, PT",Hygiene recall,cancelled,45.3,9.2,16.13,Private,PT-1658
APT-006109,2025-06-25,10:06,10,Dr. Almeida,Hygiene recall,no_show,32.6,6.2,0.0,Insurance,PT-1694
APT-006120,2025-06-25,10:11,10,Dr. Almeida,Physio session,no_show,35.2,13.7,0.0,Private,PT-1723
APT-006123,2025-06-25,10:13,10,Dr. Almeida,Physio session,kept,41.2,6.0,105.07,Private,PT-1760
APT-006112,2025-06-25,10:20,10,Dr. Almeida,Physio assessment,kept,51.8,9.9,130.01,Insurance,PT-1772
APT-006137,2025-06-25,10:21,10,"K. Duarte, PT",Hygiene recall,kept,19.7,10.6,97.52,Corporate plan,PT-1152
APT-006127,2025-06-25,10:25,10,Dr. Almeida,Exam & imaging,cancelled,30.6,5.9,10.66,Insurance,PT-2524
APT-006133,2025-06-25,10:55,10,Dr. Benitez,Hygiene recall,kept,49.6,15.9,117.27,Corporate plan,PT-2398
APT-006139,2025-06-25,11:03,11,Dr. Almeida,Crown fit,no_show,63.8,5.6,0.0,Private,PT-1036
APT-006121,2025-06-25,11:15,11,"K. Duarte, PT",Physio session,kept,41.3,16.0,95.6,Private,PT-3012
APT-006134,2025-06-25,11:33,11,Dr. Almeida,Physio assessment,kept,65.4,5.1,168.13,Private,PT-1301
APT-006147,2025-06-25,11:34,11,"K. Duarte, PT",Hygiene recall,kept,38.9,14.7,84.32,Public scheme,PT-1603
APT-006141,2025-06-25,11:37,11,"K. Duarte, PT",Filling,kept,55.7,15.6,176.52,Corporate plan,PT-3021
APT-006105,2025-06-25,11:42,11,Dr. Benitez,Filling,kept,42.2,15.9,196.27,Private,PT-2765
APT-006146,2025-06-25,11:42,11,"K. Duarte, PT",Filling,kept,33.0,13.7,197.58,Insurance,PT-1495
APT-006102,2025-06-25,11:45,11,Dr. Benitez,Crown fit,kept,57.2,4.9,744.77,Insurance,PT-2221
APT-006135,2025-06-25,12:04,12,Dr. Almeida,Hygiene recall,kept,48.3,10.5,111.83,Insurance,PT-1304
APT-006117,2025-06-25,12:09,12,Dr. Almeida,Filling,kept,48.9,10.6,232.55,Private,PT-3047
APT-006130,2025-06-25,12:23,12,Dr. Almeida,Exam & imaging,kept,27.8,4.9,90.9,Insurance,PT-2034
APT-006129,2025-06-25,12:31,12,Dr. Almeida,Hygiene recall,kept,51.7,8.6,105.15,Insurance,PT-1429
APT-006124,2025-06-25,13:13,13,"M. Ellis, PT",Filling,kept,48.8,8.8,178.51,Corporate plan,PT-2192
APT-006128,2025-06-25,13:28,13,Dr. Faber,Exam & imaging,kept,44.9,16.6,74.7,Corporate plan,PT-1476
APT-006106,2025-06-25,14:00,14,"K. Duarte, PT",Hygiene recall,kept,51.4,9.7,143.44,Private,PT-2842
APT-006095,2025-06-25,14:07,14,Dr. Faber,Hygiene recall,kept,55.8,15.2,146.13,Private,PT-2402
APT-006093,2025-06-25,14:14,14,"K. Duarte, PT",Hygiene recall,kept,55.4,13.7,116.68,Insurance,PT-1895
APT-006111,2025-06-25,14:21,14,Dr. Faber,Hygiene recall,kept,56.3,11.9,106.03,Insurance,PT-2536
APT-006099,2025-06-25,14:22,14,Dr. Benitez,Filling,no_show,53.9,8.5,0.0,Private,PT-1018
APT-006136,2025-06-25,14:29,14,"K. Duarte, PT",Exam & imaging,no_show,35.3,8.8,0.0,Private,PT-2120
APT-006114,2025-06-25,14:30,14,Dr. Almeida,Physio assessment,kept,58.9,11.6,114.2,Corporate plan,PT-2370
APT-006144,2025-06-25,14:34,14,"M. Ellis, PT",Follow-up consult,kept,19.3,23.2,44.21,Public scheme,PT-1170
APT-006131,2025-06-25,14:41,14,Dr. Benitez,Hygiene recall,cancelled,50.9,10.1,10.14,Public scheme,PT-1594
APT-006126,2025-06-25,15:08,15,Dr. Almeida,Hygiene recall,kept,52.1,11.4,131.45,Private,PT-2927
APT-006118,2025-06-25,15:15,15,Dr. Benitez,Exam & imaging,kept,27.7,18.7,93.41,Private,PT-2299
APT-006142,2025-06-25,15:20,15,Dr. Benitez,Crown fit,kept,63.3,9.6,968.07,Private,PT-2322
APT-006108,2025-06-25,15:25,15,Dr. Benitez,Physio assessment,kept,67.5,13.8,134.78,Insurance,PT-1375
APT-006104,2025-06-25,15:28,15,Dr. Benitez,Hygiene recall,rescheduled,37.8,10.6,0.0,Corporate plan,PT-1337
APT-006115,2025-06-25,15:46,15,"K. Duarte, PT",Physio assessment,no_show,63.1,11.5,0.0,Private,PT-1516
APT-006125,2025-06-25,15:47,15,Dr. Almeida,Hygiene recall,cancelled,52.6,15.0,12.33,Insurance,PT-2399
APT-006101,2025-06-25,15:52,15,Dr. Faber,Root canal,kept,85.5,9.9,514.6,Insurance,PT-3111
APT-006094,2025-06-25,15:58,15,Dr. Faber,Filling,kept,48.9,9.7,187.89,Insurance,PT-2716
APT-006119,2025-06-25,16:02,16,"M. Ellis, PT",Hygiene recall,no_show,39.8,19.8,0.0,Corporate plan,PT-1384
APT-006140,2025-06-25,16:12,16,"K. Duarte, PT",Exam & imaging,kept,29.3,14.5,67.43,Public scheme,PT-3135
APT-006110,2025-06-25,16:17,16,Dr. Benitez,Filling,kept,56.3,11.2,236.2,Private,PT-2547
APT-006122,2025-06-25,16:18,16,"K. Duarte, PT",Exam & imaging,kept,19.0,16.0,74.07,Insurance,PT-1681
APT-006092,2025-06-25,16:37,16,Dr. Almeida,Hygiene recall,kept,32.3,10.8,111.4,Insurance,PT-2637
APT-006113,2025-06-25,16:51,16,Dr. Almeida,Crown fit,kept,67.6,9.8,862.95,Insurance,PT-1579
APT-006116,2025-06-25,17:15,17,"M. Ellis, PT",Root canal,kept,76.8,8.8,630.86,Private,PT-1731
APT-006100,2025-06-25,17:38,17,Dr. Benitez,Exam & imaging,no_show,22.8,11.3,0.0,Insurance,PT-2506
APT-006156,2025-06-26,08:08,8,Dr. Chandra,Filling,kept,55.4,14.5,172.63,Corporate plan,PT-1999
APT-006166,2025-06-26,09:09,9,"K. Duarte, PT",Exam & imaging,kept,21.5,7.8,102.84,Private,PT-2233
APT-006159,2025-06-26,09:33,9,"K. Duarte, PT",Hygiene recall,kept,38.4,7.0,80.77,Public scheme,PT-2068
APT-006152,2025-06-26,09:45,9,"M. Ellis, PT",Physio session,kept,48.0,8.2,93.42,Insurance,PT-2899
APT-006181,2025-06-26,09:48,9,Dr. Almeida,Filling,kept,49.6,4.0,206.37,Private,PT-1214
APT-006148,2025-06-26,10:00,10,"K. Duarte, PT",Exam & imaging,kept,33.5,10.3,81.19,Insurance,PT-1902
APT-006158,2025-06-26,10:03,10,"M. Ellis, PT",Crown fit,no_show,63.1,5.3,0.0,Private,PT-3057
APT-006177,2025-06-26,10:06,10,"K. Duarte, PT",Filling,no_show,43.1,11.3,0.0,Corporate plan,PT-3073
APT-006180,2025-06-26,10:08,10,"M. Ellis, PT",Hygiene recall,kept,47.4,3.8,117.47,Corporate plan,PT-3167
APT-006149,2025-06-26,10:14,10,Dr. Benitez,Filling,kept,60.1,12.5,174.13,Insurance,PT-2205
APT-006183,2025-06-26,10:24,10,Dr. Chandra,Root canal,kept,84.2,21.5,640.31,Private,PT-2617
APT-006188,2025-06-26,10:37,10,Dr. Chandra,Hygiene recall,kept,32.0,9.0,113.12,Insurance,PT-2096
APT-006155,2025-06-26,10:46,10,Dr. Almeida,Exam & imaging,kept,28.2,11.4,78.46,Insurance,PT-2902
APT-006151,2025-06-26,10:50,10,Dr. Benitez,Physio assessment,cancelled,57.9,8.3,16.68,Insurance,PT-1228
APT-006167,2025-06-26,10:54,10,Dr. Benitez,Exam & imaging,kept,18.4,9.5,57.87,Public scheme,PT-2333
APT-006171,2025-06-26,11:38,11,"M. Ellis, PT",Exam & imaging,kept,13.0,14.9,79.93,Insurance,PT-2519
APT-006184,2025-06-26,11:40,11,Dr. Benitez,Hygiene recall,kept,51.8,4.6,78.22,Public scheme,PT-2171
APT-006187,2025-06-26,11:44,11,Dr. Benitez,Physio session,no_show,45.8,10.5,0.0,Private,PT-1230
APT-006168,2025-06-26,11:52,11,Dr. Benitez,Exam & imaging,kept,10.7,8.0,77.45,Insurance,PT-2562
APT-006170,2025-06-26,12:25,12,Dr. Benitez,Exam & imaging,kept,25.7,13.3,85.92,Insurance,PT-2354
APT-006154,2025-06-26,12:32,12,Dr. Benitez,Hygiene recall,no_show,42.7,4.2,0.0,Insurance,PT-2357
APT-006165,2025-06-26,12:50,12,"K. Duarte, PT",Filling,rescheduled,57.5,12.6,0.0,Insurance,PT-2392
APT-006157,2025-06-26,12:59,12,Dr. Faber,Exam & imaging,cancelled,14.7,13.1,8.13,Corporate plan,PT-2678
APT-006178,2025-06-26,13:12,13,Dr. Chandra,Filling,kept,48.5,19.4,172.96,Insurance,PT-3084
APT-006172,2025-06-26,13:57,13,"K. Duarte, PT",Physio session,kept,36.1,10.6,100.98,Private,PT-2312
APT-006182,2025-06-26,14:17,14,Dr. Benitez,Physio assessment,kept,56.5,11.0,158.38,Private,PT-1846
APT-006173,2025-06-26,14:22,14,Dr. Chandra,Hygiene recall,kept,56.0,15.8,124.24,Private,PT-1202
APT-006185,2025-06-26,14:33,14,Dr. Almeida,Physio assessment,cancelled,57.4,15.2,15.23,Corporate plan,PT-1112
APT-006162,2025-06-26,14:43,14,"M. Ellis, PT",Exam & imaging,kept,28.0,10.0,78.62,Insurance,PT-2165
APT-006169,2025-06-26,14:45,14,"K. Duarte, PT",Filling,kept,46.4,10.7,186.97,Insurance,PT-1181
APT-006160,2025-06-26,15:04,15,Dr. Chandra,Root canal,kept,76.0,9.6,632.08,Private,PT-2014
APT-006153,2025-06-26,15:06,15,"K. Duarte, PT",Filling,kept,54.5,14.9,137.45,Public scheme,PT-2322
APT-006175,2025-06-26,15:07,15,Dr. Almeida,Physio session,kept,47.4,14.5,99.17,Insurance,PT-2778
APT-006164,2025-06-26,15:39,15,Dr. Benitez,Hygiene recall,no_show,39.6,9.6,0.0,Insurance,PT-1160
APT-006174,2025-06-26,16:07,16,"K. Duarte, PT",Filling,kept,59.0,10.3,173.9,Corporate plan,PT-3187
APT-006150,2025-06-26,16:17,16,"M. Ellis, PT",Hygiene recall,kept,45.7,9.2,121.42,Insurance,PT-3001
APT-006179,2025-06-26,16:23,16,Dr. Faber,Crown fit,kept,58.4,12.1,634.52,Public scheme,PT-1378
APT-006186,2025-06-26,16:24,16,Dr. Chandra,Hygiene recall,kept,49.8,12.2,141.06,Private,PT-1530
APT-006163,2025-06-26,16:43,16,"M. Ellis, PT",Hygiene recall,kept,45.6,14.3,126.48,Insurance,PT-1969
APT-006161,2025-06-26,16:44,16,Dr. Chandra,Hygiene recall,kept,45.9,9.8,115.64,Insurance,PT-1948
APT-006176,2025-06-26,16:45,16,Dr. Benitez,Follow-up consult,cancelled,22.1,15.4,7.12,Insurance,PT-1531
APT-006193,2025-06-27,08:08,8,Dr. Almeida,Hygiene recall,kept,38.3,7.7,101.48,Corporate plan,PT-3033
APT-006210,2025-06-27,08:50,8,"K. Duarte, PT",Exam & imaging,kept,18.5,3.9,67.15,Corporate plan,PT-2485
APT-006204,2025-06-27,09:24,9,Dr. Almeida,Hygiene recall,kept,43.0,5.4,102.73,Corporate plan,PT-2167
APT-006196,2025-06-27,09:32,9,Dr. Almeida,Physio assessment,kept,59.1,7.7,127.41,Corporate plan,PT-3181
APT-006219,2025-06-27,10:04,10,"M. Ellis, PT",Exam & imaging,kept,35.7,7.2,70.23,Insurance,PT-1819
APT-006221,2025-06-27,10:05,10,"K. Duarte, PT",Physio assessment,rescheduled,73.8,19.5,0.0,Private,PT-2703
APT-006223,2025-06-27,10:20,10,"K. Duarte, PT",Follow-up consult,no_show,20.7,11.7,0.0,Private,PT-2247
APT-006212,2025-06-27,10:34,10,"K. Duarte, PT",Filling,no_show,44.1,4.6,0.0,Public scheme,PT-1384
APT-006206,2025-06-27,10:43,10,Dr. Benitez,Filling,cancelled,45.5,5.3,25.07,Private,PT-1666
APT-006222,2025-06-27,10:46,10,Dr. Faber,Follow-up consult,kept,13.7,8.8,73.07,Private,PT-1322
APT-006203,2025-06-27,11:07,11,Dr. Benitez,Physio session,no_show,38.6,10.2,0.0,Insurance,PT-1009
APT-006205,2025-06-27,11:23,11,"K. Duarte, PT",Hygiene recall,kept,43.2,6.8,79.17,Public scheme,PT-2910
APT-006192,2025-06-27,11:35,11,Dr. Faber,Hygiene recall,kept,31.3,10.7,96.7,Public scheme,PT-2329
APT-006218,2025-06-27,11:59,11,"M. Ellis, PT",Exam & imaging,kept,23.1,10.4,74.44,Insurance,PT-1010
APT-006209,2025-06-27,12:05,12,Dr. Chandra,Crown fit,kept,58.9,5.5,852.54,Insurance,PT-1169
APT-006190,2025-06-27,12:12,12,Dr. Faber,Exam & imaging,no_show,33.9,5.6,0.0,Public scheme,PT-2583
APT-006197,2025-06-27,12:16,12,Dr. Almeida,Physio session,kept,47.3,11.4,101.18,Private,PT-1009
APT-006200,2025-06-27,12:19,12,"K. Duarte, PT",Physio session,cancelled,45.6,6.7,10.12,Insurance,PT-1305
APT-006208,2025-06-27,12:42,12,"M. Ellis, PT",Exam & imaging,no_show,21.8,11.6,0.0,Insurance,PT-1009
APT-006224,2025-06-27,12:49,12,Dr. Faber,Crown fit,kept,59.1,6.7,737.75,Corporate plan,PT-1089
APT-006225,2025-06-27,13:20,13,Dr. Chandra,Exam & imaging,kept,14.3,21.4,68.78,Corporate plan,PT-3023
APT-006202,2025-06-27,13:21,13,Dr. Chandra,Physio session,kept,45.1,21.4,113.82,Private,PT-2713
APT-006216,2025-06-27,13:34,13,"K. Duarte, PT",Hygiene recall,kept,66.2,9.4,140.03,Private,PT-1349
APT-006195,2025-06-27,13:42,13,Dr. Chandra,Physio assessment,kept,53.7,16.8,121.05,Corporate plan,PT-1956
APT-006201,2025-06-27,14:10,14,Dr. Almeida,Physio session,no_show,34.4,10.6,0.0,Insurance,PT-2060
APT-006214,2025-06-27,14:29,14,Dr. Almeida,Physio session,no_show,39.5,14.7,0.0,Public scheme,PT-1886
APT-006189,2025-06-27,14:36,14,"M. Ellis, PT",Exam & imaging,kept,42.0,11.7,52.59,Public scheme,PT-2038
APT-006199,2025-06-27,14:42,14,Dr. Almeida,Follow-up consult,kept,8.9,11.7,76.33,Private,PT-3084
APT-006194,2025-06-27,14:55,14,"K. Duarte, PT",Hygiene recall,kept,51.4,10.2,133.0,Private,PT-1520
APT-006213,2025-06-27,15:13,15,"M. Ellis, PT",Hygiene recall,kept,44.7,11.4,139.12,Private,PT-2763
APT-006211,2025-06-27,15:36,15,Dr. Faber,Filling,kept,50.4,17.0,225.97,Private,PT-2098
APT-006217,2025-06-27,16:23,16,"K. Duarte, PT",Root canal,kept,82.3,9.7,675.58,Private,PT-1686
APT-006215,2025-06-27,16:34,16,Dr. Chandra,Hygiene recall,kept,41.0,19.0,110.16,Insurance,PT-2837
APT-006198,2025-06-27,16:36,16,Dr. Chandra,Filling,kept,20.2,17.0,176.9,Corporate plan,PT-2380
APT-006207,2025-06-27,16:53,16,"M. Ellis, PT",Filling,kept,47.4,9.6,192.89,Insurance,PT-2773
APT-006191,2025-06-27,17:04,17,"K. Duarte, PT",Hygiene recall,kept,43.1,14.7,114.88,Insurance,PT-1293
APT-006220,2025-06-27,17:25,17,"M. Ellis, PT",Hygiene recall,kept,52.0,15.6,130.6,Insurance,PT-1663
APT-006226,2025-06-28,08:05,8,"M. Ellis, PT",Hygiene recall,kept,50.7,4.4,127.15,Insurance,PT-1840
APT-006237,2025-06-28,09:15,9,"M. Ellis, PT",Root canal,kept,87.3,7.4,603.87,Private,PT-2647
APT-006240,2025-06-28,09:40,9,"K. Duarte, PT",Hygiene recall,kept,44.3,6.1,89.16,Public scheme,PT-2811
APT-006241,2025-06-28,10:52,10,"K. Duarte, PT",Physio session,kept,32.8,4.2,98.85,Private,PT-2735
APT-006242,2025-06-28,11:33,11,"K. Duarte, PT",Filling,no_show,41.1,18.0,0.0,Insurance,PT-1616
APT-006233,2025-06-28,11:41,11,"K. Duarte, PT",Exam & imaging,kept,25.5,7.3,93.8,Private,PT-2357
APT-006245,2025-06-28,12:40,12,"K. Duarte, PT",Exam & imaging,kept,34.7,6.1,106.59,Private,PT-1992
APT-006246,2025-06-28,13:10,13,"K. Duarte, PT",Hygiene recall,cancelled,47.5,14.0,13.38,Insurance,PT-2484
APT-006227,2025-06-28,14:07,14,"K. Duarte, PT",Hygiene recall,kept,54.7,17.7,112.63,Insurance,PT-2637
APT-006230,2025-06-28,14:27,14,"M. Ellis, PT",Exam & imaging,kept,17.1,19.1,91.04,Private,PT-2356
APT-006244,2025-06-28,14:53,14,"K. Duarte, PT",Hygiene recall,kept,39.1,17.9,114.88,Insurance,PT-1848
APT-006232,2025-06-28,14:58,14,"K. Duarte, PT",Hygiene recall,kept,48.8,9.1,129.72,Private,PT-1688
APT-006236,2025-06-28,15:04,15,"K. Duarte, PT",Physio assessment,kept,53.7,11.3,129.35,Private,PT-2498
APT-006228,2025-06-28,15:05,15,"M. Ellis, PT",Physio assessment,cancelled,44.1,14.7,10.91,Public scheme,PT-1131
APT-006235,2025-06-28,15:31,15,"M. Ellis, PT",Root canal,no_show,80.3,13.0,0.0,Insurance,PT-2592
APT-006229,2025-06-28,15:53,15,"M. Ellis, PT",Hygiene recall,no_show,46.0,15.0,0.0,Corporate plan,PT-1458
APT-006238,2025-06-28,16:14,16,"K. Duarte, PT",Hygiene recall,no_show,46.5,12.0,0.0,Public scheme,PT-1892
APT-006231,2025-06-28,16:16,16,"K. Duarte, PT",Hygiene recall,kept,53.7,11.0,108.47,Insurance,PT-2500
APT-006234,2025-06-28,16:23,16,"K. Duarte, PT",Follow-up consult,no_show,19.4,10.1,0.0,Public scheme,PT-2325
APT-006243,2025-06-28,17:25,17,"K. Duarte, PT",Hygiene recall,kept,40.3,15.4,135.11,Private,PT-1512
APT-006239,2025-06-28,17:50,17,"M. Ellis, PT",Physio session,kept,51.9,13.9,94.18,Insurance,PT-2536
APT-006302,2025-06-30,09:00,9,Dr. Almeida,Hygiene recall,kept,53.3,10.2,134.83,Insurance,PT-2530
APT-006276,2025-06-30,09:28,9,Dr. Chandra,Hygiene recall,kept,51.8,8.4,141.65,Private,PT-2087
APT-006265,2025-06-30,09:38,9,Dr. Almeida,Physio session,kept,39.4,9.9,102.33,Private,PT-1925
APT-006257,2025-06-30,09:39,9,"K. Duarte, PT",Crown fit,kept,68.0,11.7,612.78,Corporate plan,PT-1241
APT-006266,2025-06-30,09:40,9,Dr. Almeida,Exam & imaging,no_show,14.6,5.3,0.0,Insurance,PT-2148
APT-006289,2025-06-30,09:40,9,Dr. Benitez,Exam & imaging,kept,29.3,7.3,71.21,Corporate plan,PT-2766
APT-006254,2025-06-30,09:46,9,Dr. Chandra,Hygiene recall,kept,40.8,9.9,106.59,Insurance,PT-2328
APT-006295,2025-06-30,09:48,9,Dr. Benitez,Hygiene recall,kept,46.9,10.2,132.82,Private,PT-1680
APT-006253,2025-06-30,10:05,10,"K. Duarte, PT",Hygiene recall,kept,48.0,7.1,122.81,Private,PT-2313
APT-006260,2025-06-30,10:09,10,Dr. Chandra,Exam & imaging,kept,14.9,8.7,87.64,Private,PT-1376
APT-006292,2025-06-30,10:44,10,"K. Duarte, PT",Filling,kept,47.5,10.7,205.63,Private,PT-2500
APT-006268,2025-06-30,10:45,10,Dr. Almeida,Exam & imaging,kept,22.9,23.3,80.65,Insurance,PT-1919
APT-006270,2025-06-30,11:00,11,"K. Duarte, PT",Hygiene recall,kept,52.1,6.7,127.3,Private,PT-1091
APT-006275,2025-06-30,11:02,11,Dr. Benitez,Filling,kept,57.4,7.2,165.36,Corporate plan,PT-2863
APT-006267,2025-06-30,11:27,11,Dr. Almeida,Exam & imaging,no_show,32.9,12.1,0.0,Insurance,PT-1559
APT-006261,2025-06-30,11:32,11,"K. Duarte, PT",Exam & imaging,no_show,23.2,8.3,0.0,Private,PT-1305
APT-006294,2025-06-30,11:33,11,Dr. Almeida,Physio assessment,kept,55.6,7.7,128.35,Insurance,PT-1303
APT-006251,2025-06-30,11:35,11,Dr. Chandra,Exam & imaging,rescheduled,26.6,6.9,0.0,Private,PT-2779
APT-006279,2025-06-30,11:41,11,"K. Duarte, PT",Exam & imaging,no_show,20.7,14.6,0.0,Insurance,PT-1242
APT-006247,2025-06-30,11:44,11,Dr. Almeida,Hygiene recall,kept,36.4,14.8,151.49,Private,PT-1524
APT-006281,2025-06-30,11:52,11,Dr. Chandra,Physio assessment,kept,63.5,4.2,131.63,Insurance,PT-1730
APT-006285,2025-06-30,12:16,12,Dr. Chandra,Physio session,rescheduled,46.3,7.4,0.0,Insurance,PT-2645
APT-006301,2025-06-30,12:16,12,Dr. Chandra,Exam & imaging,no_show,23.8,9.4,0.0,Private,PT-2459
APT-006282,2025-06-30,12:25,12,Dr. Chandra,Hygiene recall,kept,48.0,5.2,120.89,Private,PT-3041
APT-006297,2025-06-30,12:30,12,Dr. Chandra,Hygiene recall,kept,51.0,12.2,103.02,Insurance,PT-2088
APT-006287,2025-06-30,12:33,12,"K. Duarte, PT",Hygiene recall,kept,60.7,4.4,121.17,Private,PT-1006
APT-006296,2025-06-30,13:10,13,Dr. Benitez,Exam & imaging,kept,12.9,9.7,89.77,Insurance,PT-1178
APT-006249,2025-06-30,13:37,13,Dr. Chandra,Exam & imaging,kept,27.8,11.5,104.46,Private,PT-1028
APT-006272,2025-06-30,13:46,13,Dr. Almeida,Exam & imaging,kept,26.4,9.3,77.06,Insurance,PT-2077
APT-006273,2025-06-30,13:51,13,Dr. Benitez,Hygiene recall,kept,33.2,20.0,121.43,Insurance,PT-3050
APT-006277,2025-06-30,14:01,14,Dr. Benitez,Filling,kept,46.6,13.4,150.49,Corporate plan,PT-2178
APT-006269,2025-06-30,14:24,14,Dr. Almeida,Filling,kept,41.7,10.1,179.4,Insurance,PT-1257
APT-006283,2025-06-30,14:28,14,Dr. Chandra,Root canal,kept,79.4,13.8,555.72,Insurance,PT-3131
APT-006299,2025-06-30,14:34,14,"K. Duarte, PT",Hygiene recall,kept,43.0,18.5,132.56,Private,PT-1368
APT-006284,2025-06-30,14:39,14,Dr. Chandra,Physio session,kept,42.3,11.2,94.48,Insurance,PT-1080
APT-006264,2025-06-30,14:46,14,"K. Duarte, PT",Physio session,kept,49.8,11.9,90.03,Insurance,PT-2014
APT-006250,2025-06-30,14:55,14,"K. Duarte, PT",Root canal,kept,80.3,11.3,350.54,Public scheme,PT-2190
APT-006248,2025-06-30,15:07,15,Dr. Chandra,Exam & imaging,kept,17.3,10.7,80.42,Insurance,PT-2885
APT-006298,2025-06-30,15:11,15,"K. Duarte, PT",Hygiene recall,kept,51.9,17.9,138.87,Private,PT-1161
APT-006293,2025-06-30,15:14,15,Dr. Benitez,Root canal,kept,81.8,10.3,541.49,Insurance,PT-1144
APT-006258,2025-06-30,15:19,15,"K. Duarte, PT",Filling,kept,45.8,13.1,194.84,Insurance,PT-1036
APT-006262,2025-06-30,15:26,15,Dr. Almeida,Filling,no_show,51.3,14.6,0.0,Insurance,PT-2127
APT-006288,2025-06-30,15:28,15,Dr. Chandra,Exam & imaging,kept,32.9,22.3,67.94,Corporate plan,PT-2287
APT-006263,2025-06-30,15:29,15,"K. Duarte, PT",Exam & imaging,kept,37.3,14.1,75.52,Insurance,PT-2201
APT-006259,2025-06-30,15:35,15,Dr. Benitez,Exam & imaging,kept,23.9,18.4,94.91,Private,PT-1832
APT-006280,2025-06-30,15:35,15,Dr. Almeida,Hygiene recall,kept,49.5,13.6,136.34,Private,PT-1795
APT-006271,2025-06-30,15:54,15,Dr. Chandra,Physio session,kept,34.5,10.6,91.19,Insurance,PT-1020
APT-006278,2025-06-30,16:07,16,Dr. Almeida,Filling,cancelled,46.3,12.0,23.63,Insurance,PT-1644
APT-006256,2025-06-30,16:20,16,Dr. Almeida,Filling,kept,45.7,12.8,174.88,Insurance,PT-1750
APT-006291,2025-06-30,16:37,16,"K. Duarte, PT",Exam & imaging,cancelled,20.7,19.0,6.64,Public scheme,PT-1746
APT-006255,2025-06-30,16:40,16,Dr. Benitez,Hygiene recall,kept,53.5,13.4,100.5,Corporate plan,PT-1926
APT-006274,2025-06-30,16:44,16,"K. Duarte, PT",Physio session,no_show,32.5,14.2,0.0,Corporate plan,PT-2934
APT-006300,2025-06-30,16:45,16,"K. Duarte, PT",Hygiene recall,kept,34.3,19.9,142.4,Private,PT-2052
APT-006286,2025-06-30,16:47,16,"K. Duarte, PT",Physio session,kept,43.7,17.9,111.86,Private,PT-1899
APT-006290,2025-06-30,17:16,17,"K. Duarte, PT",Exam & imaging,kept,24.6,21.2,92.96,Private,PT-3031
APT-006252,2025-06-30,17:39,17,Dr. Chandra,Hygiene recall,cancelled,44.1,14.7,13.24,Insurance,PT-2616
APT-006306,2025-07-01,08:44,8,Dr. Chandra,Crown fit,kept,65.7,5.0,1017.35,Private,PT-2421
APT-006304,2025-07-01,08:45,8,"K. Duarte, PT",Filling,kept,50.0,6.0,170.15,Insurance,PT-2150
APT-006347,2025-07-01,09:01,9,Dr. Almeida,Hygiene recall,kept,41.5,7.1,114.51,Insurance,PT-2572
APT-006315,2025-07-01,09:15,9,Dr. Almeida,Crown fit,kept,76.1,8.3,897.87,Private,PT-2078
APT-006312,2025-07-01,09:22,9,Dr. Benitez,Hygiene recall,no_show,55.7,12.9,0.0,Private,PT-1224
APT-006332,2025-07-01,09:35,9,"K. Duarte, PT",Root canal,kept,79.9,8.9,515.15,Corporate plan,PT-2607
APT-006324,2025-07-01,09:44,9,Dr. Benitez,Hygiene recall,kept,33.9,13.1,108.71,Corporate plan,PT-2701
APT-006338,2025-07-01,10:01,10,Dr. Almeida,Follow-up consult,kept,16.1,11.4,58.88,Corporate plan,PT-3189
APT-006348,2025-07-01,10:07,10,Dr. Chandra,Physio session,kept,54.5,5.2,94.75,Corporate plan,PT-2295
APT-006330,2025-07-01,10:35,10,Dr. Almeida,Exam & imaging,kept,12.6,5.9,79.37,Insurance,PT-1008
APT-006325,2025-07-01,10:43,10,Dr. Chandra,Exam & imaging,kept,8.0,12.4,81.09,Insurance,PT-1938
APT-006326,2025-07-01,11:01,11,"M. Ellis, PT",Exam & imaging,kept,19.8,4.9,79.72,Insurance,PT-2102
APT-006337,2025-07-01,11:03,11,"K. Duarte, PT",Filling,kept,36.2,6.7,141.97,Public scheme,PT-3034
APT-006327,2025-07-01,11:06,11,Dr. Almeida,Hygiene recall,kept,47.1,18.6,111.02,Insurance,PT-1972
APT-006349,2025-07-01,11:09,11,Dr. Benitez,Physio session,kept,47.3,7.0,100.19,Insurance,PT-2514
APT-006311,2025-07-01,11:18,11,"K. Duarte, PT",Exam & imaging,kept,25.5,7.3,100.62,Private,PT-1371
APT-006346,2025-07-01,11:20,11,Dr. Almeida,Root canal,kept,71.1,9.5,499.93,Insurance,PT-1637
APT-006313,2025-07-01,11:28,11,"K. Duarte, PT",Hygiene recall,kept,35.1,9.2,119.33,Private,PT-3109
APT-006329,2025-07-01,11:39,11,Dr. Almeida,Crown fit,kept,71.1,6.8,750.11,Insurance,PT-2959
APT-006334,2025-07-01,11:40,11,Dr. Almeida,Hygiene recall,cancelled,46.2,7.8,11.47,Public scheme,PT-2804
APT-006318,2025-07-01,11:43,11,"M. Ellis, PT",Hygiene recall,kept,44.4,21.5,115.14,Insurance,PT-1646
APT-006319,2025-07-01,12:07,12,Dr. Benitez,Filling,kept,50.9,7.0,194.51,Insurance,PT-2395
APT-006323,2025-07-01,13:18,13,"K. Duarte, PT",Root canal,kept,87.3,15.9,586.27,Private,PT-3096
APT-006321,2025-07-01,13:32,13,"K. Duarte, PT",Physio session,kept,36.9,9.1,106.25,Private,PT-1497
APT-006343,2025-07-01,13:48,13,Dr. Benitez,Filling,kept,34.2,12.0,172.31,Corporate plan,PT-1220
APT-006314,2025-07-01,13:55,13,Dr. Chandra,Hygiene recall,kept,40.2,13.9,101.08,Insurance,PT-1774
APT-006331,2025-07-01,14:16,14,"M. Ellis, PT",Follow-up consult,no_show,20.6,22.1,0.0,Insurance,PT-3118
APT-006333,2025-07-01,14:20,14,Dr. Almeida,Filling,kept,45.3,12.7,160.57,Corporate plan,PT-1259
APT-006328,2025-07-01,14:22,14,Dr. Almeida,Exam & imaging,no_show,28.8,12.7,0.0,Private,PT-2193
APT-006307,2025-07-01,14:31,14,Dr. Almeida,Physio session,kept,46.4,17.8,88.2,Insurance,PT-1857
APT-006320,2025-07-01,14:39,14,Dr. Benitez,Hygiene recall,kept,53.1,20.7,118.98,Insurance,PT-3149
APT-006309,2025-07-01,15:10,15,Dr. Almeida,Hygiene recall,kept,47.6,14.6,108.18,Insurance,PT-2214
APT-006341,2025-07-01,15:14,15,Dr. Almeida,Hygiene recall,kept,53.6,12.5,105.11,Insurance,PT-1114
APT-006339,2025-07-01,15:23,15,Dr. Almeida,Filling,kept,51.1,19.2,184.23,Insurance,PT-1696
APT-006308,2025-07-01,15:28,15,Dr. Almeida,Hygiene recall,kept,36.0,12.2,88.02,Public scheme,PT-3043
APT-006305,2025-07-01,16:03,16,Dr. Benitez,Physio assessment,no_show,49.7,9.8,0.0,Insurance,PT-1349
APT-006322,2025-07-01,16:09,16,Dr. Benitez,Physio assessment,kept,52.1,12.2,115.62,Corporate plan,PT-2893
APT-006344,2025-07-01,16:18,16,Dr. Almeida,Crown fit,kept,51.8,17.4,735.06,Insurance,PT-1029
APT-006316,2025-07-01,16:19,16,Dr. Almeida,Root canal,kept,72.0,12.5,632.74,Private,PT-2723
APT-006342,2025-07-01,16:22,16,Dr. Almeida,Hygiene recall,kept,40.3,18.3,119.19,Insurance,PT-3177
APT-006317,2025-07-01,16:28,16,Dr. Almeida,Crown fit,kept,59.6,21.6,751.88,Insurance,PT-2678
APT-006335,2025-07-01,16:48,16,Dr. Chandra,Crown fit,kept,70.8,13.0,905.95,Private,PT-1159
APT-006336,2025-07-01,16:48,16,Dr. Chandra,Filling,kept,41.1,13.6,186.54,Insurance,PT-2064
APT-006310,2025-07-01,17:25,17,Dr. Almeida,Crown fit,kept,61.5,10.8,756.91,Insurance,PT-2567
APT-006303,2025-07-01,17:45,17,"K. Duarte, PT",Crown fit,kept,52.3,15.8,785.57,Insurance,PT-1556
APT-006340,2025-07-01,17:46,17,Dr. Chandra,Physio session,kept,39.1,10.5,99.84,Corporate plan,PT-1181
APT-006345,2025-07-01,17:49,17,Dr. Almeida,Physio session,no_show,55.2,18.2,0.0,Private,PT-2117
APT-006377,2025-07-02,08:06,8,Dr. Faber,Exam & imaging,kept,38.9,5.0,87.78,Insurance,PT-1008
APT-006353,2025-07-02,08:23,8,Dr. Benitez,Physio session,no_show,40.2,10.0,0.0,Insurance,PT-2591
APT-006389,2025-07-02,08:42,8,Dr. Almeida,Filling,kept,57.7,5.4,167.99,Insurance,PT-2640
APT-006402,2025-07-02,09:00,9,Dr. Almeida,Filling,kept,47.0,6.7,201.25,Private,PT-1124
APT-006371,2025-07-02,09:18,9,Dr. Almeida,Crown fit,cancelled,57.2,7.4,94.55,Insurance,PT-3100
APT-006401,2025-07-02,09:18,9,Dr. Almeida,Exam & imaging,kept,22.5,8.5,76.04,Corporate plan,PT-1946
APT-006361,2025-07-02,09:38,9,Dr. Benitez,Exam & imaging,cancelled,12.6,6.4,10.87,Private,PT-2026
APT-006393,2025-07-02,09:59,9,Dr. Almeida,Physio session,kept,38.8,11.6,93.6,Insurance,PT-2250
APT-006403,2025-07-02,10:10,10,Dr. Benitez,Filling,kept,55.0,4.7,170.55,Insurance,PT-1013
APT-006384,2025-07-02,10:21,10,Dr. Benitez,Hygiene recall,no_show,48.0,10.1,0.0,Insurance,PT-2702
APT-006362,2025-07-02,10:30,10,Dr. Benitez,Physio session,kept,49.6,7.7,73.7,Insurance,PT-1159
APT-006390,2025-07-02,10:57,10,"M. Ellis, PT",Crown fit,kept,77.7,13.2,871.84,Private,PT-1488
APT-006369,2025-07-02,11:13,11,Dr. Almeida,Hygiene recall,cancelled,38.9,7.7,15.18,Insurance,PT-1149
APT-006379,2025-07-02,11:21,11,Dr. Benitez,Root canal,kept,82.8,7.8,468.32,Insurance,PT-2691
APT-006354,2025-07-02,11:22,11,"K. Duarte, PT",Physio assessment,cancelled,62.5,14.9,14.81,Corporate plan,PT-2536
APT-006396,2025-07-02,11:23,11,Dr. Almeida,Filling,kept,47.2,4.5,239.6,Private,PT-2918
APT-006398,2025-07-02,11:29,11,"K. Duarte, PT",Follow-up consult,kept,28.1,5.6,57.68,Insurance,PT-1603
APT-006391,2025-07-02,11:45,11,"M. Ellis, PT",Exam & imaging,kept,38.5,4.4,75.61,Corporate plan,PT-2610
APT-006395,2025-07-02,11:58,11,"K. Duarte, PT",Hygiene recall,kept,46.2,10.4,146.5,Private,PT-1926
APT-006406,2025-07-02,12:00,12,Dr. Almeida,Hygiene recall,kept,34.9,5.4,134.86,Private,PT-2824
APT-006385,2025-07-02,12:01,12,Dr. Faber,Hygiene recall,kept,40.0,6.5,129.08,Private,PT-2020
APT-006367,2025-07-02,12:17,12,"M. Ellis, PT",Physio assessment,rescheduled,58.4,7.3,0.0,Insurance,PT-2062
APT-006397,2025-07-02,12:58,12,"K. Duarte, PT",Filling,cancelled,62.1,10.9,15.95,Public scheme,PT-2848
APT-006394,2025-07-02,13:06,13,Dr. Almeida,Hygiene recall,kept,37.2,9.8,123.04,Insurance,PT-1690
APT-006368,2025-07-02,13:07,13,Dr. Almeida,Exam & imaging,kept,32.2,12.1,93.54,Private,PT-1902
APT-006351,2025-07-02,13:09,13,"M. Ellis, PT",Filling,kept,57.3,11.1,203.54,Insurance,PT-1948
APT-006366,2025-07-02,13:09,13,Dr. Almeida,Root canal,cancelled,82.0,11.8,43.99,Public scheme,PT-2948
APT-006364,2025-07-02,13:53,13,"K. Duarte, PT",Exam & imaging,no_show,25.8,14.9,0.0,Private,PT-2651
APT-006381,2025-07-02,14:00,14,Dr. Almeida,Physio session,no_show,42.3,13.5,0.0,Private,PT-2716
APT-006360,2025-07-02,14:05,14,Dr. Almeida,Hygiene recall,kept,49.5,13.2,107.17,Corporate plan,PT-2109
APT-006373,2025-07-02,14:12,14,"K. Duarte, PT",Physio assessment,kept,49.9,12.3,145.92,Private,PT-3035
APT-006399,2025-07-02,14:27,14,"K. Duarte, PT",Root canal,kept,72.2,12.7,682.38,Private,PT-2649
APT-006374,2025-07-02,14:34,14,"K. Duarte, PT",Exam & imaging,cancelled,20.7,12.4,8.76,Corporate plan,PT-1027
APT-006404,2025-07-02,14:37,14,Dr. Benitez,Crown fit,kept,68.5,11.1,725.12,Corporate plan,PT-2342
APT-006378,2025-07-02,14:45,14,Dr. Benitez,Exam & imaging,kept,25.3,11.7,58.95,Public scheme,PT-3191
APT-006356,2025-07-02,14:46,14,"K. Duarte, PT",Exam & imaging,kept,31.3,12.1,81.03,Corporate plan,PT-1661
APT-006350,2025-07-02,14:52,14,Dr. Faber,Exam & imaging,kept,24.2,19.5,112.23,Private,PT-2092
APT-006400,2025-07-02,14:53,14,"K. Duarte, PT",Crown fit,kept,65.2,12.2,927.47,Private,PT-3009
APT-006355,2025-07-02,15:00,15,Dr. Faber,Hygiene recall,kept,55.5,18.4,134.03,Private,PT-1111
APT-006388,2025-07-02,15:00,15,"K. Duarte, PT",Exam & imaging,kept,27.6,10.0,108.61,Private,PT-2435
APT-006372,2025-07-02,15:01,15,Dr. Almeida,Physio session,cancelled,32.8,9.8,11.31,Insurance,PT-1977
APT-006383,2025-07-02,15:15,15,Dr. Almeida,Hygiene recall,kept,43.1,11.0,110.07,Insurance,PT-2399
APT-006352,2025-07-02,15:26,15,Dr. Benitez,Hygiene recall,kept,27.6,15.3,130.93,Private,PT-3153
APT-006405,2025-07-02,15:31,15,"K. Duarte, PT",Filling,kept,47.3,14.5,202.01,Private,PT-1374
APT-006382,2025-07-02,15:34,15,"K. Duarte, PT",Root canal,kept,69.7,10.6,526.58,Insurance,PT-2226
APT-006370,2025-07-02,15:36,15,Dr. Faber,Exam & imaging,cancelled,19.6,12.4,11.24,Private,PT-1812
APT-006387,2025-07-02,15:37,15,Dr. Benitez,Hygiene recall,kept,36.8,12.0,119.51,Insurance,PT-1912
APT-006365,2025-07-02,15:43,15,"M. Ellis, PT",Hygiene recall,kept,46.8,12.6,115.71,Insurance,PT-2471
APT-006376,2025-07-02,15:50,15,Dr. Almeida,Physio assessment,kept,61.5,13.8,117.22,Corporate plan,PT-2524
APT-006359,2025-07-02,16:41,16,"K. Duarte, PT",Filling,kept,44.9,11.3,235.04,Private,PT-1342
APT-006363,2025-07-02,16:44,16,Dr. Almeida,Physio assessment,kept,61.4,14.1,132.95,Insurance,PT-1015
APT-006380,2025-07-02,16:45,16,Dr. Benitez,Hygiene recall,kept,38.0,11.3,119.79,Insurance,PT-2394
APT-006357,2025-07-02,17:09,17,Dr. Benitez,Filling,rescheduled,28.9,12.0,0.0,Private,PT-2751
APT-006386,2025-07-02,17:37,17,Dr. Almeida,Physio assessment,no_show,53.3,12.6,0.0,Private,PT-1515
APT-006375,2025-07-02,17:45,17,Dr. Almeida,Crown fit,kept,63.9,10.4,732.81,Insurance,PT-2894
APT-006358,2025-07-02,17:52,17,"K. Duarte, PT",Hygiene recall,kept,41.7,14.4,133.47,Private,PT-2942
APT-006392,2025-07-02,17:56,17,Dr. Almeida,Filling,kept,45.3,10.9,216.5,Private,PT-1765
APT-006434,2025-07-03,08:05,8,Dr. Almeida,Root canal,rescheduled,83.5,11.2,0.0,Insurance,PT-2503
APT-006416,2025-07-03,09:19,9,Dr. Almeida,Physio assessment,no_show,61.9,6.3,0.0,Private,PT-2263
APT-006430,2025-07-03,09:30,9,Dr. Benitez,Physio assessment,kept,62.0,10.2,119.07,Corporate plan,PT-2634
APT-006429,2025-07-03,09:36,9,Dr. Faber,Physio assessment,kept,57.8,7.2,136.59,Corporate plan,PT-1910
APT-006442,2025-07-03,09:40,9,Dr. Almeida,Exam & imaging,kept,27.9,13.8,85.2,Insurance,PT-1571
APT-006438,2025-07-03,09:52,9,"K. Duarte, PT",Hygiene recall,kept,54.1,11.6,108.72,Corporate plan,PT-1131
APT-006415,2025-07-03,10:20,10,"M. Ellis, PT",Physio assessment,no_show,58.1,9.6,0.0,Corporate plan,PT-1978
APT-006446,2025-07-03,10:39,10,"K. Duarte, PT",Physio session,kept,36.3,7.4,100.25,Insurance,PT-2349
APT-006435,2025-07-03,10:42,10,Dr. Chandra,Crown fit,kept,60.1,28.4,751.36,Insurance,PT-1481
APT-006441,2025-07-03,10:52,10,Dr. Faber,Hygiene recall,kept,30.1,6.3,151.19,Private,PT-2165
APT-006432,2025-07-03,11:05,11,Dr. Chandra,Hygiene recall,kept,53.6,6.0,101.97,Corporate plan,PT-1531
APT-006420,2025-07-03,11:26,11,"K. Duarte, PT",Physio session,kept,38.1,9.7,86.43,Corporate plan,PT-1825
APT-006418,2025-07-03,11:34,11,"K. Duarte, PT",Hygiene recall,kept,47.4,5.9,118.94,Insurance,PT-2114
APT-006443,2025-07-03,11:47,11,"M. Ellis, PT",Physio assessment,kept,53.0,5.2,144.52,Private,PT-1120
APT-006440,2025-07-03,12:07,12,"K. Duarte, PT",Exam & imaging,kept,26.6,11.0,80.0,Insurance,PT-2193
APT-006445,2025-07-03,12:33,12,"K. Duarte, PT",Hygiene recall,kept,47.1,9.7,109.43,Insurance,PT-2067
APT-006413,2025-07-03,12:48,12,Dr. Benitez,Crown fit,kept,62.9,5.6,890.55,Private,PT-3095
APT-006411,2025-07-03,12:52,12,Dr. Almeida,Follow-up consult,kept,19.7,4.8,48.38,Corporate plan,PT-3088
APT-006423,2025-07-03,12:52,12,Dr. Almeida,Filling,no_show,50.8,5.5,0.0,Private,PT-1149
APT-006428,2025-07-03,12:59,12,Dr. Benitez,Hygiene recall,kept,44.6,5.0,117.24,Insurance,PT-1644
APT-006409,2025-07-03,13:00,13,Dr. Almeida,Filling,kept,50.0,17.9,161.15,Insurance,PT-2047
APT-006410,2025-07-03,13:08,13,Dr. Chandra,Physio session,kept,34.6,11.1,65.5,Public scheme,PT-2974
APT-006433,2025-07-03,13:55,13,"K. Duarte, PT",Hygiene recall,kept,34.2,11.8,125.53,Private,PT-2486
APT-006414,2025-07-03,14:11,14,Dr. Chandra,Physio session,kept,33.6,10.9,80.21,Corporate plan,PT-1015
APT-006407,2025-07-03,14:21,14,Dr. Almeida,Follow-up consult,kept,8.0,13.0,47.56,Public scheme,PT-1779
APT-006425,2025-07-03,15:02,15,Dr. Chandra,Root canal,kept,80.9,17.0,466.75,Corporate plan,PT-2200
APT-006439,2025-07-03,15:05,15,Dr. Benitez,Exam & imaging,kept,15.4,10.9,80.06,Insurance,PT-1740
APT-006427,2025-07-03,15:06,15,"K. Duarte, PT",Physio assessment,kept,51.9,15.6,146.22,Insurance,PT-2180
APT-006417,2025-07-03,15:07,15,Dr. Chandra,Exam & imaging,kept,15.4,13.1,81.88,Insurance,PT-2838
APT-006444,2025-07-03,15:17,15,Dr. Chandra,Physio assessment,kept,53.3,14.9,128.87,Insurance,PT-2664
APT-006419,2025-07-03,15:21,15,Dr. Almeida,Exam & imaging,no_show,42.0,9.9,0.0,Insurance,PT-1439
APT-006408,2025-07-03,15:25,15,"K. Duarte, PT",Hygiene recall,kept,49.5,15.8,128.38,Private,PT-1679
APT-006424,2025-07-03,15:25,15,"K. Duarte, PT",Physio session,kept,44.5,12.6,87.67,Insurance,PT-2887
APT-006421,2025-07-03,15:33,15,"M. Ellis, PT",Crown fit,kept,68.8,12.8,596.12,Public scheme,PT-2828
APT-006412,2025-07-03,15:43,15,Dr. Benitez,Exam & imaging,no_show,28.4,9.7,0.0,Insurance,PT-1979
APT-006426,2025-07-03,16:16,16,"K. Duarte, PT",Root canal,kept,72.4,10.3,491.83,Corporate plan,PT-2752
APT-006437,2025-07-03,16:29,16,"K. Duarte, PT",Follow-up consult,kept,27.2,11.6,76.12,Private,PT-1343
APT-006422,2025-07-03,16:52,16,Dr. Chandra,Physio session,kept,39.9,12.0,104.0,Private,PT-1078
APT-006431,2025-07-03,16:55,16,"K. Duarte, PT",Physio assessment,kept,51.0,9.4,126.09,Corporate plan,PT-1617
APT-006436,2025-07-03,17:39,17,Dr. Benitez,Hygiene recall,rescheduled,51.5,13.5,0.0,Corporate plan,PT-2988
APT-006468,2025-07-04,09:25,9,Dr. Chandra,Hygiene recall,kept,40.3,10.4,116.2,Insurance,PT-1751
APT-006456,2025-07-04,09:44,9,Dr. Almeida,Exam & imaging,kept,31.0,10.0,101.64,Private,PT-1399
APT-006482,2025-07-04,09:51,9,Dr. Benitez,Physio session,kept,34.4,13.8,113.78,Private,PT-2477
APT-006474,2025-07-04,10:08,10,Dr. Almeida,Physio session,kept,38.6,18.9,98.69,Private,PT-1373
APT-006463,2025-07-04,10:31,10,Dr. Benitez,Hygiene recall,kept,30.4,12.0,126.65,Private,PT-2357
APT-006480,2025-07-04,10:42,10,Dr. Benitez,Physio session,no_show,36.0,12.9,0.0,Public scheme,PT-1367
APT-006458,2025-07-04,11:03,11,Dr. Faber,Physio session,kept,42.0,6.5,106.5,Private,PT-1055
APT-006462,2025-07-04,11:06,11,Dr. Benitez,Filling,no_show,45.4,7.0,0.0,Insurance,PT-1776
APT-006481,2025-07-04,11:13,11,Dr. Benitez,Exam & imaging,kept,18.5,9.9,69.82,Corporate plan,PT-3186
APT-006454,2025-07-04,11:59,11,"K. Duarte, PT",Filling,kept,45.3,14.6,212.65,Private,PT-2914
APT-006461,2025-07-04,12:11,12,Dr. Almeida,Hygiene recall,no_show,42.3,10.2,0.0,Insurance,PT-2231
APT-006455,2025-07-04,12:13,12,Dr. Chandra,Root canal,kept,78.6,9.7,415.51,Public scheme,PT-1014
APT-006466,2025-07-04,12:22,12,Dr. Benitez,Exam & imaging,cancelled,19.4,8.5,9.17,Insurance,PT-2686
APT-006476,2025-07-04,12:23,12,"M. Ellis, PT",Hygiene recall,kept,38.6,10.5,112.87,Insurance,PT-1328
APT-006465,2025-07-04,12:27,12,Dr. Almeida,Exam & imaging,kept,30.3,6.6,86.48,Insurance,PT-1150
APT-006447,2025-07-04,12:46,12,"M. Ellis, PT",Hygiene recall,kept,65.4,12.5,142.48,Private,PT-1029
APT-006453,2025-07-04,13:27,13,"K. Duarte, PT",Hygiene recall,kept,43.8,19.6,111.21,Corporate plan,PT-1492
APT-006451,2025-07-04,14:24,14,"M. Ellis, PT",Physio assessment,kept,48.3,16.2,111.66,Corporate plan,PT-2516
APT-006449,2025-07-04,14:33,14,Dr. Almeida,Hygiene recall,kept,40.0,11.6,128.23,Private,PT-1552
APT-006452,2025-07-04,14:35,14,"K. Duarte, PT",Exam & imaging,kept,14.5,13.3,92.92,Insurance,PT-2945
APT-006473,2025-07-04,14:54,14,Dr. Chandra,Physio assessment,no_show,58.4,11.9,0.0,Insurance,PT-2779
APT-006457,2025-07-04,15:00,15,Dr. Almeida,Hygiene recall,kept,39.7,10.8,135.61,Private,PT-2029
APT-006467,2025-07-04,15:05,15,Dr. Chandra,Filling,kept,43.7,14.1,177.73,Insurance,PT-2475
APT-006475,2025-07-04,15:16,15,"K. Duarte, PT",Follow-up consult,kept,23.0,11.4,55.07,Corporate plan,PT-2539
APT-006479,2025-07-04,15:23,15,Dr. Almeida,Root canal,kept,84.3,11.8,616.94,Private,PT-1553
APT-006464,2025-07-04,15:26,15,Dr. Chandra,Physio session,no_show,31.2,12.0,0.0,Corporate plan,PT-1054
APT-006478,2025-07-04,15:28,15,Dr. Almeida,Filling,kept,35.7,11.1,164.8,Corporate plan,PT-2420
APT-006450,2025-07-04,15:52,15,Dr. Chandra,Exam & imaging,kept,22.1,16.8,74.61,Corporate plan,PT-2564
APT-006470,2025-07-04,16:13,16,Dr. Chandra,Exam & imaging,rescheduled,21.1,10.8,0.0,Insurance,PT-1737
APT-006471,2025-07-04,16:17,16,Dr. Benitez,Filling,kept,41.8,21.6,192.82,Insurance,PT-2494
APT-006472,2025-07-04,16:24,16,"M. Ellis, PT",Follow-up consult,kept,21.7,10.7,67.33,Insurance,PT-3120
APT-006459,2025-07-04,16:29,16,Dr. Benitez,Hygiene recall,kept,48.8,10.7,103.66,Corporate plan,PT-1792
APT-006448,2025-07-04,16:49,16,Dr. Benitez,Root canal,no_show,70.7,12.0,0.0,Insurance,PT-1555
APT-006460,2025-07-04,16:53,16,"K. Duarte, PT",Exam & imaging,kept,29.1,10.1,103.96,Private,PT-1537
APT-006477,2025-07-04,17:34,17,"K. Duarte, PT",Filling,kept,38.9,12.4,191.95,Insurance,PT-1812
APT-006469,2025-07-04,17:39,17,Dr. Chandra,Hygiene recall,kept,41.8,17.1,146.94,Private,PT-2512
APT-006494,2025-07-05,08:56,8,"K. Duarte, PT",Hygiene recall,cancelled,39.4,13.3,9.82,Public scheme,PT-1430
APT-006497,2025-07-05,09:09,9,"M. Ellis, PT",Physio session,no_show,33.3,10.9,0.0,Corporate plan,PT-1998
APT-006498,2025-07-05,09:38,9,"K. Duarte, PT",Root canal,kept,84.0,14.1,654.57,Private,PT-1482
APT-006502,2025-07-05,09:39,9,"M. Ellis, PT",Hygiene recall,kept,59.6,5.7,91.6,Public scheme,PT-1806
APT-006483,2025-07-05,10:04,10,"K. Duarte, PT",Physio session,kept,42.0,19.2,101.98,Private,PT-2715
APT-006487,2025-07-05,10:17,10,"K. Duarte, PT",Physio assessment,kept,59.3,6.0,125.37,Corporate plan,PT-2612
APT-006485,2025-07-05,10:37,10,"M. Ellis, PT",Hygiene recall,kept,52.5,11.4,135.5,Private,PT-3152
APT-006503,2025-07-05,11:28,11,"M. Ellis, PT",Crown fit,no_show,57.3,6.0,0.0,Corporate plan,PT-1733
APT-006488,2025-07-05,11:37,11,"K. Duarte, PT",Physio session,kept,35.0,5.8,86.36,Insurance,PT-2314
APT-006504,2025-07-05,11:49,11,"M. Ellis, PT",Exam & imaging,kept,31.7,5.4,102.83,Private,PT-1074
APT-006495,2025-07-05,12:26,12,"K. Duarte, PT",Filling,kept,44.3,10.8,197.91,Insurance,PT-3073
APT-006505,2025-07-05,12:41,12,"K. Duarte, PT",Hygiene recall,kept,45.5,5.2,119.47,Corporate plan,PT-2417
APT-006492,2025-07-05,14:11,14,"M. Ellis, PT",Hygiene recall,no_show,43.8,13.7,0.0,Private,PT-1110
APT-006486,2025-07-05,14:20,14,"K. Duarte, PT",Follow-up consult,kept,13.1,11.6,58.16,Corporate plan,PT-1334
APT-006491,2025-07-05,14:26,14,"K. Duarte, PT",Exam & imaging,kept,29.4,12.9,81.77,Insurance,PT-1339
APT-006484,2025-07-05,15:14,15,"K. Duarte, PT",Exam & imaging,no_show,24.1,12.5,0.0,Insurance,PT-1321
APT-006490,2025-07-05,15:48,15,"M. Ellis, PT",Filling,rescheduled,53.1,12.1,0.0,Insurance,PT-2614
APT-006489,2025-07-05,16:19,16,"K. Duarte, PT",Filling,no_show,43.5,12.3,0.0,Private,PT-1679
APT-006496,2025-07-05,16:56,16,"M. Ellis, PT",Crown fit,kept,58.1,11.1,774.32,Insurance,PT-1410
APT-006500,2025-07-05,17:14,17,"K. Duarte, PT",Hygiene recall,kept,48.9,12.4,99.43,Corporate plan,PT-2390
APT-006501,2025-07-05,17:20,17,"M. Ellis, PT",Hygiene recall,kept,42.1,9.7,104.72,Corporate plan,PT-2726
APT-006506,2025-07-05,17:20,17,"M. Ellis, PT",Follow-up consult,kept,17.6,14.5,55.92,Corporate plan,PT-1071
APT-006493,2025-07-05,17:30,17,"M. Ellis, PT",Hygiene recall,kept,51.2,13.4,103.43,Corporate plan,PT-2200
APT-006499,2025-07-05,17:37,17,"K. Duarte, PT",Exam & imaging,kept,27.6,11.2,73.07,Insurance,PT-1871
APT-006521,2025-07-07,09:05,9,"K. Duarte, PT",Follow-up consult,kept,28.8,4.9,67.91,Private,PT-1649
APT-006541,2025-07-07,09:05,9,Dr. Benitez,Exam & imaging,kept,21.9,9.4,74.6,Corporate plan,PT-2239
APT-006516,2025-07-07,09:38,9,Dr. Almeida,Filling,no_show,34.7,9.4,0.0,Insurance,PT-2468
APT-006519,2025-07-07,09:56,9,Dr. Chandra,Hygiene recall,kept,27.7,5.6,84.85,Public scheme,PT-1017
APT-006512,2025-07-07,10:12,10,"K. Duarte, PT",Exam & imaging,kept,31.4,17.9,91.98,Private,PT-1798
APT-006524,2025-07-07,10:30,10,"K. Duarte, PT",Hygiene recall,cancelled,50.8,5.1,15.48,Private,PT-1926
APT-006529,2025-07-07,10:32,10,Dr. Benitez,Hygiene recall,no_show,25.9,6.7,0.0,Private,PT-1006
APT-006535,2025-07-07,10:44,10,Dr. Benitez,Hygiene recall,kept,48.5,10.5,123.51,Insurance,PT-1240
APT-006532,2025-07-07,10:50,10,Dr. Chandra,Physio session,kept,45.3,13.0,113.27,Private,PT-1090
APT-006510,2025-07-07,11:12,11,Dr. Almeida,Hygiene recall,kept,38.9,10.1,105.67,Corporate plan,PT-2501
APT-006537,2025-07-07,11:17,11,Dr. Almeida,Physio assessment,no_show,52.8,13.3,0.0,Corporate plan,PT-2426
APT-006536,2025-07-07,11:25,11,"K. Duarte, PT",Physio session,kept,44.1,13.5,110.29,Private,PT-1092
APT-006539,2025-07-07,11:26,11,Dr. Almeida,Hygiene recall,kept,46.4,11.1,123.91,Private,PT-1934
APT-006527,2025-07-07,11:28,11,"K. Duarte, PT",Exam & imaging,kept,33.0,21.8,80.74,Private,PT-1230
APT-006513,2025-07-07,11:31,11,Dr. Benitez,Exam & imaging,kept,21.8,13.2,88.68,Private,PT-3073
APT-006526,2025-07-07,11:36,11,Dr. Almeida,Exam & imaging,kept,13.5,12.0,60.37,Public scheme,PT-1210
APT-006530,2025-07-07,11:43,11,Dr. Chandra,Physio session,kept,27.5,18.5,66.36,Public scheme,PT-1139
APT-006514,2025-07-07,11:54,11,Dr. Almeida,Hygiene recall,no_show,40.6,6.4,0.0,Public scheme,PT-3053
APT-006518,2025-07-07,12:03,12,Dr. Almeida,Hygiene recall,kept,40.0,8.0,114.11,Insurance,PT-2814
APT-006523,2025-07-07,12:31,12,Dr. Benitez,Exam & imaging,kept,19.2,4.5,74.78,Insurance,PT-2859
APT-006538,2025-07-07,12:31,12,"K. Duarte, PT",Physio assessment,kept,64.4,9.5,127.23,Insurance,PT-1585
APT-006528,2025-07-07,13:13,13,Dr. Benitez,Crown fit,no_show,58.9,12.5,0.0,Insurance,PT-1256
APT-006507,2025-07-07,13:16,13,Dr. Chandra,Physio session,cancelled,31.6,17.2,12.47,Private,PT-2789
APT-006533,2025-07-07,13:37,13,Dr. Chandra,Physio session,rescheduled,35.0,11.5,0.0,Insurance,PT-1713
APT-006540,2025-07-07,13:37,13,"K. Duarte, PT",Physio session,kept,47.3,16.4,84.18,Insurance,PT-1383
APT-006511,2025-07-07,14:53,14,"K. Duarte, PT",Physio session,kept,35.6,9.8,107.85,Private,PT-3164
APT-006525,2025-07-07,15:02,15,Dr. Benitez,Filling,kept,38.4,13.4,192.04,Insurance,PT-1590
APT-006520,2025-07-07,15:15,15,Dr. Chandra,Hygiene recall,kept,46.3,12.1,109.6,Insurance,PT-2009
APT-006517,2025-07-07,15:44,15,"K. Duarte, PT",Hygiene recall,no_show,40.8,19.4,0.0,Insurance,PT-1235
APT-006534,2025-07-07,15:51,15,Dr. Benitez,Physio assessment,kept,55.8,20.4,93.97,Public scheme,PT-2081
APT-006522,2025-07-07,15:58,15,Dr. Benitez,Exam & imaging,kept,22.7,15.7,76.46,Corporate plan,PT-3003
APT-006509,2025-07-07,16:21,16,"K. Duarte, PT",Hygiene recall,kept,55.5,12.2,109.04,Insurance,PT-1762
APT-006515,2025-07-07,16:29,16,Dr. Benitez,Physio session,cancelled,38.2,19.0,11.3,Private,PT-1709
APT-006531,2025-07-07,17:20,17,Dr. Almeida,Exam & imaging,kept,21.1,12.5,70.84,Corporate plan,PT-1836
APT-006508,2025-07-07,17:54,17,Dr. Chandra,Physio session,kept,31.5,10.8,99.33,Private,PT-3186
APT-006578,2025-07-08,08:14,8,Dr. Almeida,Hygiene recall,kept,40.6,9.3,120.04,Insurance,PT-2532
APT-006591,2025-07-08,08:22,8,"K. Duarte, PT",Filling,kept,47.6,20.2,143.4,Corporate plan,PT-1308
APT-006561,2025-07-08,09:01,9,"M. Ellis, PT",Exam & imaging,rescheduled,26.6,7.1,0.0,Insurance,PT-1564
APT-006542,2025-07-08,09:06,9,"M. Ellis, PT",Filling,kept,36.2,10.5,164.01,Insurance,PT-2440
APT-006590,2025-07-08,09:10,9,Dr. Chandra,Hygiene recall,no_show,54.3,6.8,0.0,Private,PT-1063
APT-006555,2025-07-08,09:27,9,"K. Duarte, PT",Exam & imaging,kept,21.6,25.1,77.34,Insurance,PT-3088
APT-006550,2025-07-08,09:28,9,Dr. Almeida,Exam & imaging,kept,25.8,7.3,60.88,Public scheme,PT-2858
APT-006560,2025-07-08,09:39,9,Dr. Almeida,Filling,cancelled,52.3,13.8,20.7,Insurance,PT-2601
APT-006563,2025-07-08,10:01,10,Dr. Benitez,Filling,kept,47.2,6.1,215.98,Insurance,PT-3036
APT-006566,2025-07-08,10:07,10,"M. Ellis, PT",Exam & imaging,kept,37.5,11.0,88.85,Insurance,PT-3094
APT-006579,2025-07-08,10:19,10,"M. Ellis, PT",Hygiene recall,kept,44.1,5.5,126.5,Private,PT-2065
APT-006547,2025-07-08,10:24,10,"K. Duarte, PT",Follow-up consult,kept,20.0,9.7,48.64,Public scheme,PT-2572
APT-006549,2025-07-08,10:29,10,Dr. Almeida,Hygiene recall,kept,41.8,8.6,111.76,Insurance,PT-2686
APT-006574,2025-07-08,10:33,10,Dr. Almeida,Root canal,kept,86.0,11.4,509.39,Corporate plan,PT-1618
APT-006565,2025-07-08,10:35,10,Dr. Benitez,Hygiene recall,cancelled,41.8,7.0,13.56,Insurance,PT-2487
APT-006588,2025-07-08,10:35,10,"K. Duarte, PT",Hygiene recall,no_show,40.3,13.9,0.0,Corporate plan,PT-2041
APT-006562,2025-07-08,10:59,10,Dr. Benitez,Crown fit,kept,65.9,9.4,735.25,Insurance,PT-1239
APT-006564,2025-07-08,11:34,11,Dr. Benitez,Hygiene recall,cancelled,43.5,8.7,15.54,Private,PT-1720
APT-006558,2025-07-08,11:40,11,Dr. Chandra,Root canal,kept,77.9,11.6,485.69,Corporate plan,PT-2848
APT-006586,2025-07-08,11:47,11,"M. Ellis, PT",Hygiene recall,kept,36.7,6.7,89.98,Public scheme,PT-1411
APT-006589,2025-07-08,11:50,11,"M. Ellis, PT",Exam & imaging,kept,19.0,6.9,82.16,Insurance,PT-3170
APT-006559,2025-07-08,11:57,11,Dr. Chandra,Physio assessment,kept,69.7,8.2,145.3,Insurance,PT-1664
APT-006580,2025-07-08,12:31,12,"M. Ellis, PT",Filling,no_show,43.5,5.2,0.0,Insurance,PT-2765
APT-006571,2025-07-08,12:39,12,Dr. Almeida,Hygiene recall,kept,60.0,6.4,133.51,Insurance,PT-1887
APT-006552,2025-07-08,12:43,12,"M. Ellis, PT",Exam & imaging,cancelled,31.3,6.4,9.56,Insurance,PT-1913
APT-006557,2025-07-08,12:57,12,Dr. Chandra,Exam & imaging,cancelled,19.7,10.7,12.24,Private,PT-2584
APT-006577,2025-07-08,13:23,13,Dr. Chandra,Hygiene recall,kept,38.3,11.8,103.01,Corporate plan,PT-1809
APT-006569,2025-07-08,13:33,13,Dr. Chandra,Exam & imaging,rescheduled,18.9,16.2,0.0,Insurance,PT-2124
APT-006584,2025-07-08,14:02,14,"K. Duarte, PT",Hygiene recall,no_show,46.0,11.8,0.0,Private,PT-1495
APT-006568,2025-07-08,14:05,14,Dr. Chandra,Filling,cancelled,36.9,13.1,22.75,Insurance,PT-2423
APT-006576,2025-07-08,14:06,14,Dr. Chandra,Hygiene recall,kept,43.9,16.0,113.09,Insurance,PT-2113
APT-006570,2025-07-08,14:21,14,"K. Duarte, PT",Exam & imaging,no_show,30.5,10.5,0.0,Private,PT-1257
APT-006582,2025-07-08,14:22,14,Dr. Chandra,Hygiene recall,kept,45.8,13.9,117.2,Insurance,PT-2110
APT-006556,2025-07-08,14:50,14,Dr. Chandra,Exam & imaging,kept,29.6,15.9,98.08,Private,PT-2215
APT-006572,2025-07-08,15:00,15,Dr. Chandra,Filling,kept,29.1,10.8,217.44,Private,PT-2867
APT-006585,2025-07-08,15:00,15,Dr. Almeida,Exam & imaging,no_show,37.3,10.3,0.0,Insurance,PT-1779
APT-006587,2025-07-08,15:04,15,Dr. Chandra,Physio assessment,kept,54.8,15.7,156.35,Private,PT-1973
APT-006548,2025-07-08,15:12,15,Dr. Almeida,Exam & imaging,kept,22.9,14.9,86.94,Insurance,PT-1049
APT-006553,2025-07-08,15:16,15,Dr. Benitez,Physio assessment,kept,48.8,16.6,132.95,Insurance,PT-1764
APT-006551,2025-07-08,15:17,15,"M. Ellis, PT",Follow-up consult,kept,24.0,22.0,62.66,Insurance,PT-2346
APT-006544,2025-07-08,15:29,15,Dr. Benitez,Exam & imaging,kept,34.5,21.0,64.04,Public scheme,PT-3149
APT-006583,2025-07-08,15:34,15,"K. Duarte, PT",Hygiene recall,kept,42.9,20.2,107.66,Corporate plan,PT-1977
APT-006543,2025-07-08,15:37,15,"K. Duarte, PT",Physio session,kept,46.6,14.6,62.39,Public scheme,PT-1978
APT-006575,2025-07-08,15:51,15,"K. Duarte, PT",Hygiene recall,kept,43.7,16.5,109.54,Insurance,PT-2239
APT-006593,2025-07-08,15:53,15,Dr. Almeida,Hygiene recall,kept,42.4,10.8,108.67,Corporate plan,PT-1579
APT-006554,2025-07-08,16:01,16,Dr. Benitez,Root canal,kept,80.9,11.8,591.31,Private,PT-1888
APT-006545,2025-07-08,16:08,16,Dr. Chandra,Exam & imaging,kept,28.3,15.2,82.01,Insurance,PT-2018
APT-006567,2025-07-08,16:18,16,Dr. Almeida,Follow-up consult,no_show,15.5,11.1,0.0,Private,PT-1694
APT-006581,2025-07-08,16:45,16,Dr. Benitez,Hygiene recall,no_show,42.5,15.3,0.0,Insurance,PT-3170
APT-006573,2025-07-08,16:56,16,Dr. Chandra,Filling,kept,38.7,15.2,184.64,Insurance,PT-2920
APT-006546,2025-07-08,17:10,17,Dr. Almeida,Hygiene recall,kept,50.8,13.6,76.75,Public scheme,PT-2405
APT-006592,2025-07-08,17:43,17,"M. Ellis, PT",Physio assessment,kept,45.0,20.5,164.77,Private,PT-2990
APT-006600,2025-07-09,08:28,8,Dr. Benitez,Physio session,no_show,37.7,11.6,0.0,Public scheme,PT-2206
APT-006624,2025-07-09,08:52,8,"K. Duarte, PT",Hygiene recall,kept,51.7,5.0,98.86,Corporate plan,PT-1337
APT-006620,2025-07-09,08:57,8,Dr. Benitez,Physio assessment,no_show,52.4,6.3,0.0,Corporate plan,PT-2899
APT-006610,2025-07-09,09:53,9,Dr. Benitez,Physio session,kept,47.2,7.0,100.7,Insurance,PT-1808
APT-006606,2025-07-09,09:54,9,Dr. Faber,Filling,no_show,44.8,12.4,0.0,Insurance,PT-2182
APT-006595,2025-07-09,10:06,10,Dr. Almeida,Exam & imaging,kept,37.3,6.7,76.02,Insurance,PT-3120
APT-006634,2025-07-09,10:10,10,"M. Ellis, PT",Hygiene recall,cancelled,37.5,8.1,15.38,Private,PT-2765
APT-006633,2025-07-09,10:24,10,Dr. Benitez,Filling,kept,49.8,8.9,176.7,Insurance,PT-1089
APT-006625,2025-07-09,10:28,10,"K. Duarte, PT",Physio session,kept,37.1,11.7,87.19,Insurance,PT-1070
APT-006616,2025-07-09,10:34,10,Dr. Almeida,Hygiene recall,no_show,50.1,6.6,0.0,Insurance,PT-1018
APT-006632,2025-07-09,10:41,10,"M. Ellis, PT",Filling,no_show,53.2,8.5,0.0,Insurance,PT-1322
APT-006612,2025-07-09,10:46,10,Dr. Almeida,Physio assessment,kept,57.0,12.8,91.27,Public scheme,PT-1371
APT-006594,2025-07-09,10:51,10,"M. Ellis, PT",Hygiene recall,kept,43.3,8.0,126.78,Private,PT-2955
APT-006626,2025-07-09,10:56,10,Dr. Faber,Filling,kept,52.6,9.0,196.06,Private,PT-1629
APT-006601,2025-07-09,11:07,11,"K. Duarte, PT",Physio assessment,kept,63.0,7.2,156.34,Private,PT-1193
APT-006603,2025-07-09,11:28,11,Dr. Almeida,Physio assessment,kept,58.3,5.9,150.79,Private,PT-2698
APT-006609,2025-07-09,11:46,11,Dr. Almeida,Exam & imaging,kept,24.7,7.3,92.2,Private,PT-1099
APT-006611,2025-07-09,12:11,12,Dr. Almeida,Exam & imaging,kept,34.3,11.4,88.88,Insurance,PT-1199
APT-006615,2025-07-09,12:22,12,Dr. Almeida,Filling,kept,54.5,7.8,187.17,Private,PT-1839
APT-006631,2025-07-09,12:29,12,Dr. Faber,Exam & imaging,kept,17.6,8.2,73.45,Corporate plan,PT-2067
APT-006621,2025-07-09,13:01,13,"K. Duarte, PT",Exam & imaging,no_show,22.0,10.9,0.0,Insurance,PT-2054
APT-006614,2025-07-09,14:00,14,Dr. Almeida,Physio session,kept,37.2,23.5,104.92,Private,PT-1162
APT-006596,2025-07-09,14:02,14,"K. Duarte, PT",Physio session,no_show,34.7,19.6,0.0,Insurance,PT-3174
APT-006622,2025-07-09,14:18,14,Dr. Almeida,Filling,kept,39.4,17.8,182.57,Insurance,PT-2803
APT-006605,2025-07-09,14:20,14,Dr. Benitez,Follow-up consult,rescheduled,15.8,16.7,0.0,Insurance,PT-2785
APT-006617,2025-07-09,14:30,14,Dr. Almeida,Exam & imaging,kept,19.9,10.6,76.56,Insurance,PT-1022
APT-006604,2025-07-09,14:51,14,Dr. Benitez,Follow-up consult,kept,18.3,14.9,76.06,Private,PT-1290
APT-006608,2025-07-09,14:56,14,"K. Duarte, PT",Exam & imaging,kept,34.4,14.3,76.42,Insurance,PT-2759
APT-006635,2025-07-09,15:06,15,"M. Ellis, PT",Hygiene recall,kept,38.3,18.1,74.64,Public scheme,PT-2265
APT-006630,2025-07-09,15:14,15,"M. Ellis, PT",Physio assessment,kept,57.2,14.9,172.03,Private,PT-2564
APT-006599,2025-07-09,15:30,15,"M. Ellis, PT",Hygiene recall,kept,42.7,11.8,87.92,Public scheme,PT-2721
APT-006613,2025-07-09,15:35,15,"K. Duarte, PT",Hygiene recall,kept,49.5,17.8,118.88,Insurance,PT-1182
APT-006629,2025-07-09,15:35,15,"M. Ellis, PT",Filling,kept,37.6,12.7,215.5,Private,PT-2790
APT-006602,2025-07-09,15:52,15,"K. Duarte, PT",Hygiene recall,cancelled,45.8,27.3,14.6,Insurance,PT-1009
APT-006628,2025-07-09,15:52,15,"K. Duarte, PT",Physio session,kept,39.1,11.6,110.86,Private,PT-1592
APT-006623,2025-07-09,16:05,16,Dr. Faber,Physio assessment,kept,54.0,14.4,124.56,Corporate plan,PT-2726
APT-006618,2025-07-09,16:54,16,Dr. Faber,Hygiene recall,no_show,40.9,11.3,0.0,Private,PT-1044
APT-006597,2025-07-09,17:07,17,Dr. Faber,Filling,no_show,51.3,27.0,0.0,Private,PT-2473
APT-006627,2025-07-09,17:20,17,"M. Ellis, PT",Crown fit,kept,66.0,14.9,1009.76,Private,PT-1725
APT-006598,2025-07-09,17:25,17,Dr. Benitez,Exam & imaging,kept,29.3,17.8,62.61,Public scheme,PT-2720
APT-006607,2025-07-09,17:33,17,Dr. Almeida,Exam & imaging,no_show,30.7,11.6,0.0,Private,PT-3117
APT-006619,2025-07-09,17:33,17,"M. Ellis, PT",Physio assessment,kept,53.7,13.2,157.68,Private,PT-2844
APT-006681,2025-07-10,08:01,8,"K. Duarte, PT",Hygiene recall,kept,41.6,10.8,82.98,Public scheme,PT-3024
APT-006654,2025-07-10,09:04,9,Dr. Benitez,Physio session,kept,51.3,10.6,89.45,Insurance,PT-1703
APT-006646,2025-07-10,09:10,9,Dr. Almeida,Filling,no_show,59.2,11.4,0.0,Private,PT-2152
APT-006680,2025-07-10,09:16,9,Dr. Faber,Exam & imaging,kept,34.2,7.9,71.94,Corporate plan,PT-1814
APT-006668,2025-07-10,09:17,9,Dr. Faber,Filling,kept,42.4,13.7,233.73,Private,PT-2205
APT-006676,2025-07-10,09:19,9,"K. Duarte, PT",Hygiene recall,cancelled,39.4,4.8,15.52,Private,PT-2914
APT-006679,2025-07-10,09:21,9,Dr. Chandra,Filling,kept,39.4,9.7,177.3,Insurance,PT-2310
APT-006672,2025-07-10,09:29,9,Dr. Faber,Physio session,rescheduled,29.3,21.5,0.0,Private,PT-2668
APT-006645,2025-07-10,10:19,10,"M. Ellis, PT",Hygiene recall,kept,38.0,8.0,83.1,Public scheme,PT-1074
APT-006670,2025-07-10,10:31,10,Dr. Chandra,Hygiene recall,kept,46.3,8.1,106.59,Insurance,PT-2823
APT-006657,2025-07-10,10:35,10,"K. Duarte, PT",Hygiene recall,cancelled,49.7,6.2,14.59,Insurance,PT-2447
APT-006642,2025-07-10,10:36,10,Dr. Benitez,Filling,kept,39.4,7.5,233.31,Private,PT-2216
APT-006694,2025-07-10,10:39,10,Dr. Chandra,Exam & imaging,kept,25.5,7.4,82.57,Insurance,PT-1077
APT-006647,2025-07-10,10:42,10,"K. Duarte, PT",Hygiene recall,cancelled,34.6,7.9,15.86,Private,PT-1651
APT-006677,2025-07-10,10:47,10,"M. Ellis, PT",Physio session,kept,37.6,7.3,100.81,Private,PT-3038
APT-006692,2025-07-10,10:48,10,"K. Duarte, PT",Exam & imaging,kept,32.0,6.1,98.18,Private,PT-3050
APT-006669,2025-07-10,10:58,10,"M. Ellis, PT",Physio session,kept,51.9,7.1,85.09,Insurance,PT-2374
APT-006662,2025-07-10,11:04,11,Dr. Almeida,Exam & imaging,cancelled,35.2,12.4,11.2,Private,PT-2573
APT-006682,2025-07-10,11:05,11,Dr. Chandra,Exam & imaging,kept,27.5,11.4,66.62,Public scheme,PT-1758
APT-006667,2025-07-10,11:11,11,Dr. Chandra,Filling,no_show,57.6,12.3,0.0,Corporate plan,PT-1060
APT-006674,2025-07-10,11:18,11,Dr. Benitez,Physio assessment,kept,64.2,9.1,160.53,Private,PT-1676
APT-006638,2025-07-10,11:22,11,Dr. Faber,Filling,kept,57.6,15.3,153.52,Insurance,PT-3110
APT-006649,2025-07-10,11:29,11,Dr. Chandra,Follow-up consult,kept,16.5,11.7,53.15,Corporate plan,PT-1616
APT-006686,2025-07-10,11:30,11,Dr. Almeida,Exam & imaging,kept,17.6,7.3,104.38,Private,PT-2079
APT-006666,2025-07-10,11:37,11,Dr. Benitez,Exam & imaging,kept,8.0,15.8,87.39,Private,PT-1702
APT-006671,2025-07-10,11:42,11,"K. Duarte, PT",Hygiene recall,kept,41.3,11.4,124.04,Private,PT-1384
APT-006673,2025-07-10,11:44,11,Dr. Benitez,Physio assessment,kept,45.0,7.9,130.17,Insurance,PT-2965
APT-006690,2025-07-10,11:55,11,"K. Duarte, PT",Physio session,kept,31.8,13.2,100.44,Insurance,PT-2352
APT-006687,2025-07-10,12:18,12,Dr. Almeida,Exam & imaging,kept,28.2,6.9,91.05,Private,PT-1836
APT-006658,2025-07-10,12:28,12,Dr. Almeida,Exam & imaging,kept,18.8,9.0,97.34,Private,PT-2122
APT-006639,2025-07-10,12:59,12,Dr. Faber,Exam & imaging,kept,26.9,5.5,80.95,Insurance,PT-3169
APT-006653,2025-07-10,13:44,13,Dr. Almeida,Exam & imaging,kept,29.3,14.0,95.34,Private,PT-1103
APT-006652,2025-07-10,14:01,14,Dr. Almeida,Physio assessment,kept,62.1,12.5,97.64,Public scheme,PT-2299
APT-006664,2025-07-10,14:25,14,Dr. Faber,Crown fit,kept,63.9,11.0,754.33,Insurance,PT-2582
APT-006665,2025-07-10,14:29,14,Dr. Chandra,Hygiene recall,kept,35.1,10.9,142.47,Private,PT-1836
APT-006660,2025-07-10,14:30,14,"K. Duarte, PT",Root canal,kept,87.2,13.8,500.59,Insurance,PT-1041
APT-006685,2025-07-10,14:44,14,"K. Duarte, PT",Physio session,kept,40.5,11.9,123.84,Private,PT-1634
APT-006689,2025-07-10,14:44,14,Dr. Almeida,Filling,kept,32.0,12.9,178.87,Corporate plan,PT-3116
APT-006678,2025-07-10,14:45,14,Dr. Benitez,Hygiene recall,kept,42.5,12.3,134.0,Insurance,PT-1662
APT-006636,2025-07-10,15:02,15,"M. Ellis, PT",Hygiene recall,kept,38.9,20.6,127.65,Private,PT-1229
APT-006640,2025-07-10,15:15,15,Dr. Benitez,Physio assessment,kept,51.4,16.9,112.51,Insurance,PT-1859
APT-006688,2025-07-10,15:16,15,"K. Duarte, PT",Exam & imaging,kept,30.2,11.0,53.87,Public scheme,PT-3031
APT-006683,2025-07-10,15:20,15,Dr. Chandra,Filling,kept,41.7,13.6,149.16,Insurance,PT-1863
APT-006637,2025-07-10,15:23,15,"K. Duarte, PT",Physio session,kept,44.7,14.3,88.23,Insurance,PT-1644
APT-006661,2025-07-10,15:23,15,Dr. Chandra,Hygiene recall,kept,46.8,26.8,137.21,Private,PT-1118
APT-006650,2025-07-10,15:24,15,Dr. Benitez,Crown fit,kept,69.3,15.2,1050.27,Private,PT-2322
APT-006691,2025-07-10,15:25,15,"K. Duarte, PT",Root canal,kept,78.6,14.3,564.64,Insurance,PT-1277
APT-006641,2025-07-10,15:37,15,Dr. Chandra,Physio assessment,kept,47.5,10.8,169.27,Private,PT-3142
APT-006643,2025-07-10,15:46,15,"K. Duarte, PT",Physio session,kept,29.1,12.5,80.08,Corporate plan,PT-2447
APT-006655,2025-07-10,16:06,16,"M. Ellis, PT",Hygiene recall,rescheduled,31.8,12.3,0.0,Public scheme,PT-1017
APT-006648,2025-07-10,16:23,16,Dr. Benitez,Exam & imaging,no_show,30.2,14.1,0.0,Insurance,PT-1874
APT-006684,2025-07-10,16:25,16,"M. Ellis, PT",Exam & imaging,kept,31.2,30.2,70.58,Corporate plan,PT-2350
APT-006644,2025-07-10,16:58,16,Dr. Faber,Hygiene recall,kept,43.4,13.7,124.56,Insurance,PT-1321
APT-006651,2025-07-10,16:58,16,"K. Duarte, PT",Hygiene recall,kept,37.8,17.5,136.34,Private,PT-1558
APT-006675,2025-07-10,17:30,17,Dr. Almeida,Exam & imaging,kept,27.5,13.9,99.82,Private,PT-2009
APT-006656,2025-07-10,17:36,17,Dr. Faber,Exam & imaging,kept,32.0,10.5,73.29,Corporate plan,PT-1104
APT-006693,2025-07-10,17:42,17,"M. Ellis, PT",Filling,no_show,49.6,11.5,0.0,Private,PT-1135
APT-006663,2025-07-10,17:43,17,Dr. Chandra,Physio assessment,kept,55.1,10.8,128.33,Corporate plan,PT-1148
APT-006659,2025-07-10,17:45,17,"M. Ellis, PT",Physio assessment,kept,57.3,25.8,131.09,Corporate plan,PT-1677
APT-006702,2025-07-11,09:10,9,"K. Duarte, PT",Exam & imaging,kept,23.4,17.1,61.21,Public scheme,PT-3184
APT-006718,2025-07-11,09:25,9,Dr. Benitez,Physio session,kept,43.2,5.2,85.07,Private,PT-1962
APT-006742,2025-07-11,09:25,9,"K. Duarte, PT",Physio session,cancelled,45.3,10.1,9.97,Insurance,PT-1374
APT-006724,2025-07-11,09:49,9,Dr. Benitez,Hygiene recall,cancelled,43.9,5.8,17.07,Private,PT-2831
APT-006717,2025-07-11,09:57,9,Dr. Benitez,Hygiene recall,kept,46.8,7.9,123.4,Insurance,PT-1399
APT-006716,2025-07-11,10:17,10,Dr. Almeida,Hygiene recall,kept,46.9,8.0,115.58,Private,PT-1624
APT-006731,2025-07-11,10:20,10,Dr. Benitez,Hygiene recall,kept,43.8,10.1,107.56,Insurance,PT-2971
APT-006701,2025-07-11,10:21,10,"K. Duarte, PT",Physio assessment,kept,58.4,5.3,107.46,Public scheme,PT-2054
APT-006706,2025-07-11,10:22,10,Dr. Faber,Hygiene recall,kept,48.5,17.2,131.01,Private,PT-3053
APT-006699,2025-07-11,10:35,10,Dr. Almeida,Hygiene recall,kept,42.7,6.3,92.71,Corporate plan,PT-2540
APT-006743,2025-07-11,10:46,10,Dr. Almeida,Physio session,cancelled,48.6,10.8,10.34,Insurance,PT-3038
APT-006705,2025-07-11,10:57,10,"M. Ellis, PT",Hygiene recall,kept,51.1,10.3,138.1,Private,PT-2820
APT-006696,2025-07-11,11:18,11,"K. Duarte, PT",Exam & imaging,kept,33.2,10.1,78.99,Insurance,PT-2876
APT-006729,2025-07-11,11:23,11,"K. Duarte, PT",Filling,kept,47.2,12.0,182.48,Insurance,PT-3178
APT-006736,2025-07-11,11:37,11,"K. Duarte, PT",Physio assessment,kept,53.8,8.4,124.28,Corporate plan,PT-2364
APT-006721,2025-07-11,11:54,11,Dr. Benitez,Filling,kept,51.0,7.2,214.36,Private,PT-1972
APT-006708,2025-07-11,11:55,11,Dr. Benitez,Physio assessment,kept,56.3,7.2,148.7,Private,PT-2387
APT-006727,2025-07-11,12:16,12,Dr. Benitez,Physio session,cancelled,34.7,11.7,13.62,Private,PT-2156
APT-006734,2025-07-11,12:23,12,Dr. Chandra,Hygiene recall,kept,43.9,13.8,109.3,Insurance,PT-2334
APT-006697,2025-07-11,12:39,12,"K. Duarte, PT",Exam & imaging,kept,17.3,11.5,89.65,Private,PT-1657
APT-006725,2025-07-11,12:39,12,"M. Ellis, PT",Physio session,kept,50.2,14.1,79.66,Insurance,PT-2472
APT-006726,2025-07-11,12:53,12,Dr. Benitez,Filling,kept,43.9,11.4,167.69,Insurance,PT-1450
APT-006730,2025-07-11,14:08,14,Dr. Chandra,Hygiene recall,no_show,35.7,14.0,0.0,Insurance,PT-2331
APT-006719,2025-07-11,14:15,14,"K. Duarte, PT",Filling,kept,55.1,20.6,175.01,Insurance,PT-1985
APT-006711,2025-07-11,14:17,14,Dr. Benitez,Physio assessment,kept,52.2,13.8,128.82,Insurance,PT-1558
APT-006735,2025-07-11,14:35,14,Dr. Almeida,Filling,kept,44.7,10.5,166.88,Corporate plan,PT-2406
APT-006704,2025-07-11,14:36,14,Dr. Benitez,Exam & imaging,rescheduled,26.6,16.2,0.0,Private,PT-1552
APT-006723,2025-07-11,15:00,15,Dr. Almeida,Physio session,cancelled,35.8,11.0,11.54,Insurance,PT-2899
APT-006700,2025-07-11,15:06,15,Dr. Benitez,Filling,kept,43.6,15.4,195.0,Insurance,PT-1342
APT-006709,2025-07-11,15:07,15,"M. Ellis, PT",Hygiene recall,kept,51.9,15.3,133.87,Private,PT-3033
APT-006741,2025-07-11,15:09,15,Dr. Benitez,Root canal,cancelled,84.0,17.3,60.19,Insurance,PT-1686
APT-006740,2025-07-11,15:11,15,Dr. Chandra,Crown fit,cancelled,72.6,22.7,65.78,Public scheme,PT-1422
APT-006728,2025-07-11,15:19,15,Dr. Chandra,Hygiene recall,kept,40.8,15.6,141.77,Private,PT-3077
APT-006710,2025-07-11,15:21,15,Dr. Benitez,Physio assessment,kept,54.2,19.5,130.95,Corporate plan,PT-2828
APT-006714,2025-07-11,15:30,15,Dr. Benitez,Hygiene recall,kept,60.0,14.3,115.98,Insurance,PT-2792
APT-006733,2025-07-11,15:41,15,Dr. Faber,Hygiene recall,kept,53.8,32.2,116.94,Insurance,PT-1158
APT-006712,2025-07-11,15:54,15,"M. Ellis, PT",Exam & imaging,kept,16.5,20.5,83.19,Insurance,PT-1765
APT-006713,2025-07-11,15:55,15,Dr. Almeida,Physio session,kept,35.1,13.3,86.32,Insurance,PT-2972
APT-006722,2025-07-11,16:00,16,Dr. Chandra,Filling,rescheduled,49.2,17.0,0.0,Insurance,PT-1993
APT-006707,2025-07-11,16:03,16,"K. Duarte, PT",Crown fit,kept,69.3,13.1,855.96,Private,PT-2000
APT-006737,2025-07-11,16:11,16,Dr. Faber,Hygiene recall,kept,44.6,11.2,110.66,Corporate plan,PT-1781
APT-006720,2025-07-11,16:21,16,"K. Duarte, PT",Exam & imaging,kept,42.2,16.3,91.15,Insurance,PT-2213
APT-006698,2025-07-11,16:46,16,Dr. Chandra,Exam & imaging,kept,28.1,16.6,76.64,Corporate plan,PT-1952
APT-006739,2025-07-11,16:49,16,Dr. Benitez,Hygiene recall,kept,47.8,18.3,108.99,Insurance,PT-2782
APT-006715,2025-07-11,16:55,16,Dr. Faber,Physio session,kept,41.4,15.7,98.98,Insurance,PT-1179
APT-006695,2025-07-11,16:57,16,Dr. Benitez,Physio assessment,kept,60.3,17.9,164.82,Private,PT-2340
APT-006738,2025-07-11,16:59,16,"M. Ellis, PT",Hygiene recall,kept,50.0,15.9,129.46,Insurance,PT-2126
APT-006703,2025-07-11,17:09,17,"M. Ellis, PT",Filling,kept,53.1,21.1,219.54,Private,PT-2719
APT-006732,2025-07-11,17:52,17,Dr. Almeida,Exam & imaging,kept,19.9,24.6,94.4,Private,PT-2566
APT-006764,2025-07-12,08:15,8,"K. Duarte, PT",Physio session,kept,34.3,13.6,79.84,Corporate plan,PT-2582
APT-006762,2025-07-12,09:04,9,"K. Duarte, PT",Hygiene recall,kept,40.2,9.5,115.81,Insurance,PT-2135
APT-006760,2025-07-12,09:14,9,"M. Ellis, PT",Follow-up consult,no_show,12.7,6.2,0.0,Insurance,PT-3004
APT-006769,2025-07-12,09:17,9,"M. Ellis, PT",Exam & imaging,no_show,9.8,7.1,0.0,Private,PT-1706
APT-006745,2025-07-12,09:26,9,"K. Duarte, PT",Exam & imaging,rescheduled,20.0,5.7,0.0,Corporate plan,PT-2438
APT-006767,2025-07-12,10:18,10,"K. Duarte, PT",Hygiene recall,kept,47.9,13.7,110.08,Insurance,PT-2573
APT-006768,2025-07-12,10:27,10,"K. Duarte, PT",Hygiene recall,kept,41.8,7.3,102.51,Corporate plan,PT-2884
APT-006746,2025-07-12,10:48,10,"K. Duarte, PT",Physio session,kept,42.9,8.2,85.82,Corporate plan,PT-3112
APT-006753,2025-07-12,10:50,10,"K. Duarte, PT",Filling,kept,41.3,12.3,165.74,Corporate plan,PT-1058
APT-006752,2025-07-12,10:55,10,"M. Ellis, PT",Hygiene recall,cancelled,31.5,10.6,14.72,Insurance,PT-1307
APT-006750,2025-07-12,11:05,11,"M. Ellis, PT",Exam & imaging,kept,23.7,7.1,57.23,Public scheme,PT-2573
APT-006763,2025-07-12,11:10,11,"K. Duarte, PT",Filling,kept,49.4,6.1,200.86,Insurance,PT-2358
APT-006765,2025-07-12,11:29,11,"K. Duarte, PT",Root canal,kept,91.0,5.4,644.51,Insurance,PT-1937
APT-006770,2025-07-12,11:45,11,"M. Ellis, PT",Physio assessment,kept,56.2,9.7,174.16,Private,PT-1311
APT-006759,2025-07-12,11:57,11,"K. Duarte, PT",Root canal,kept,78.6,8.6,647.42,Private,PT-1470
APT-006758,2025-07-12,12:23,12,"K. Duarte, PT",Filling,no_show,37.8,15.3,0.0,Private,PT-1665
APT-006766,2025-07-12,12:45,12,"M. Ellis, PT",Exam & imaging,kept,27.2,18.9,91.86,Private,PT-1201
APT-006757,2025-07-12,14:14,14,"K. Duarte, PT",Hygiene recall,no_show,51.4,15.4,0.0,Corporate plan,PT-2827
APT-006751,2025-07-12,14:37,14,"M. Ellis, PT",Physio assessment,rescheduled,55.8,14.8,0.0,Public scheme,PT-3073
APT-006761,2025-07-12,14:46,14,"K. Duarte, PT",Filling,kept,38.6,11.7,128.7,Public scheme,PT-2786
APT-006747,2025-07-12,15:04,15,"K. Duarte, PT",Exam & imaging,kept,26.2,20.4,88.06,Insurance,PT-1371
APT-006748,2025-07-12,15:33,15,"M. Ellis, PT",Filling,kept,43.1,15.6,209.9,Private,PT-2109
APT-006754,2025-07-12,15:49,15,"M. Ellis, PT",Exam & imaging,kept,43.1,14.4,86.81,Insurance,PT-2459
APT-006749,2025-07-12,16:14,16,"M. Ellis, PT",Physio session,kept,29.1,30.1,99.5,Private,PT-2941
APT-006756,2025-07-12,16:50,16,"M. Ellis, PT",Exam & imaging,kept,26.4,22.3,91.75,Private,PT-1764
APT-006744,2025-07-12,17:15,17,"M. Ellis, PT",Filling,cancelled,37.6,18.6,27.03,Private,PT-1370
APT-006755,2025-07-12,17:53,17,"M. Ellis, PT",Hygiene recall,kept,48.9,22.4,107.95,Insurance,PT-1329
APT-006788,2025-07-14,08:07,8,Dr. Almeida,Exam & imaging,cancelled,16.9,9.6,8.0,Corporate plan,PT-1130
APT-006807,2025-07-14,08:29,8,Dr. Almeida,Exam & imaging,cancelled,32.6,5.8,11.34,Insurance,PT-2397
APT-006795,2025-07-14,08:51,8,Dr. Almeida,Filling,no_show,42.3,8.8,0.0,Private,PT-2398
APT-006815,2025-07-14,09:39,9,"K. Duarte, PT",Hygiene recall,kept,53.4,12.1,107.72,Insurance,PT-2964
APT-006797,2025-07-14,09:44,9,Dr. Chandra,Filling,kept,44.1,15.0,211.39,Private,PT-1724
APT-006823,2025-07-14,09:48,9,Dr. Benitez,Follow-up consult,cancelled,22.1,6.3,8.1,Insurance,PT-1910
APT-006773,2025-07-14,10:14,10,Dr. Chandra,Physio assessment,kept,52.7,8.2,175.14,Private,PT-1248
APT-006819,2025-07-14,10:16,10,Dr. Benitez,Hygiene recall,kept,54.6,7.3,156.77,Private,PT-1584
APT-006784,2025-07-14,10:19,10,Dr. Chandra,Hygiene recall,kept,63.5,18.0,139.39,Private,PT-2867
APT-006816,2025-07-14,10:19,10,Dr. Chandra,Physio session,kept,31.2,9.7,84.44,Corporate plan,PT-2981
APT-006772,2025-07-14,10:23,10,"K. Duarte, PT",Physio assessment,kept,53.7,8.4,118.93,Insurance,PT-1346
APT-006782,2025-07-14,10:30,10,"K. Duarte, PT",Root canal,kept,75.0,11.5,636.62,Private,PT-1944
APT-006806,2025-07-14,10:31,10,"K. Duarte, PT",Exam & imaging,kept,31.2,5.8,102.2,Private,PT-1533
APT-006804,2025-07-14,10:38,10,"K. Duarte, PT",Physio session,kept,26.7,7.3,87.66,Insurance,PT-1891
APT-006817,2025-07-14,10:38,10,Dr. Benitez,Physio assessment,rescheduled,64.2,22.1,0.0,Corporate plan,PT-2399
APT-006783,2025-07-14,10:48,10,Dr. Chandra,Root canal,kept,80.9,8.0,399.98,Public scheme,PT-2049
APT-006786,2025-07-14,10:49,10,Dr. Almeida,Filling,kept,53.0,5.8,208.04,Insurance,PT-2901
APT-006774,2025-07-14,10:58,10,Dr. Benitez,Hygiene recall,kept,52.7,12.1,100.02,Corporate plan,PT-1614
APT-006810,2025-07-14,11:01,11,Dr. Almeida,Hygiene recall,kept,41.7,12.7,140.1,Private,PT-2083
APT-006827,2025-07-14,11:18,11,Dr. Almeida,Hygiene recall,cancelled,47.4,13.7,16.1,Private,PT-1349
APT-006778,2025-07-14,11:19,11,Dr. Chandra,Hygiene recall,cancelled,50.5,7.0,12.56,Corporate plan,PT-2823
APT-006792,2025-07-14,11:33,11,"K. Duarte, PT",Filling,kept,51.4,10.0,185.98,Private,PT-1339
APT-006820,2025-07-14,11:33,11,"K. Duarte, PT",Exam & imaging,cancelled,34.6,5.5,8.68,Insurance,PT-1473
APT-006824,2025-07-14,11:40,11,"K. Duarte, PT",Physio session,kept,48.6,10.8,80.08,Insurance,PT-2245
APT-006794,2025-07-14,11:42,11,Dr. Chandra,Physio assessment,kept,48.7,7.4,162.26,Private,PT-2510
APT-006777,2025-07-14,11:59,11,Dr. Benitez,Physio assessment,kept,67.0,8.3,119.85,Insurance,PT-1619
APT-006808,2025-07-14,11:59,11,Dr. Chandra,Physio assessment,kept,50.9,6.7,123.18,Corporate plan,PT-2892
APT-006800,2025-07-14,12:21,12,Dr. Almeida,Hygiene recall,kept,32.9,7.9,100.23,Public scheme,PT-2541
APT-006789,2025-07-14,12:52,12,Dr. Benitez,Crown fit,kept,59.9,19.0,907.86,Private,PT-2538
APT-006780,2025-07-14,13:03,13,Dr. Benitez,Exam & imaging,kept,20.3,12.7,79.98,Insurance,PT-1085
APT-006798,2025-07-14,13:06,13,Dr. Almeida,Exam & imaging,kept,30.0,18.9,103.94,Private,PT-1588
APT-006826,2025-07-14,13:17,13,Dr. Almeida,Physio session,kept,32.1,12.9,112.58,Private,PT-2194
APT-006803,2025-07-14,13:29,13,Dr. Benitez,Physio session,cancelled,44.1,10.7,14.47,Private,PT-2418
APT-006812,2025-07-14,13:40,13,Dr. Chandra,Physio session,kept,48.1,13.8,66.66,Public scheme,PT-2137
APT-006793,2025-07-14,14:03,14,"K. Duarte, PT",Filling,kept,46.2,12.6,208.61,Private,PT-1668
APT-006796,2025-07-14,14:04,14,Dr. Almeida,Filling,kept,51.6,15.3,160.04,Corporate plan,PT-2465
APT-006791,2025-07-14,14:06,14,"K. Duarte, PT",Hygiene recall,kept,38.6,14.2,142.78,Private,PT-3041
APT-006805,2025-07-14,14:16,14,Dr. Almeida,Root canal,kept,77.1,11.4,567.41,Insurance,PT-1400
APT-006775,2025-07-14,14:18,14,"K. Duarte, PT",Physio assessment,kept,51.5,13.1,155.12,Insurance,PT-3196
APT-006809,2025-07-14,14:24,14,Dr. Chandra,Filling,kept,51.3,13.8,192.97,Insurance,PT-1871
APT-006802,2025-07-14,14:35,14,"K. Duarte, PT",Hygiene recall,kept,42.4,19.2,117.35,Insurance,PT-2206
APT-006821,2025-07-14,14:53,14,Dr. Almeida,Filling,kept,42.9,11.8,169.89,Corporate plan,PT-2017
APT-006781,2025-07-14,15:02,15,Dr. Almeida,Filling,no_show,48.7,13.0,0.0,Insurance,PT-2666
APT-006822,2025-07-14,15:09,15,Dr. Benitez,Exam & imaging,kept,16.3,12.6,79.94,Insurance,PT-1926
APT-006813,2025-07-14,15:10,15,Dr. Chandra,Physio assessment,kept,58.4,14.5,140.82,Private,PT-1171
APT-006779,2025-07-14,15:14,15,"K. Duarte, PT",Filling,kept,37.7,10.6,208.78,Insurance,PT-2650
APT-006818,2025-07-14,15:17,15,Dr. Benitez,Crown fit,kept,69.7,12.2,926.09,Private,PT-2047
APT-006811,2025-07-14,15:37,15,"K. Duarte, PT",Exam & imaging,kept,30.6,14.9,84.3,Insurance,PT-1295
APT-006801,2025-07-14,15:42,15,Dr. Almeida,Exam & imaging,kept,35.7,20.4,77.2,Corporate plan,PT-1937
APT-006787,2025-07-14,15:52,15,Dr. Chandra,Hygiene recall,kept,41.7,14.8,122.59,Insurance,PT-1182
APT-006814,2025-07-14,15:53,15,Dr. Chandra,Crown fit,kept,71.2,12.5,545.08,Public scheme,PT-2674
APT-006785,2025-07-14,16:02,16,Dr. Chandra,Crown fit,kept,71.0,17.0,839.84,Insurance,PT-2655
APT-006825,2025-07-14,16:22,16,"K. Duarte, PT",Filling,kept,45.3,17.4,197.79,Corporate plan,PT-1827
APT-006799,2025-07-14,16:30,16,Dr. Almeida,Physio session,kept,42.1,21.5,111.22,Private,PT-1513
APT-006776,2025-07-14,16:44,16,Dr. Benitez,Hygiene recall,kept,30.8,19.3,123.41,Private,PT-1741
APT-006771,2025-07-14,17:15,17,"K. Duarte, PT",Hygiene recall,cancelled,54.8,16.2,18.14,Private,PT-2536
APT-006790,2025-07-14,17:25,17,"K. Duarte, PT",Hygiene recall,cancelled,44.0,18.1,17.05,Private,PT-2753
APT-006851,2025-07-15,08:14,8,Dr. Benitez,Crown fit,kept,65.6,13.3,545.84,Public scheme,PT-1003
APT-006831,2025-07-15,09:01,9,Dr. Almeida,Filling,kept,46.0,6.4,165.31,Insurance,PT-1688
APT-006863,2025-07-15,09:11,9,Dr. Almeida,Root canal,kept,80.6,12.2,581.97,Private,PT-2561
APT-006854,2025-07-15,09:17,9,"M. Ellis, PT",Exam & imaging,no_show,20.7,11.4,0.0,Private,PT-1988
APT-006852,2025-07-15,09:20,9,Dr. Chandra,Filling,kept,52.9,10.8,183.0,Insurance,PT-2431
APT-006839,2025-07-15,09:23,9,"K. Duarte, PT",Hygiene recall,kept,50.3,9.2,135.99,Private,PT-3083
APT-006856,2025-07-15,09:47,9,"K. Duarte, PT",Exam & imaging,kept,27.0,6.3,82.46,Corporate plan,PT-2535
APT-006834,2025-07-15,09:54,9,"K. Duarte, PT",Crown fit,kept,54.3,11.1,969.42,Private,PT-1763
APT-006843,2025-07-15,10:05,10,Dr. Chandra,Physio session,kept,40.5,9.3,111.09,Private,PT-2639
APT-006849,2025-07-15,10:07,10,Dr. Chandra,Exam & imaging,kept,33.4,17.0,51.11,Public scheme,PT-1806
APT-006840,2025-07-15,10:20,10,"M. Ellis, PT",Physio session,kept,37.9,21.0,111.77,Private,PT-1677
APT-006859,2025-07-15,10:21,10,Dr. Chandra,Filling,kept,44.4,6.1,164.61,Corporate plan,PT-1090
APT-006829,2025-07-15,10:23,10,Dr. Chandra,Filling,cancelled,44.5,7.8,22.94,Insurance,PT-2656
APT-006845,2025-07-15,10:56,10,"K. Duarte, PT",Physio session,kept,48.0,9.8,85.62,Insurance,PT-3136
APT-006866,2025-07-15,10:59,10,Dr. Benitez,Hygiene recall,kept,43.5,23.4,148.73,Private,PT-1662
APT-006830,2025-07-15,11:07,11,"K. Duarte, PT",Root canal,cancelled,85.4,6.1,60.83,Insurance,PT-2720
APT-006860,2025-07-15,11:30,11,Dr. Chandra,Physio assessment,kept,51.6,6.5,138.73,Insurance,PT-1131
APT-006841,2025-07-15,11:38,11,Dr. Benitez,Physio assessment,kept,65.2,6.1,129.93,Insurance,PT-1233
APT-006828,2025-07-15,11:42,11,Dr. Almeida,Physio session,kept,49.1,12.2,105.99,Private,PT-2028
APT-006836,2025-07-15,11:47,11,Dr. Almeida,Physio session,kept,38.5,13.8,88.95,Insurance,PT-1471
APT-006833,2025-07-15,12:11,12,"K. Duarte, PT",Filling,cancelled,33.4,10.1,25.7,Private,PT-1744
APT-006871,2025-07-15,12:14,12,Dr. Benitez,Exam & imaging,kept,18.3,10.3,77.72,Insurance,PT-1953
APT-006870,2025-07-15,12:30,12,"K. Duarte, PT",Exam & imaging,kept,23.0,9.8,87.0,Corporate plan,PT-1891
APT-006864,2025-07-15,12:44,12,Dr. Almeida,Physio session,cancelled,36.2,8.5,13.58,Private,PT-2918
APT-006857,2025-07-15,12:50,12,"K. Duarte, PT",Crown fit,kept,61.5,13.5,835.2,Insurance,PT-1194
APT-006858,2025-07-15,13:14,13,Dr. Almeida,Root canal,kept,83.7,13.5,464.06,Corporate plan,PT-2472
APT-006862,2025-07-15,13:43,13,Dr. Almeida,Hygiene recall,kept,41.5,14.7,124.6,Private,PT-2654
APT-006869,2025-07-15,14:02,14,"K. Duarte, PT",Root canal,kept,78.2,16.4,674.9,Private,PT-1786
APT-006865,2025-07-15,14:12,14,"K. Duarte, PT",Physio session,kept,44.7,17.2,95.41,Insurance,PT-1974
APT-006846,2025-07-15,15:00,15,"M. Ellis, PT",Hygiene recall,kept,38.0,19.2,149.27,Private,PT-2322
APT-006850,2025-07-15,15:07,15,Dr. Chandra,Exam & imaging,kept,26.2,13.8,94.47,Private,PT-1777
APT-006868,2025-07-15,15:10,15,Dr. Benitez,Physio assessment,kept,62.1,16.0,148.41,Private,PT-3178
APT-006848,2025-07-15,15:29,15,Dr. Almeida,Exam & imaging,rescheduled,27.6,10.8,0.0,Corporate plan,PT-2529
APT-006838,2025-07-15,15:31,15,Dr. Benitez,Root canal,kept,83.0,16.0,549.53,Insurance,PT-2765
APT-006842,2025-07-15,15:36,15,Dr. Chandra,Hygiene recall,kept,53.9,16.3,156.39,Private,PT-2431
APT-006832,2025-07-15,16:04,16,Dr. Almeida,Hygiene recall,no_show,33.4,15.6,0.0,Public scheme,PT-2818
APT-006853,2025-07-15,16:05,16,Dr. Chandra,Physio assessment,rescheduled,62.6,10.5,0.0,Public scheme,PT-2250
APT-006847,2025-07-15,16:19,16,Dr. Almeida,Exam & imaging,kept,22.9,22.4,62.22,Insurance,PT-1559
APT-006837,2025-07-15,16:23,16,Dr. Chandra,Physio assessment,kept,51.2,12.4,135.56,Insurance,PT-2338
APT-006872,2025-07-15,16:39,16,Dr. Almeida,Exam & imaging,kept,17.0,12.2,95.74,Private,PT-1746
APT-006844,2025-07-15,16:45,16,"K. Duarte, PT",Physio session,kept,33.8,14.0,107.23,Private,PT-1824
APT-006867,2025-07-15,17:10,17,"M. Ellis, PT",Hygiene recall,no_show,48.3,19.7,0.0,Insurance,PT-1896
APT-006835,2025-07-15,17:12,17,"K. Duarte, PT",Exam & imaging,no_show,26.3,21.7,0.0,Corporate plan,PT-2723
APT-006861,2025-07-15,17:23,17,Dr. Almeida,Physio session,kept,43.9,18.3,94.29,Insurance,PT-1257
APT-006855,2025-07-15,17:38,17,"K. Duarte, PT",Physio assessment,kept,54.3,11.4,121.85,Corporate plan,PT-2058
APT-006920,2025-07-16,08:07,8,Dr. Benitez,Exam & imaging,cancelled,24.3,9.6,6.65,Public scheme,PT-2415
APT-006884,2025-07-16,08:24,8,Dr. Almeida,Hygiene recall,kept,44.9,15.9,100.23,Insurance,PT-1989
APT-006916,2025-07-16,08:24,8,Dr. Benitez,Exam & imaging,kept,22.3,5.4,98.62,Private,PT-2602
APT-006915,2025-07-16,08:31,8,"K. Duarte, PT",Crown fit,cancelled,62.7,9.8,76.95,Corporate plan,PT-2913
APT-006907,2025-07-16,08:44,8,Dr. Almeida,Exam & imaging,kept,22.7,6.4,73.86,Insurance,PT-1265
APT-006919,2025-07-16,09:06,9,Dr. Almeida,Hygiene recall,kept,40.4,17.4,125.88,Private,PT-1940
APT-006923,2025-07-16,09:06,9,"K. Duarte, PT",Hygiene recall,kept,54.6,9.5,106.81,Corporate plan,PT-2098
APT-006918,2025-07-16,09:37,9,"M. Ellis, PT",Physio session,kept,35.4,22.1,86.64,Insurance,PT-2995
APT-006899,2025-07-16,09:54,9,"K. Duarte, PT",Exam & imaging,kept,31.1,8.1,90.45,Private,PT-1440
APT-006910,2025-07-16,09:58,9,"K. Duarte, PT",Hygiene recall,kept,38.0,9.2,123.19,Insurance,PT-1968
APT-006922,2025-07-16,10:04,10,"K. Duarte, PT",Physio session,kept,35.5,6.0,87.69,Insurance,PT-1858
APT-006909,2025-07-16,10:06,10,"K. Duarte, PT",Filling,kept,42.2,16.0,233.94,Private,PT-1116
APT-006911,2025-07-16,10:09,10,Dr. Faber,Hygiene recall,cancelled,34.7,8.7,13.61,Insurance,PT-1726
APT-006873,2025-07-16,10:10,10,Dr. Almeida,Physio session,kept,57.4,10.3,88.34,Insurance,PT-2436
APT-006901,2025-07-16,10:30,10,Dr. Benitez,Root canal,kept,78.5,10.4,693.34,Private,PT-2990
APT-006908,2025-07-16,10:30,10,"K. Duarte, PT",Physio session,cancelled,25.5,12.6,10.21,Insurance,PT-1732
APT-006914,2025-07-16,10:52,10,Dr. Almeida,Filling,kept,48.5,5.8,120.55,Public scheme,PT-2467
APT-006924,2025-07-16,11:26,11,Dr. Faber,Filling,rescheduled,41.2,9.8,0.0,Private,PT-1679
APT-006877,2025-07-16,11:39,11,"K. Duarte, PT",Physio session,kept,34.9,11.3,119.31,Private,PT-1808
APT-006893,2025-07-16,11:53,11,Dr. Almeida,Physio session,kept,38.0,7.5,92.65,Insurance,PT-3110
APT-006917,2025-07-16,11:54,11,Dr. Benitez,Physio session,kept,40.0,10.6,96.95,Private,PT-2247
APT-006902,2025-07-16,11:56,11,"K. Duarte, PT",Hygiene recall,kept,53.8,5.3,152.53,Private,PT-1393
APT-006888,2025-07-16,12:13,12,"K. Duarte, PT",Root canal,kept,76.4,12.9,681.98,Private,PT-2531
APT-006912,2025-07-16,12:32,12,Dr. Benitez,Physio assessment,kept,42.2,8.8,136.56,Insurance,PT-3038
APT-006900,2025-07-16,12:35,12,Dr. Almeida,Hygiene recall,kept,37.6,12.2,103.78,Insurance,PT-1616
APT-006903,2025-07-16,12:58,12,"M. Ellis, PT",Physio session,kept,47.1,6.9,110.03,Private,PT-2040
APT-006904,2025-07-16,12:59,12,"K. Duarte, PT",Physio session,cancelled,39.1,5.8,12.17,Private,PT-1221
APT-006889,2025-07-16,13:19,13,Dr. Almeida,Physio session,kept,52.5,15.7,56.8,Public scheme,PT-1110
APT-006921,2025-07-16,13:37,13,Dr. Almeida,Hygiene recall,cancelled,38.1,13.6,14.24,Corporate plan,PT-2519
APT-006885,2025-07-16,13:50,13,Dr. Faber,Hygiene recall,kept,36.9,13.6,103.39,Corporate plan,PT-1834
APT-006891,2025-07-16,13:58,13,"M. Ellis, PT",Exam & imaging,kept,29.7,11.2,104.13,Private,PT-1419
APT-006898,2025-07-16,14:08,14,Dr. Faber,Filling,kept,42.8,15.7,241.05,Private,PT-1104
APT-006897,2025-07-16,14:29,14,Dr. Almeida,Physio assessment,kept,55.4,13.1,140.93,Private,PT-1050
APT-006883,2025-07-16,14:42,14,"M. Ellis, PT",Physio assessment,kept,52.6,12.7,135.5,Insurance,PT-1680
APT-006896,2025-07-16,14:43,14,Dr. Benitez,Exam & imaging,kept,42.5,11.7,75.32,Insurance,PT-2449
APT-006878,2025-07-16,14:46,14,Dr. Benitez,Exam & imaging,no_show,15.8,15.6,0.0,Private,PT-2016
APT-006882,2025-07-16,14:57,14,"K. Duarte, PT",Filling,rescheduled,29.5,15.5,0.0,Corporate plan,PT-1523
APT-006906,2025-07-16,15:28,15,"K. Duarte, PT",Crown fit,kept,67.3,14.7,588.14,Corporate plan,PT-1012
APT-006881,2025-07-16,15:29,15,Dr. Almeida,Exam & imaging,kept,23.7,16.0,88.84,Private,PT-1924
APT-006890,2025-07-16,15:43,15,Dr. Almeida,Follow-up consult,kept,23.0,22.6,58.09,Insurance,PT-2956
APT-006925,2025-07-16,15:59,15,"K. Duarte, PT",Crown fit,no_show,57.5,13.0,0.0,Private,PT-2265
APT-006905,2025-07-16,16:17,16,Dr. Benitez,Filling,kept,48.2,15.7,150.35,Public scheme,PT-1050
APT-006895,2025-07-16,16:18,16,Dr. Benitez,Exam & imaging,kept,18.8,18.9,107.79,Private,PT-3154
APT-006886,2025-07-16,16:21,16,Dr. Faber,Exam & imaging,kept,35.0,28.0,87.62,Insurance,PT-2915
APT-006892,2025-07-16,16:28,16,Dr. Benitez,Physio session,kept,32.3,19.0,87.8,Insurance,PT-1540
APT-006880,2025-07-16,16:30,16,"M. Ellis, PT",Exam & imaging,kept,31.1,13.8,84.17,Insurance,PT-2352
APT-006874,2025-07-16,16:32,16,"K. Duarte, PT",Exam & imaging,kept,21.6,16.2,97.54,Private,PT-1431
APT-006875,2025-07-16,16:32,16,Dr. Almeida,Physio session,kept,43.4,12.1,83.0,Insurance,PT-2629
APT-006913,2025-07-16,17:15,17,"K. Duarte, PT",Crown fit,cancelled,69.0,15.9,108.79,Private,PT-2486
APT-006894,2025-07-16,17:25,17,"M. Ellis, PT",Exam & imaging,kept,14.6,12.3,87.32,Insurance,PT-2708
APT-006879,2025-07-16,17:31,17,Dr. Benitez,Crown fit,cancelled,67.7,15.3,93.9,Private,PT-2944
APT-006887,2025-07-16,17:32,17,"K. Duarte, PT",Root canal,kept,88.2,15.5,564.55,Insurance,PT-1112
APT-006876,2025-07-16,17:40,17,Dr. Almeida,Exam & imaging,kept,24.0,12.6,103.98,Private,PT-2633
APT-006931,2025-07-17,08:57,8,Dr. Benitez,Crown fit,kept,66.8,5.7,752.05,Corporate plan,PT-2450
APT-006943,2025-07-17,09:01,9,Dr. Faber,Crown fit,kept,69.7,11.0,823.31,Insurance,PT-1126
APT-006955,2025-07-17,09:25,9,Dr. Almeida,Exam & imaging,cancelled,26.9,13.3,9.18,Insurance,PT-2386
APT-006941,2025-07-17,09:35,9,Dr. Chandra,Follow-up consult,kept,13.2,19.6,37.37,Public scheme,PT-1408
APT-006935,2025-07-17,09:46,9,Dr. Almeida,Physio session,kept,36.8,6.9,102.61,Insurance,PT-2550
APT-006937,2025-07-17,10:01,10,Dr. Almeida,Physio session,cancelled,52.3,10.1,12.66,Insurance,PT-1304
APT-006945,2025-07-17,10:03,10,Dr. Benitez,Follow-up consult,kept,13.7,19.4,58.47,Insurance,PT-2950
APT-006929,2025-07-17,10:07,10,"M. Ellis, PT",Exam & imaging,kept,22.3,10.4,84.07,Insurance,PT-2116
APT-006927,2025-07-17,10:18,10,Dr. Almeida,Follow-up consult,kept,26.3,10.1,58.6,Insurance,PT-1606
APT-006934,2025-07-17,10:34,10,"M. Ellis, PT",Exam & imaging,kept,29.8,18.3,56.92,Public scheme,PT-2075
APT-006969,2025-07-17,10:35,10,Dr. Benitez,Filling,rescheduled,46.3,10.5,0.0,Corporate plan,PT-3018
APT-006977,2025-07-17,10:36,10,"K. Duarte, PT",Exam & imaging,cancelled,22.7,6.3,6.25,Public scheme,PT-1748
APT-006986,2025-07-17,10:42,10,Dr. Almeida,Hygiene recall,kept,34.7,8.4,79.31,Public scheme,PT-2092
APT-006930,2025-07-17,10:48,10,Dr. Almeida,Physio session,kept,53.2,8.4,100.52,Private,PT-1893
APT-006971,2025-07-17,11:04,11,"M. Ellis, PT",Hygiene recall,kept,37.0,20.3,138.9,Private,PT-1825
APT-006973,2025-07-17,11:05,11,"M. Ellis, PT",Crown fit,no_show,64.9,8.4,0.0,Public scheme,PT-2485
APT-006974,2025-07-17,11:10,11,Dr. Faber,Physio assessment,kept,54.4,9.1,94.89,Public scheme,PT-2812
APT-006983,2025-07-17,11:21,11,Dr. Faber,Hygiene recall,no_show,32.7,7.4,0.0,Insurance,PT-1183
APT-006933,2025-07-17,11:25,11,Dr. Almeida,Crown fit,kept,67.6,7.1,720.94,Insurance,PT-3110
APT-006964,2025-07-17,11:33,11,Dr. Almeida,Crown fit,kept,74.8,7.6,997.25,Private,PT-2974
APT-006932,2025-07-17,11:37,11,Dr. Chandra,Root canal,kept,69.1,8.0,531.43,Private,PT-1476
APT-006968,2025-07-17,11:40,11,Dr. Almeida,Hygiene recall,kept,42.6,8.0,124.41,Insurance,PT-1779
APT-006963,2025-07-17,11:42,11,"K. Duarte, PT",Exam & imaging,cancelled,12.8,7.1,8.79,Corporate plan,PT-1672
APT-006942,2025-07-17,11:43,11,Dr. Faber,Exam & imaging,kept,22.3,10.0,87.75,Insurance,PT-1500
APT-006958,2025-07-17,11:46,11,"K. Duarte, PT",Follow-up consult,cancelled,29.4,26.3,6.4,Corporate plan,PT-2243
APT-006976,2025-07-17,11:57,11,Dr. Chandra,Exam & imaging,kept,23.7,10.5,64.6,Corporate plan,PT-1324
APT-006959,2025-07-17,11:59,11,"K. Duarte, PT",Physio assessment,kept,58.9,9.4,135.53,Corporate plan,PT-2592
APT-006957,2025-07-17,12:14,12,Dr. Chandra,Exam & imaging,kept,41.1,16.3,87.26,Insurance,PT-2804
APT-006936,2025-07-17,12:30,12,"K. Duarte, PT",Physio assessment,kept,65.3,19.7,141.79,Private,PT-2893
APT-006966,2025-07-17,12:43,12,Dr. Benitez,Filling,cancelled,57.9,23.6,21.18,Insurance,PT-3157
APT-006940,2025-07-17,12:45,12,Dr. Almeida,Physio assessment,kept,55.6,16.2,140.96,Insurance,PT-1334
APT-006979,2025-07-17,13:16,13,Dr. Chandra,Exam & imaging,kept,17.7,11.0,73.66,Insurance,PT-3128
APT-006953,2025-07-17,13:28,13,"K. Duarte, PT",Physio session,kept,48.7,18.9,83.79,Insurance,PT-1058
APT-006985,2025-07-17,14:00,14,Dr. Benitez,Hygiene recall,no_show,45.8,14.3,0.0,Insurance,PT-1307
APT-006951,2025-07-17,14:07,14,Dr. Almeida,Hygiene recall,kept,43.1,13.5,104.25,Insurance,PT-3047
APT-006962,2025-07-17,14:07,14,"M. Ellis, PT",Hygiene recall,cancelled,39.5,15.4,15.19,Insurance,PT-2110
APT-006952,2025-07-17,14:12,14,"K. Duarte, PT",Exam & imaging,kept,21.1,14.6,49.12,Public scheme,PT-1880
APT-006949,2025-07-17,14:16,14,Dr. Benitez,Hygiene recall,kept,44.8,21.4,102.89,Corporate plan,PT-2641
APT-006950,2025-07-17,14:16,14,"K. Duarte, PT",Exam & imaging,kept,20.0,14.8,87.78,Insurance,PT-2914
APT-006981,2025-07-17,14:19,14,"K. Duarte, PT",Hygiene recall,kept,51.8,12.7,130.14,Private,PT-2561
APT-006984,2025-07-17,14:24,14,Dr. Faber,Filling,no_show,37.3,15.0,0.0,Insurance,PT-1429
APT-006956,2025-07-17,14:27,14,Dr. Benitez,Hygiene recall,kept,47.5,13.3,147.63,Private,PT-1372
APT-006926,2025-07-17,14:32,14,"M. Ellis, PT",Physio assessment,kept,49.0,12.7,88.37,Public scheme,PT-3087
APT-006954,2025-07-17,14:33,14,Dr. Benitez,Follow-up consult,cancelled,11.0,12.1,8.09,Insurance,PT-3173
APT-006947,2025-07-17,14:42,14,Dr. Chandra,Exam & imaging,no_show,25.2,15.7,0.0,Insurance,PT-1440
APT-006978,2025-07-17,14:52,14,"M. Ellis, PT",Exam & imaging,kept,25.9,11.0,92.73,Private,PT-2127
APT-006965,2025-07-17,15:02,15,Dr. Almeida,Hygiene recall,kept,40.4,17.2,102.44,Insurance,PT-1281
APT-006946,2025-07-17,15:12,15,Dr. Almeida,Filling,kept,43.3,22.0,174.89,Insurance,PT-2889
APT-006975,2025-07-17,15:25,15,"K. Duarte, PT",Filling,rescheduled,44.9,13.9,0.0,Private,PT-2181
APT-006982,2025-07-17,15:35,15,"K. Duarte, PT",Root canal,kept,85.8,17.7,596.08,Insurance,PT-1909
APT-006980,2025-07-17,16:19,16,"M. Ellis, PT",Crown fit,kept,71.8,18.6,888.72,Insurance,PT-2711
APT-006960,2025-07-17,16:28,16,Dr. Benitez,Exam & imaging,kept,30.1,11.3,68.94,Corporate plan,PT-1611
APT-006970,2025-07-17,16:31,16,Dr. Faber,Hygiene recall,cancelled,47.1,11.9,14.87,Insurance,PT-2076
APT-006928,2025-07-17,16:42,16,Dr. Benitez,Hygiene recall,kept,37.1,15.8,135.11,Private,PT-1489
APT-006967,2025-07-17,16:50,16,Dr. Faber,Filling,kept,50.4,14.0,177.44,Insurance,PT-1075
APT-006939,2025-07-17,16:51,16,"M. Ellis, PT",Exam & imaging,kept,20.7,24.1,86.96,Insurance,PT-2277
APT-006948,2025-07-17,16:55,16,Dr. Almeida,Root canal,kept,72.2,12.5,516.12,Insurance,PT-2836
APT-006961,2025-07-17,16:58,16,Dr. Benitez,Crown fit,kept,64.2,12.4,770.88,Insurance,PT-1198
APT-006944,2025-07-17,17:15,17,"M. Ellis, PT",Filling,kept,42.6,19.3,195.14,Private,PT-1598
APT-006972,2025-07-17,17:39,17,Dr. Chandra,Hygiene recall,kept,42.8,22.5,84.85,Public scheme,PT-1632
APT-006938,2025-07-17,17:53,17,Dr. Almeida,Crown fit,kept,67.5,14.6,772.33,Insurance,PT-2947
APT-007020,2025-07-18,08:25,8,Dr. Chandra,Exam & imaging,kept,25.9,5.5,70.42,Insurance,PT-1145
APT-007005,2025-07-18,08:32,8,Dr. Chandra,Filling,kept,50.4,7.4,222.41,Private,PT-1977
APT-006996,2025-07-18,08:33,8,"M. Ellis, PT",Hygiene recall,kept,44.1,6.8,114.16,Corporate plan,PT-2461
APT-007003,2025-07-18,09:03,9,"K. Duarte, PT",Root canal,no_show,94.3,13.3,0.0,Insurance,PT-2310
APT-007002,2025-07-18,09:06,9,"K. Duarte, PT",Filling,cancelled,32.7,12.5,24.74,Private,PT-3178
APT-007011,2025-07-18,09:28,9,"M. Ellis, PT",Physio assessment,kept,56.7,7.0,150.88,Private,PT-2799
APT-007017,2025-07-18,09:43,9,Dr. Benitez,Filling,kept,50.9,9.8,178.03,Corporate plan,PT-1187
APT-007004,2025-07-18,09:46,9,Dr. Almeida,Root canal,kept,84.4,8.5,556.37,Private,PT-2046
APT-007000,2025-07-18,09:50,9,Dr. Chandra,Hygiene recall,cancelled,41.4,8.9,14.98,Private,PT-2166
APT-007024,2025-07-18,10:04,10,Dr. Almeida,Root canal,kept,83.2,10.9,626.94,Private,PT-1494
APT-006993,2025-07-18,10:17,10,"M. Ellis, PT",Filling,kept,40.0,7.0,184.58,Insurance,PT-3103
APT-007013,2025-07-18,10:41,10,"K. Duarte, PT",Exam & imaging,kept,28.7,9.0,100.23,Private,PT-1897
APT-007001,2025-07-18,11:14,11,Dr. Almeida,Physio assessment,kept,57.7,6.4,97.95,Public scheme,PT-1359
APT-007012,2025-07-18,11:14,11,Dr. Almeida,Physio session,cancelled,43.4,8.2,11.15,Insurance,PT-1747
APT-006991,2025-07-18,11:44,11,Dr. Almeida,Physio assessment,no_show,65.2,6.0,0.0,Corporate plan,PT-2295
APT-007009,2025-07-18,11:45,11,Dr. Benitez,Hygiene recall,kept,49.6,6.5,96.42,Corporate plan,PT-2366
APT-007022,2025-07-18,11:50,11,Dr. Benitez,Physio session,kept,42.5,17.1,96.53,Insurance,PT-2132
APT-006992,2025-07-18,12:20,12,"K. Duarte, PT",Physio session,kept,30.1,9.7,90.32,Insurance,PT-2940
APT-006988,2025-07-18,12:39,12,Dr. Chandra,Physio session,kept,41.5,5.7,111.72,Private,PT-2048
APT-006995,2025-07-18,12:47,12,"M. Ellis, PT",Exam & imaging,kept,24.2,8.2,73.04,Corporate plan,PT-2923
APT-006998,2025-07-18,12:53,12,Dr. Benitez,Exam & imaging,kept,24.0,10.1,81.84,Insurance,PT-2193
APT-006997,2025-07-18,13:07,13,Dr. Almeida,Hygiene recall,kept,39.9,12.2,113.96,Insurance,PT-1335
APT-006999,2025-07-18,13:36,13,Dr. Chandra,Filling,kept,44.7,10.7,192.7,Insurance,PT-2746
APT-007010,2025-07-18,13:39,13,Dr. Faber,Hygiene recall,kept,56.3,14.5,135.36,Private,PT-1732
APT-006990,2025-07-18,14:17,14,"K. Duarte, PT",Physio session,cancelled,49.0,13.1,10.58,Insurance,PT-1534
APT-006987,2025-07-18,14:19,14,"K. Duarte, PT",Exam & imaging,kept,20.9,14.9,77.4,Corporate plan,PT-2988
APT-006989,2025-07-18,14:23,14,Dr. Faber,Hygiene recall,kept,20.0,13.1,111.81,Insurance,PT-2263
APT-006994,2025-07-18,14:43,14,Dr. Faber,Physio session,kept,35.9,14.7,89.08,Insurance,PT-1910
APT-007007,2025-07-18,14:44,14,Dr. Benitez,Exam & imaging,kept,17.7,14.0,85.72,Insurance,PT-2061
APT-007018,2025-07-18,14:47,14,Dr. Faber,Exam & imaging,kept,20.2,14.5,100.4,Private,PT-1486
APT-007025,2025-07-18,14:49,14,Dr. Benitez,Root canal,kept,72.5,14.4,554.42,Private,PT-3043
APT-007014,2025-07-18,15:04,15,"K. Duarte, PT",Hygiene recall,no_show,39.6,14.0,0.0,Insurance,PT-1297
APT-007015,2025-07-18,15:17,15,Dr. Almeida,Physio session,no_show,24.0,14.8,0.0,Public scheme,PT-3011
APT-007019,2025-07-18,15:48,15,Dr. Almeida,Filling,cancelled,39.7,18.8,16.0,Public scheme,PT-1330
APT-007021,2025-07-18,16:03,16,Dr. Benitez,Crown fit,kept,55.6,14.2,720.02,Insurance,PT-2830
APT-007006,2025-07-18,16:49,16,"K. Duarte, PT",Hygiene recall,kept,38.4,15.2,107.53,Corporate plan,PT-1267
APT-007008,2025-07-18,16:51,16,"K. Duarte, PT",Hygiene recall,kept,45.3,15.4,113.56,Insurance,PT-1459
APT-007016,2025-07-18,16:52,16,Dr. Benitez,Filling,kept,53.0,16.3,171.78,Insurance,PT-2574
APT-007023,2025-07-18,17:58,17,"M. Ellis, PT",Hygiene recall,cancelled,47.9,14.0,12.77,Insurance,PT-2406
APT-007034,2025-07-19,08:13,8,"K. Duarte, PT",Exam & imaging,kept,22.4,12.7,58.53,Public scheme,PT-1699
APT-007035,2025-07-19,09:29,9,"K. Duarte, PT",Hygiene recall,kept,36.9,7.4,100.71,Insurance,PT-2445
APT-007038,2025-07-19,09:31,9,"K. Duarte, PT",Crown fit,cancelled,62.7,13.5,91.32,Insurance,PT-2515
APT-007027,2025-07-19,09:55,9,"K. Duarte, PT",Physio assessment,kept,46.8,12.0,135.08,Private,PT-1819
APT-007043,2025-07-19,10:59,10,"K. Duarte, PT",Filling,kept,51.5,17.9,126.21,Public scheme,PT-1804
APT-007040,2025-07-19,11:41,11,"M. Ellis, PT",Filling,kept,43.6,8.0,209.41,Private,PT-1172
APT-007036,2025-07-19,12:08,12,"K. Duarte, PT",Crown fit,kept,72.2,13.1,963.62,Private,PT-1887
APT-007029,2025-07-19,12:10,12,"K. Duarte, PT",Physio session,kept,39.9,9.1,87.3,Insurance,PT-1872
APT-007030,2025-07-19,12:30,12,"M. Ellis, PT",Hygiene recall,kept,32.0,7.6,108.35,Insurance,PT-1881
APT-007032,2025-07-19,14:22,14,"K. Duarte, PT",Hygiene recall,kept,36.8,19.2,117.37,Private,PT-2847
APT-007039,2025-07-19,14:26,14,"K. Duarte, PT",Exam & imaging,kept,18.2,13.2,77.82,Insurance,PT-1631
APT-007031,2025-07-19,14:45,14,"M. Ellis, PT",Physio session,kept,32.2,22.2,89.9,Insurance,PT-2649
APT-007026,2025-07-19,15:30,15,"M. Ellis, PT",Filling,kept,48.1,18.8,172.5,Corporate plan,PT-3000
APT-007042,2025-07-19,15:41,15,"M. Ellis, PT",Exam & imaging,no_show,30.4,13.2,0.0,Insurance,PT-2762
APT-007028,2025-07-19,16:20,16,"K. Duarte, PT",Hygiene recall,cancelled,37.1,15.2,12.97,Corporate plan,PT-1787
APT-007037,2025-07-19,16:25,16,"M. Ellis, PT",Root canal,kept,74.1,17.4,618.99,Private,PT-2433
APT-007033,2025-07-19,16:31,16,"K. Duarte, PT",Filling,kept,47.8,14.1,124.76,Public scheme,PT-2477
APT-007041,2025-07-19,17:35,17,"K. Duarte, PT",Filling,no_show,51.8,13.9,0.0,Insurance,PT-1832
APT-007044,2025-07-19,17:52,17,"M. Ellis, PT",Physio session,cancelled,41.6,12.4,9.81,Corporate plan,PT-1464
APT-007081,2025-07-21,08:14,8,Dr. Almeida,Physio session,kept,40.6,7.5,92.18,Insurance,PT-2932
APT-007085,2025-07-21,08:14,8,Dr. Almeida,Exam & imaging,kept,22.7,15.2,79.63,Corporate plan,PT-2725
APT-007045,2025-07-21,08:40,8,Dr. Benitez,Root canal,kept,83.0,8.9,606.1,Insurance,PT-3000
APT-007048,2025-07-21,09:19,9,Dr. Benitez,Physio assessment,kept,54.5,6.9,125.38,Insurance,PT-2633
APT-007092,2025-07-21,09:22,9,Dr. Chandra,Physio assessment,kept,65.5,9.3,172.98,Private,PT-3161
APT-007083,2025-07-21,09:27,9,Dr. Benitez,Hygiene recall,kept,48.8,9.8,122.59,Insurance,PT-1883
APT-007093,2025-07-21,09:44,9,Dr. Benitez,Hygiene recall,kept,38.2,15.3,119.38,Insurance,PT-2654
APT-007050,2025-07-21,09:47,9,Dr. Chandra,Hygiene recall,no_show,42.8,13.2,0.0,Private,PT-1292
APT-007061,2025-07-21,09:58,9,Dr. Almeida,Exam & imaging,kept,32.3,10.4,96.37,Private,PT-1238
APT-007077,2025-07-21,10:03,10,Dr. Benitez,Follow-up consult,kept,17.6,13.8,57.38,Corporate plan,PT-3001
APT-007086,2025-07-21,10:03,10,Dr. Benitez,Exam & imaging,kept,36.7,9.0,73.44,Insurance,PT-2890
APT-007094,2025-07-21,10:09,10,Dr. Benitez,Hygiene recall,rescheduled,36.0,10.3,0.0,Insurance,PT-2605
APT-007058,2025-07-21,10:29,10,Dr. Chandra,Follow-up consult,kept,22.6,6.1,58.45,Insurance,PT-2388
APT-007084,2025-07-21,10:29,10,"K. Duarte, PT",Physio assessment,kept,58.2,8.3,166.94,Private,PT-2824
APT-007065,2025-07-21,11:23,11,"K. Duarte, PT",Filling,kept,58.9,10.6,181.19,Insurance,PT-1769
APT-007062,2025-07-21,11:29,11,Dr. Benitez,Crown fit,kept,65.0,14.4,812.67,Insurance,PT-2782
APT-007046,2025-07-21,11:30,11,Dr. Benitez,Physio assessment,kept,50.5,13.1,166.97,Private,PT-1341
APT-007047,2025-07-21,11:50,11,Dr. Chandra,Root canal,kept,80.2,15.2,576.47,Corporate plan,PT-2779
APT-007096,2025-07-21,11:52,11,Dr. Almeida,Hygiene recall,rescheduled,39.8,12.1,0.0,Insurance,PT-3101
APT-007072,2025-07-21,11:56,11,Dr. Chandra,Hygiene recall,no_show,32.8,12.1,0.0,Private,PT-1816
APT-007074,2025-07-21,11:58,11,Dr. Almeida,Hygiene recall,kept,48.0,11.2,122.46,Insurance,PT-2707
APT-007069,2025-07-21,12:00,12,Dr. Chandra,Hygiene recall,kept,40.6,8.1,154.15,Private,PT-1878
APT-007073,2025-07-21,12:09,12,Dr. Chandra,Hygiene recall,kept,40.4,9.9,109.64,Corporate plan,PT-1161
APT-007099,2025-07-21,12:15,12,"K. Duarte, PT",Filling,cancelled,38.0,8.4,23.02,Insurance,PT-2026
APT-007059,2025-07-21,12:31,12,Dr. Chandra,Hygiene recall,kept,49.4,13.3,122.46,Insurance,PT-2959
APT-007055,2025-07-21,12:49,12,"K. Duarte, PT",Exam & imaging,rescheduled,22.7,15.6,0.0,Insurance,PT-1511
APT-007078,2025-07-21,12:53,12,Dr. Benitez,Physio session,kept,38.4,10.1,101.75,Private,PT-1188
APT-007051,2025-07-21,13:19,13,"K. Duarte, PT",Physio session,kept,38.3,12.2,75.46,Public scheme,PT-1183
APT-007071,2025-07-21,13:26,13,Dr. Chandra,Hygiene recall,kept,54.8,21.0,119.63,Private,PT-3137
APT-007075,2025-07-21,13:41,13,Dr. Chandra,Root canal,kept,81.8,13.1,604.24,Insurance,PT-1498
APT-007054,2025-07-21,14:05,14,"K. Duarte, PT",Hygiene recall,kept,41.2,25.1,125.13,Insurance,PT-2793
APT-007060,2025-07-21,14:38,14,Dr. Chandra,Exam & imaging,kept,21.4,18.0,90.65,Insurance,PT-1242
APT-007090,2025-07-21,14:46,14,Dr. Chandra,Physio session,kept,40.2,11.1,98.39,Private,PT-2469
APT-007053,2025-07-21,14:48,14,"K. Duarte, PT",Hygiene recall,cancelled,51.5,14.6,15.34,Private,PT-1755
APT-007067,2025-07-21,14:54,14,Dr. Almeida,Hygiene recall,kept,33.5,21.3,127.73,Private,PT-1239
APT-007091,2025-07-21,14:54,14,Dr. Almeida,Exam & imaging,kept,35.4,17.3,65.49,Corporate plan,PT-1692
APT-007089,2025-07-21,15:01,15,Dr. Benitez,Crown fit,kept,69.9,13.8,640.53,Insurance,PT-2571
APT-007057,2025-07-21,15:04,15,Dr. Chandra,Hygiene recall,kept,54.1,14.0,120.36,Insurance,PT-1488
APT-007056,2025-07-21,15:05,15,Dr. Benitez,Physio session,kept,50.3,15.4,94.26,Insurance,PT-2346
APT-007049,2025-07-21,15:28,15,Dr. Benitez,Physio assessment,kept,49.7,13.8,122.06,Insurance,PT-1636
APT-007097,2025-07-21,15:29,15,"K. Duarte, PT",Hygiene recall,kept,50.9,17.6,136.1,Private,PT-1912
APT-007088,2025-07-21,15:34,15,Dr. Almeida,Root canal,kept,76.2,21.5,548.78,Insurance,PT-2970
APT-007087,2025-07-21,15:38,15,"K. Duarte, PT",Physio session,kept,38.3,18.4,90.81,Insurance,PT-1218
APT-007082,2025-07-21,15:43,15,"K. Duarte, PT",Physio session,kept,54.7,14.4,111.5,Private,PT-3197
APT-007063,2025-07-21,16:03,16,Dr. Almeida,Filling,kept,35.1,19.1,183.28,Corporate plan,PT-1270
APT-007066,2025-07-21,16:46,16,Dr. Chandra,Exam & imaging,kept,25.9,12.7,96.66,Private,PT-2868
APT-007068,2025-07-21,16:48,16,Dr. Benitez,Hygiene recall,no_show,50.8,11.2,0.0,Insurance,PT-1410
APT-007064,2025-07-21,16:51,16,Dr. Benitez,Hygiene recall,kept,43.1,18.2,129.81,Private,PT-1730
APT-007098,2025-07-21,16:58,16,Dr. Benitez,Physio session,kept,37.4,14.6,95.96,Insurance,PT-2812
APT-007070,2025-07-21,17:00,17,Dr. Benitez,Hygiene recall,kept,58.5,19.6,115.26,Insurance,PT-1581
APT-007079,2025-07-21,17:22,17,Dr. Almeida,Crown fit,kept,72.1,27.2,818.9,Insurance,PT-1345
APT-007095,2025-07-21,17:29,17,"K. Duarte, PT",Hygiene recall,kept,39.3,19.0,155.42,Private,PT-1037
APT-007080,2025-07-21,17:30,17,Dr. Benitez,Physio session,rescheduled,35.3,18.3,0.0,Insurance,PT-1954
APT-007052,2025-07-21,17:31,17,Dr. Benitez,Hygiene recall,no_show,49.8,17.3,0.0,Corporate plan,PT-1320
APT-007076,2025-07-21,17:43,17,Dr. Almeida,Crown fit,kept,67.9,14.2,805.89,Corporate plan,PT-2958
APT-007103,2025-07-22,09:19,9,Dr. Benitez,Filling,kept,44.1,9.0,181.7,Insurance,PT-1357
APT-007114,2025-07-22,09:28,9,Dr. Chandra,Exam & imaging,kept,34.6,10.8,98.86,Insurance,PT-1639
APT-007144,2025-07-22,09:33,9,"K. Duarte, PT",Physio assessment,no_show,49.7,11.1,0.0,Private,PT-2266
APT-007135,2025-07-22,09:34,9,Dr. Chandra,Hygiene recall,kept,31.5,7.2,149.7,Private,PT-1865
APT-007131,2025-07-22,10:00,10,Dr. Benitez,Physio assessment,kept,66.8,7.9,122.25,Corporate plan,PT-2274
APT-007126,2025-07-22,10:07,10,"M. Ellis, PT",Physio assessment,kept,63.1,12.0,92.38,Public scheme,PT-2323
APT-007117,2025-07-22,10:22,10,Dr. Almeida,Hygiene recall,kept,28.7,12.4,91.22,Public scheme,PT-2782
APT-007119,2025-07-22,10:22,10,Dr. Almeida,Exam & imaging,kept,29.8,11.3,92.9,Private,PT-2727
APT-007112,2025-07-22,10:25,10,"K. Duarte, PT",Follow-up consult,kept,24.3,10.8,62.55,Private,PT-1981
APT-007124,2025-07-22,10:25,10,Dr. Benitez,Filling,kept,41.7,9.3,179.15,Insurance,PT-1093
APT-007121,2025-07-22,10:26,10,Dr. Almeida,Filling,kept,44.9,21.5,179.09,Insurance,PT-2634
APT-007129,2025-07-22,10:26,10,"K. Duarte, PT",Physio session,cancelled,33.2,7.0,12.51,Private,PT-3069
APT-007133,2025-07-22,10:39,10,Dr. Almeida,Hygiene recall,kept,52.0,6.0,145.12,Private,PT-1561
APT-007139,2025-07-22,10:39,10,"M. Ellis, PT",Filling,cancelled,35.3,24.0,14.78,Public scheme,PT-2074
APT-007134,2025-07-22,10:45,10,"K. Duarte, PT",Hygiene recall,kept,38.1,18.3,133.49,Private,PT-2082
APT-007138,2025-07-22,10:48,10,Dr. Benitez,Hygiene recall,kept,40.4,6.2,119.56,Private,PT-1215
APT-007118,2025-07-22,11:10,11,"K. Duarte, PT",Physio assessment,kept,63.3,6.9,152.9,Private,PT-1019
APT-007105,2025-07-22,11:24,11,Dr. Benitez,Exam & imaging,kept,14.4,6.9,95.86,Private,PT-2687
APT-007107,2025-07-22,11:41,11,Dr. Benitez,Physio session,kept,49.4,16.1,89.72,Insurance,PT-2810
APT-007113,2025-07-22,11:47,11,"K. Duarte, PT",Physio session,kept,40.4,11.5,112.53,Private,PT-1012
APT-007111,2025-07-22,11:49,11,Dr. Almeida,Exam & imaging,kept,38.4,6.4,95.79,Private,PT-2194
APT-007137,2025-07-22,12:15,12,"M. Ellis, PT",Hygiene recall,kept,51.0,10.8,124.9,Insurance,PT-2238
APT-007108,2025-07-22,12:34,12,Dr. Benitez,Filling,cancelled,44.6,17.1,22.13,Insurance,PT-2471
APT-007123,2025-07-22,12:47,12,Dr. Almeida,Hygiene recall,kept,49.6,15.1,132.91,Private,PT-2811
APT-007141,2025-07-22,13:37,13,"M. Ellis, PT",Exam & imaging,kept,22.4,12.9,101.84,Private,PT-1503
APT-007110,2025-07-22,13:47,13,Dr. Benitez,Filling,kept,43.2,12.0,226.38,Private,PT-2894
APT-007115,2025-07-22,14:18,14,"K. Duarte, PT",Exam & imaging,kept,21.3,16.0,89.02,Private,PT-1395
APT-007128,2025-07-22,14:24,14,"M. Ellis, PT",Filling,rescheduled,43.9,14.7,0.0,Private,PT-2023
APT-007132,2025-07-22,15:02,15,"M. Ellis, PT",Root canal,kept,85.5,12.3,503.84,Insurance,PT-1022
APT-007130,2025-07-22,15:09,15,"M. Ellis, PT",Exam & imaging,kept,27.4,38.9,84.66,Insurance,PT-2190
APT-007102,2025-07-22,15:17,15,"K. Duarte, PT",Crown fit,kept,56.3,11.4,688.6,Corporate plan,PT-2307
APT-007125,2025-07-22,15:26,15,"K. Duarte, PT",Exam & imaging,no_show,21.0,11.0,0.0,Insurance,PT-2240
APT-007100,2025-07-22,15:36,15,Dr. Benitez,Crown fit,kept,80.7,11.5,724.64,Corporate plan,PT-2360
APT-007104,2025-07-22,16:06,16,"K. Duarte, PT",Filling,no_show,30.1,15.7,0.0,Insurance,PT-3092
APT-007109,2025-07-22,16:12,16,Dr. Almeida,Hygiene recall,kept,35.1,13.3,84.47,Public scheme,PT-1507
APT-007120,2025-07-22,16:16,16,Dr. Benitez,Filling,kept,41.1,12.0,179.75,Insurance,PT-2436
APT-007101,2025-07-22,16:29,16,"M. Ellis, PT",Filling,kept,33.3,11.7,172.34,Insurance,PT-2269
APT-007127,2025-07-22,16:37,16,Dr. Benitez,Physio assessment,kept,45.6,12.8,158.21,Private,PT-2454
APT-007143,2025-07-22,16:38,16,Dr. Chandra,Exam & imaging,kept,28.1,27.7,99.65,Private,PT-2557
APT-007142,2025-07-22,16:42,16,"M. Ellis, PT",Physio session,kept,24.6,20.7,97.69,Insurance,PT-1372
APT-007106,2025-07-22,16:44,16,"M. Ellis, PT",Physio assessment,kept,51.6,25.2,128.18,Insurance,PT-3007
APT-007116,2025-07-22,16:49,16,"M. Ellis, PT",Root canal,no_show,79.0,16.1,0.0,Insurance,PT-2519
APT-007140,2025-07-22,16:54,16,"K. Duarte, PT",Exam & imaging,kept,26.5,12.7,75.14,Insurance,PT-1036
APT-007136,2025-07-22,17:01,17,Dr. Benitez,Hygiene recall,kept,41.5,15.1,93.9,Public scheme,PT-1907
APT-007122,2025-07-22,17:28,17,Dr. Benitez,Exam & imaging,no_show,25.6,19.5,0.0,Public scheme,PT-2859
APT-007178,2025-07-23,08:31,8,Dr. Faber,Hygiene recall,kept,40.6,9.5,144.13,Private,PT-2891
APT-007167,2025-07-23,08:40,8,Dr. Benitez,Hygiene recall,kept,46.6,20.4,137.3,Private,PT-2916
APT-007168,2025-07-23,08:55,8,Dr. Benitez,Root canal,kept,68.8,9.8,667.64,Private,PT-1676
APT-007195,2025-07-23,09:14,9,"M. Ellis, PT",Exam & imaging,kept,31.8,12.3,103.14,Private,PT-3097
APT-007149,2025-07-23,09:18,9,Dr. Almeida,Root canal,kept,82.9,11.9,545.12,Insurance,PT-1024
APT-007165,2025-07-23,09:27,9,Dr. Almeida,Hygiene recall,kept,61.9,19.7,130.06,Private,PT-2367
APT-007157,2025-07-23,09:29,9,Dr. Almeida,Follow-up consult,kept,28.6,16.4,58.78,Insurance,PT-2658
APT-007173,2025-07-23,09:40,9,Dr. Benitez,Physio session,kept,36.4,9.8,91.57,Insurance,PT-1947
APT-007181,2025-07-23,09:40,9,"M. Ellis, PT",Exam & imaging,kept,35.6,12.6,79.68,Insurance,PT-1173
APT-007191,2025-07-23,09:50,9,"M. Ellis, PT",Hygiene recall,kept,39.6,11.8,118.2,Insurance,PT-1281
APT-007154,2025-07-23,09:51,9,Dr. Almeida,Hygiene recall,kept,30.5,9.6,136.86,Private,PT-1823
APT-007179,2025-07-23,10:05,10,"K. Duarte, PT",Physio assessment,kept,52.7,8.2,133.34,Insurance,PT-1102
APT-007146,2025-07-23,10:13,10,"K. Duarte, PT",Hygiene recall,kept,49.5,9.4,126.56,Insurance,PT-1746
APT-007174,2025-07-23,10:22,10,Dr. Benitez,Hygiene recall,cancelled,54.3,8.9,16.31,Private,PT-1050
APT-007163,2025-07-23,10:34,10,"M. Ellis, PT",Hygiene recall,kept,43.5,7.0,119.97,Insurance,PT-2415
APT-007169,2025-07-23,10:54,10,"K. Duarte, PT",Physio session,kept,42.2,10.2,73.49,Corporate plan,PT-2875
APT-007170,2025-07-23,11:09,11,Dr. Benitez,Hygiene recall,kept,37.5,8.9,124.94,Insurance,PT-2260
APT-007150,2025-07-23,11:15,11,"M. Ellis, PT",Hygiene recall,kept,35.6,7.4,93.49,Public scheme,PT-2730
APT-007184,2025-07-23,11:23,11,Dr. Benitez,Physio session,no_show,40.3,8.9,0.0,Insurance,PT-2880
APT-007194,2025-07-23,11:24,11,"K. Duarte, PT",Physio assessment,kept,53.9,6.2,160.47,Private,PT-1580
APT-007183,2025-07-23,11:51,11,Dr. Faber,Exam & imaging,kept,17.5,8.9,63.03,Corporate plan,PT-3108
APT-007171,2025-07-23,11:54,11,Dr. Almeida,Hygiene recall,kept,50.2,10.3,142.48,Private,PT-2863
APT-007148,2025-07-23,11:55,11,Dr. Benitez,Filling,kept,47.1,11.6,199.96,Private,PT-1199
APT-007158,2025-07-23,11:58,11,Dr. Faber,Physio session,kept,33.2,16.4,86.85,Insurance,PT-2548
APT-007166,2025-07-23,12:00,12,Dr. Almeida,Crown fit,kept,61.4,9.7,740.07,Corporate plan,PT-2755
APT-007164,2025-07-23,12:23,12,Dr. Benitez,Filling,kept,52.1,7.2,209.91,Private,PT-1631
APT-007192,2025-07-23,12:28,12,Dr. Almeida,Exam & imaging,kept,14.4,26.8,87.19,Private,PT-2801
APT-007152,2025-07-23,12:41,12,"M. Ellis, PT",Exam & imaging,kept,28.1,16.8,71.89,Insurance,PT-1679
APT-007147,2025-07-23,12:49,12,Dr. Almeida,Root canal,rescheduled,84.4,8.2,0.0,Corporate plan,PT-1283
APT-007185,2025-07-23,13:54,13,"M. Ellis, PT",Exam & imaging,no_show,40.2,15.0,0.0,Public scheme,PT-3110
APT-007145,2025-07-23,14:00,14,"K. Duarte, PT",Hygiene recall,kept,35.7,19.6,112.15,Insurance,PT-1528
APT-007182,2025-07-23,14:09,14,"K. Duarte, PT",Physio session,kept,52.2,12.8,86.45,Insurance,PT-1370
APT-007189,2025-07-23,14:14,14,Dr. Benitez,Physio session,kept,38.3,15.1,78.39,Corporate plan,PT-1373
APT-007159,2025-07-23,14:16,14,"M. Ellis, PT",Hygiene recall,rescheduled,57.1,15.0,0.0,Corporate plan,PT-1234
APT-007196,2025-07-23,14:19,14,Dr. Almeida,Filling,cancelled,51.4,18.3,24.41,Private,PT-2674
APT-007161,2025-07-23,14:22,14,Dr. Benitez,Root canal,no_show,77.4,13.4,0.0,Insurance,PT-3107
APT-007151,2025-07-23,15:03,15,Dr. Almeida,Hygiene recall,kept,41.3,15.4,119.74,Private,PT-1089
APT-007156,2025-07-23,15:04,15,Dr. Faber,Physio session,kept,48.0,23.0,63.23,Public scheme,PT-1536
APT-007153,2025-07-23,15:15,15,"M. Ellis, PT",Exam & imaging,no_show,8.0,24.6,0.0,Insurance,PT-2282
APT-007177,2025-07-23,15:22,15,Dr. Benitez,Hygiene recall,kept,46.6,21.5,111.52,Insurance,PT-1155
APT-007176,2025-07-23,15:29,15,"K. Duarte, PT",Hygiene recall,kept,32.4,27.9,143.4,Private,PT-3126
APT-007186,2025-07-23,15:51,15,Dr. Almeida,Hygiene recall,kept,37.3,14.5,120.11,Insurance,PT-3132
APT-007180,2025-07-23,15:59,15,"K. Duarte, PT",Exam & imaging,kept,27.8,23.2,90.17,Private,PT-2638
APT-007160,2025-07-23,16:26,16,Dr. Faber,Crown fit,cancelled,58.6,20.8,100.49,Insurance,PT-1661
APT-007155,2025-07-23,16:31,16,"K. Duarte, PT",Physio assessment,kept,60.7,11.3,92.14,Public scheme,PT-1449
APT-007188,2025-07-23,16:44,16,Dr. Faber,Hygiene recall,kept,35.3,32.6,144.13,Private,PT-2906
APT-007175,2025-07-23,16:47,16,"K. Duarte, PT",Hygiene recall,kept,40.7,14.5,84.52,Public scheme,PT-1845
APT-007190,2025-07-23,16:49,16,"K. Duarte, PT",Physio assessment,kept,47.1,13.1,148.14,Private,PT-2389
APT-007172,2025-07-23,17:27,17,Dr. Benitez,Exam & imaging,kept,21.3,13.6,79.8,Insurance,PT-2136
APT-007162,2025-07-23,17:32,17,"K. Duarte, PT",Filling,kept,41.9,17.5,181.09,Insurance,PT-2020
APT-007187,2025-07-23,17:37,17,Dr. Faber,Physio assessment,kept,49.3,15.2,169.04,Private,PT-1674
APT-007193,2025-07-23,17:38,17,"M. Ellis, PT",Hygiene recall,kept,52.0,12.7,104.48,Insurance,PT-1870
APT-007240,2025-07-24,08:07,8,Dr. Almeida,Exam & imaging,no_show,10.0,8.3,0.0,Insurance,PT-1969
APT-007235,2025-07-24,08:32,8,"K. Duarte, PT",Filling,kept,57.5,9.0,209.34,Private,PT-1546
APT-007223,2025-07-24,09:03,9,"K. Duarte, PT",Crown fit,cancelled,71.9,11.8,122.26,Private,PT-1964
APT-007233,2025-07-24,09:06,9,Dr. Almeida,Physio assessment,kept,61.9,6.2,114.67,Insurance,PT-1533
APT-007230,2025-07-24,09:07,9,"M. Ellis, PT",Follow-up consult,rescheduled,24.4,12.3,0.0,Insurance,PT-1963
APT-007234,2025-07-24,09:10,9,"K. Duarte, PT",Hygiene recall,kept,45.1,9.2,118.07,Insurance,PT-1118
APT-007226,2025-07-24,09:31,9,Dr. Chandra,Hygiene recall,kept,40.6,8.4,118.8,Insurance,PT-2760
APT-007250,2025-07-24,09:33,9,Dr. Benitez,Hygiene recall,kept,56.5,7.6,112.9,Insurance,PT-2824
APT-007216,2025-07-24,09:39,9,"M. Ellis, PT",Exam & imaging,no_show,17.2,8.1,0.0,Insurance,PT-1138
APT-007236,2025-07-24,09:41,9,Dr. Almeida,Physio session,kept,47.7,17.3,95.49,Insurance,PT-2767
APT-007242,2025-07-24,09:59,9,"K. Duarte, PT",Physio session,kept,39.6,6.7,87.32,Insurance,PT-1445
APT-007243,2025-07-24,10:03,10,"K. Duarte, PT",Exam & imaging,kept,21.7,21.9,58.3,Public scheme,PT-2580
APT-007215,2025-07-24,10:05,10,Dr. Faber,Crown fit,kept,62.2,6.8,841.19,Insurance,PT-3134
APT-007249,2025-07-24,10:14,10,"M. Ellis, PT",Exam & imaging,kept,27.2,6.5,93.85,Private,PT-1901
APT-007204,2025-07-24,10:23,10,"K. Duarte, PT",Crown fit,kept,63.4,9.0,1002.82,Private,PT-1461
APT-007227,2025-07-24,10:27,10,Dr. Chandra,Exam & imaging,kept,17.3,8.1,68.42,Corporate plan,PT-2882
APT-007218,2025-07-24,10:41,10,"M. Ellis, PT",Physio assessment,kept,53.9,7.9,102.4,Public scheme,PT-2000
APT-007213,2025-07-24,10:45,10,"M. Ellis, PT",Physio session,kept,37.7,14.0,84.32,Insurance,PT-1123
APT-007232,2025-07-24,10:45,10,Dr. Chandra,Filling,kept,40.6,12.9,191.0,Private,PT-2976
APT-007231,2025-07-24,10:57,10,"K. Duarte, PT",Hygiene recall,no_show,44.4,15.7,0.0,Insurance,PT-2912
APT-007257,2025-07-24,11:09,11,Dr. Benitez,Filling,kept,51.3,9.2,222.81,Private,PT-2317
APT-007206,2025-07-24,11:40,11,Dr. Almeida,Hygiene recall,kept,42.6,16.7,116.84,Insurance,PT-3161
APT-007209,2025-07-24,11:48,11,Dr. Chandra,Hygiene recall,kept,29.8,8.5,140.04,Private,PT-1241
APT-007241,2025-07-24,11:48,11,Dr. Faber,Exam & imaging,kept,29.9,7.7,95.69,Private,PT-1418
APT-007199,2025-07-24,11:54,11,"M. Ellis, PT",Physio assessment,no_show,58.5,12.2,0.0,Private,PT-2191
APT-007207,2025-07-24,12:01,12,Dr. Chandra,Hygiene recall,kept,39.5,11.5,128.15,Insurance,PT-2188
APT-007217,2025-07-24,12:35,12,Dr. Almeida,Exam & imaging,kept,20.4,9.1,85.31,Private,PT-2730
APT-007225,2025-07-24,12:50,12,Dr. Almeida,Crown fit,kept,64.5,16.4,740.67,Corporate plan,PT-2121
APT-007238,2025-07-24,13:16,13,Dr. Chandra,Physio session,cancelled,40.4,11.9,10.87,Insurance,PT-2289
APT-007260,2025-07-24,13:23,13,Dr. Faber,Hygiene recall,kept,49.8,13.5,112.88,Insurance,PT-2810
APT-007259,2025-07-24,13:37,13,"K. Duarte, PT",Physio assessment,kept,57.5,15.6,114.18,Insurance,PT-1474
APT-007255,2025-07-24,13:59,13,Dr. Chandra,Exam & imaging,kept,24.1,12.6,80.66,Corporate plan,PT-1973
APT-007214,2025-07-24,14:10,14,Dr. Almeida,Physio session,kept,50.2,13.2,101.39,Private,PT-1060
APT-007224,2025-07-24,14:10,14,Dr. Chandra,Exam & imaging,no_show,16.5,13.3,0.0,Private,PT-1592
APT-007253,2025-07-24,14:13,14,"K. Duarte, PT",Filling,kept,51.5,16.8,191.9,Insurance,PT-2024
APT-007198,2025-07-24,14:20,14,Dr. Benitez,Hygiene recall,cancelled,54.3,13.2,15.46,Private,PT-2227
APT-007254,2025-07-24,14:23,14,Dr. Almeida,Hygiene recall,kept,46.5,14.2,99.06,Corporate plan,PT-3083
APT-007246,2025-07-24,14:31,14,Dr. Almeida,Hygiene recall,kept,48.4,20.1,108.5,Insurance,PT-1461
APT-007205,2025-07-24,14:35,14,"K. Duarte, PT",Hygiene recall,kept,49.1,19.0,103.21,Corporate plan,PT-2378
APT-007248,2025-07-24,14:39,14,Dr. Chandra,Physio assessment,kept,55.0,19.2,123.94,Insurance,PT-3162
APT-007197,2025-07-24,14:54,14,Dr. Benitez,Exam & imaging,no_show,22.2,17.3,0.0,Insurance,PT-1657
APT-007245,2025-07-24,15:05,15,"K. Duarte, PT",Hygiene recall,no_show,51.9,20.0,0.0,Private,PT-1058
APT-007221,2025-07-24,15:09,15,"M. Ellis, PT",Hygiene recall,cancelled,30.8,13.4,12.37,Corporate plan,PT-2092
APT-007208,2025-07-24,15:11,15,Dr. Faber,Exam & imaging,kept,40.8,15.3,69.87,Corporate plan,PT-1387
APT-007211,2025-07-24,15:21,15,Dr. Benitez,Exam & imaging,kept,30.1,18.8,80.52,Insurance,PT-1928
APT-007220,2025-07-24,15:34,15,Dr. Faber,Hygiene recall,kept,57.0,14.1,122.72,Insurance,PT-2484
APT-007200,2025-07-24,15:35,15,Dr. Almeida,Hygiene recall,kept,40.7,18.0,120.7,Insurance,PT-2143
APT-007212,2025-07-24,15:36,15,Dr. Almeida,Follow-up consult,cancelled,25.9,17.9,6.67,Corporate plan,PT-1671
APT-007239,2025-07-24,15:38,15,Dr. Benitez,Physio assessment,kept,56.9,11.9,147.54,Private,PT-1750
APT-007247,2025-07-24,15:42,15,Dr. Benitez,Hygiene recall,kept,50.6,22.4,133.0,Private,PT-1831
APT-007203,2025-07-24,15:44,15,"M. Ellis, PT",Hygiene recall,kept,34.3,18.4,124.59,Insurance,PT-2249
APT-007202,2025-07-24,15:46,15,"K. Duarte, PT",Filling,kept,51.6,15.3,153.55,Insurance,PT-2652
APT-007219,2025-07-24,15:47,15,Dr. Almeida,Filling,kept,44.5,18.8,185.19,Insurance,PT-1279
APT-007201,2025-07-24,15:50,15,Dr. Almeida,Hygiene recall,kept,43.9,13.3,95.11,Corporate plan,PT-2454
APT-007252,2025-07-24,15:59,15,Dr. Almeida,Physio assessment,kept,54.5,16.6,114.08,Insurance,PT-1985
APT-007261,2025-07-24,16:16,16,"K. Duarte, PT",Exam & imaging,cancelled,23.6,20.0,10.37,Insurance,PT-2983
APT-007244,2025-07-24,16:20,16,"K. Duarte, PT",Physio session,kept,48.9,19.3,74.81,Insurance,PT-3019
APT-007237,2025-07-24,16:27,16,Dr. Benitez,Filling,kept,44.3,18.3,212.1,Private,PT-2164
APT-007258,2025-07-24,16:40,16,"M. Ellis, PT",Exam & imaging,kept,29.8,17.3,83.48,Insurance,PT-2456
APT-007222,2025-07-24,17:02,17,Dr. Almeida,Crown fit,rescheduled,68.6,13.0,0.0,Private,PT-1078
APT-007210,2025-07-24,17:16,17,"K. Duarte, PT",Hygiene recall,kept,49.3,25.8,131.01,Insurance,PT-3113
APT-007256,2025-07-24,17:16,17,Dr. Almeida,Exam & imaging,kept,23.9,23.1,83.95,Private,PT-2730
APT-007228,2025-07-24,17:26,17,Dr. Faber,Hygiene recall,no_show,62.0,17.9,0.0,Insurance,PT-2425
APT-007251,2025-07-24,17:36,17,"K. Duarte, PT",Physio session,kept,45.5,12.4,88.26,Corporate plan,PT-2936
APT-007229,2025-07-24,17:38,17,Dr. Chandra,Hygiene recall,no_show,30.3,14.6,0.0,Private,PT-2159
APT-007275,2025-07-25,09:08,9,"K. Duarte, PT",Filling,kept,46.4,9.2,239.71,Private,PT-2105
APT-007279,2025-07-25,09:10,9,Dr. Almeida,Filling,kept,63.1,10.3,190.28,Insurance,PT-3153
APT-007284,2025-07-25,09:11,9,Dr. Almeida,Hygiene recall,cancelled,43.1,19.3,17.57,Private,PT-2707
APT-007287,2025-07-25,09:11,9,Dr. Almeida,Follow-up consult,kept,23.7,14.4,65.5,Insurance,PT-2620
APT-007272,2025-07-25,09:14,9,Dr. Almeida,Physio session,no_show,46.4,15.5,0.0,Insurance,PT-1065
APT-007292,2025-07-25,09:17,9,Dr. Chandra,Filling,no_show,43.0,14.5,0.0,Public scheme,PT-2260
APT-007291,2025-07-25,09:55,9,"K. Duarte, PT",Exam & imaging,no_show,24.2,13.9,0.0,Private,PT-1013
APT-007286,2025-07-25,09:57,9,Dr. Almeida,Physio session,kept,43.9,16.2,100.49,Insurance,PT-2454
APT-007293,2025-07-25,10:02,10,"K. Duarte, PT",Filling,kept,51.2,11.9,208.75,Private,PT-1435
APT-007289,2025-07-25,10:10,10,Dr. Benitez,Physio assessment,kept,54.6,17.0,133.23,Insurance,PT-1794
APT-007271,2025-07-25,10:18,10,Dr. Faber,Exam & imaging,kept,32.4,14.5,54.29,Public scheme,PT-2756
APT-007299,2025-07-25,10:25,10,Dr. Almeida,Hygiene recall,kept,43.9,7.8,107.54,Insurance,PT-2717
APT-007285,2025-07-25,10:41,10,Dr. Benitez,Crown fit,kept,73.2,13.6,527.15,Public scheme,PT-3054
APT-007296,2025-07-25,10:42,10,"M. Ellis, PT",Follow-up consult,rescheduled,19.5,7.4,0.0,Private,PT-2617
APT-007281,2025-07-25,10:54,10,Dr. Faber,Crown fit,no_show,67.4,15.0,0.0,Insurance,PT-2402
APT-007270,2025-07-25,11:02,11,"M. Ellis, PT",Exam & imaging,rescheduled,28.3,7.9,0.0,Insurance,PT-1239
APT-007268,2025-07-25,11:16,11,Dr. Chandra,Exam & imaging,cancelled,24.8,15.6,11.59,Private,PT-1665
APT-007273,2025-07-25,11:16,11,Dr. Chandra,Crown fit,kept,74.6,10.8,918.72,Private,PT-1751
APT-007267,2025-07-25,11:30,11,"K. Duarte, PT",Exam & imaging,kept,23.4,7.0,96.57,Private,PT-1246
APT-007300,2025-07-25,11:40,11,Dr. Faber,Physio session,cancelled,32.3,18.9,10.62,Insurance,PT-3131
APT-007297,2025-07-25,11:46,11,Dr. Faber,Physio assessment,kept,54.8,11.1,126.71,Private,PT-1473
APT-007263,2025-07-25,12:27,12,Dr. Faber,Filling,kept,37.3,7.5,212.42,Insurance,PT-1697
APT-007266,2025-07-25,12:54,12,"K. Duarte, PT",Exam & imaging,no_show,29.3,7.1,0.0,Corporate plan,PT-1602
APT-007262,2025-07-25,13:11,13,Dr. Benitez,Physio session,kept,39.3,15.6,88.47,Insurance,PT-1692
APT-007301,2025-07-25,13:46,13,Dr. Almeida,Exam & imaging,rescheduled,13.8,16.8,0.0,Private,PT-1034
APT-007269,2025-07-25,13:52,13,"K. Duarte, PT",Hygiene recall,cancelled,31.6,13.1,10.75,Public scheme,PT-1425
APT-007282,2025-07-25,14:02,14,"M. Ellis, PT",Hygiene recall,cancelled,51.2,20.7,14.25,Insurance,PT-1836
APT-007302,2025-07-25,14:14,14,Dr. Almeida,Physio assessment,kept,52.2,13.3,110.25,Corporate plan,PT-1284
APT-007298,2025-07-25,14:41,14,Dr. Almeida,Hygiene recall,kept,41.3,20.7,103.55,Insurance,PT-2892
APT-007290,2025-07-25,14:56,14,"M. Ellis, PT",Physio session,cancelled,39.3,13.4,15.33,Private,PT-1151
APT-007288,2025-07-25,14:58,14,Dr. Chandra,Physio session,kept,45.8,18.4,69.89,Public scheme,PT-1170
APT-007265,2025-07-25,15:09,15,Dr. Almeida,Hygiene recall,kept,44.5,18.9,149.83,Private,PT-2021
APT-007280,2025-07-25,15:31,15,Dr. Benitez,Physio assessment,kept,50.0,15.7,137.72,Insurance,PT-3199
APT-007277,2025-07-25,15:34,15,"K. Duarte, PT",Physio assessment,kept,57.6,20.8,122.65,Insurance,PT-2440
APT-007283,2025-07-25,15:46,15,Dr. Almeida,Exam & imaging,no_show,16.4,23.2,0.0,Insurance,PT-2935
APT-007276,2025-07-25,15:56,15,"K. Duarte, PT",Physio assessment,kept,50.9,15.9,133.25,Corporate plan,PT-1090
APT-007264,2025-07-25,16:10,16,"K. Duarte, PT",Hygiene recall,kept,65.8,22.0,144.01,Private,PT-3005
APT-007295,2025-07-25,16:17,16,"K. Duarte, PT",Exam & imaging,kept,32.7,12.7,72.54,Corporate plan,PT-1262
APT-007274,2025-07-25,16:24,16,Dr. Benitez,Follow-up consult,no_show,27.0,17.4,0.0,Corporate plan,PT-1699
APT-007278,2025-07-25,16:51,16,"M. Ellis, PT",Exam & imaging,kept,32.9,18.6,102.56,Private,PT-2757
APT-007294,2025-07-25,17:50,17,"K. Duarte, PT",Exam & imaging,cancelled,18.6,14.5,10.19,Insurance,PT-1182
APT-007324,2025-07-26,08:33,8,"K. Duarte, PT",Exam & imaging,rescheduled,34.0,7.2,0.0,Insurance,PT-1062
APT-007308,2025-07-26,08:51,8,"K. Duarte, PT",Hygiene recall,kept,42.3,19.2,143.04,Private,PT-2064
APT-007312,2025-07-26,08:55,8,"K. Duarte, PT",Filling,kept,36.8,7.3,160.76,Insurance,PT-2648
APT-007306,2025-07-26,09:32,9,"K. Duarte, PT",Exam & imaging,kept,28.8,10.9,75.0,Insurance,PT-1350
APT-007330,2025-07-26,09:49,9,"M. Ellis, PT",Physio assessment,kept,36.0,12.6,144.15,Insurance,PT-1590
APT-007310,2025-07-26,09:51,9,"M. Ellis, PT",Crown fit,kept,69.1,7.7,771.31,Insurance,PT-2860
APT-007327,2025-07-26,10:34,10,"K. Duarte, PT",Physio session,no_show,41.0,16.7,0.0,Corporate plan,PT-2293
APT-007331,2025-07-26,10:34,10,"M. Ellis, PT",Crown fit,kept,51.7,8.9,899.73,Private,PT-1618
APT-007305,2025-07-26,10:57,10,"M. Ellis, PT",Exam & imaging,kept,23.4,9.4,107.94,Private,PT-2094
APT-007326,2025-07-26,11:28,11,"M. Ellis, PT",Physio assessment,kept,67.1,17.2,122.39,Insurance,PT-1376
APT-007307,2025-07-26,11:44,11,"K. Duarte, PT",Physio session,kept,43.7,13.5,103.12,Insurance,PT-2494
APT-007322,2025-07-26,11:50,11,"K. Duarte, PT",Hygiene recall,kept,34.4,12.3,124.72,Insurance,PT-2933
APT-007311,2025-07-26,12:00,12,"K. Duarte, PT",Hygiene recall,kept,44.1,12.6,122.93,Private,PT-1936
APT-007320,2025-07-26,12:19,12,"K. Duarte, PT",Physio assessment,kept,58.5,11.5,118.58,Corporate plan,PT-2549
APT-007329,2025-07-26,12:41,12,"K. Duarte, PT",Exam & imaging,rescheduled,26.4,9.9,0.0,Insurance,PT-1167
APT-007325,2025-07-26,13:16,13,"K. Duarte, PT",Physio session,kept,40.2,15.9,79.07,Corporate plan,PT-1601
APT-007309,2025-07-26,13:23,13,"M. Ellis, PT",Exam & imaging,kept,27.0,15.4,96.26,Private,PT-2326
APT-007314,2025-07-26,13:59,13,"M. Ellis, PT",Hygiene recall,kept,55.5,14.1,121.67,Insurance,PT-2461
APT-007313,2025-07-26,14:06,14,"M. Ellis, PT",Filling,kept,34.1,15.9,126.69,Public scheme,PT-1749
APT-007315,2025-07-26,14:33,14,"M. Ellis, PT",Filling,kept,42.3,13.5,190.15,Insurance,PT-2184
APT-007332,2025-07-26,15:11,15,"K. Duarte, PT",Hygiene recall,kept,52.9,17.0,107.69,Corporate plan,PT-1713
APT-007321,2025-07-26,15:21,15,"K. Duarte, PT",Physio session,kept,42.6,17.6,102.96,Private,PT-1831
APT-007303,2025-07-26,15:31,15,"M. Ellis, PT",Hygiene recall,kept,43.6,14.1,139.47,Private,PT-1772
APT-007316,2025-07-26,15:34,15,"K. Duarte, PT",Hygiene recall,kept,51.0,24.3,76.73,Public scheme,PT-1400
APT-007323,2025-07-26,15:59,15,"K. Duarte, PT",Crown fit,kept,63.7,25.1,887.96,Private,PT-2493
APT-007317,2025-07-26,16:13,16,"M. Ellis, PT",Physio session,cancelled,26.3,30.2,9.16,Corporate plan,PT-2154
APT-007318,2025-07-26,16:13,16,"K. Duarte, PT",Physio assessment,kept,48.0,24.9,132.47,Insurance,PT-2289
APT-007328,2025-07-26,16:30,16,"K. Duarte, PT",Hygiene recall,kept,37.7,18.4,110.71,Insurance,PT-1156
APT-007319,2025-07-26,16:53,16,"M. Ellis, PT",Hygiene recall,cancelled,31.7,15.9,16.81,Private,PT-1030
APT-007304,2025-07-26,17:59,17,"M. Ellis, PT",Exam & imaging,kept,18.8,14.8,74.46,Private,PT-2445
APT-007355,2025-07-28,08:52,8,Dr. Almeida,Physio assessment,kept,58.8,15.0,156.26,Private,PT-2278
APT-007347,2025-07-28,08:56,8,Dr. Almeida,Exam & imaging,kept,20.8,12.5,81.22,Insurance,PT-1420
APT-007372,2025-07-28,08:59,8,Dr. Almeida,Physio session,rescheduled,42.6,15.7,0.0,Public scheme,PT-2759
APT-007360,2025-07-28,09:01,9,Dr. Benitez,Filling,kept,42.2,19.6,209.1,Private,PT-1395
APT-007368,2025-07-28,09:10,9,"K. Duarte, PT",Physio assessment,kept,58.2,10.1,120.51,Corporate plan,PT-2838
APT-007387,2025-07-28,09:10,9,Dr. Benitez,Hygiene recall,kept,37.9,8.7,142.26,Private,PT-2053
APT-007384,2025-07-28,09:25,9,"K. Duarte, PT",Physio session,kept,38.6,14.5,91.44,Insurance,PT-1506
APT-007363,2025-07-28,09:28,9,Dr. Chandra,Physio assessment,kept,65.6,9.5,164.55,Private,PT-1196
APT-007358,2025-07-28,09:33,9,Dr. Benitez,Filling,kept,46.5,7.1,153.32,Corporate plan,PT-1989
APT-007378,2025-07-28,09:38,9,Dr. Benitez,Hygiene recall,kept,42.9,29.0,143.63,Private,PT-1382
APT-007341,2025-07-28,09:40,9,Dr. Chandra,Physio session,kept,33.5,11.8,90.31,Insurance,PT-3105
APT-007352,2025-07-28,09:45,9,"K. Duarte, PT",Filling,cancelled,51.1,11.4,20.6,Insurance,PT-2493
APT-007354,2025-07-28,09:49,9,Dr. Chandra,Hygiene recall,kept,43.9,10.7,106.96,Corporate plan,PT-1027
APT-007351,2025-07-28,09:51,9,"K. Duarte, PT",Physio session,kept,46.4,18.2,114.62,Private,PT-2700
APT-007334,2025-07-28,10:02,10,Dr. Chandra,Hygiene recall,kept,55.0,6.5,134.39,Private,PT-2709
APT-007376,2025-07-28,10:04,10,"K. Duarte, PT",Hygiene recall,kept,46.1,12.2,105.29,Corporate plan,PT-1338
APT-007385,2025-07-28,10:22,10,"K. Duarte, PT",Hygiene recall,kept,49.0,9.8,97.22,Corporate plan,PT-1189
APT-007379,2025-07-28,10:28,10,Dr. Benitez,Exam & imaging,kept,23.1,15.2,95.17,Private,PT-2514
APT-007357,2025-07-28,10:35,10,Dr. Benitez,Hygiene recall,kept,46.9,9.1,142.56,Private,PT-1718
APT-007336,2025-07-28,10:44,10,Dr. Almeida,Follow-up consult,kept,24.1,11.4,64.36,Insurance,PT-1136
APT-007340,2025-07-28,10:52,10,Dr. Almeida,Filling,kept,45.4,11.3,164.04,Corporate plan,PT-1910
APT-007367,2025-07-28,10:54,10,Dr. Almeida,Hygiene recall,kept,43.5,8.9,121.26,Private,PT-2217
APT-007374,2025-07-28,11:07,11,Dr. Benitez,Exam & imaging,kept,29.8,11.1,90.16,Private,PT-1286
APT-007373,2025-07-28,11:22,11,"K. Duarte, PT",Exam & imaging,cancelled,32.5,13.1,7.33,Public scheme,PT-2447
APT-007388,2025-07-28,11:29,11,Dr. Almeida,Filling,kept,41.8,10.8,206.77,Insurance,PT-2102
APT-007371,2025-07-28,11:35,11,Dr. Almeida,Filling,kept,35.8,7.6,195.53,Insurance,PT-1067
APT-007353,2025-07-28,11:47,11,Dr. Chandra,Exam & imaging,kept,33.1,13.2,82.98,Corporate plan,PT-2775
APT-007335,2025-07-28,11:52,11,Dr. Benitez,Follow-up consult,kept,27.6,8.9,69.09,Private,PT-2428
APT-007377,2025-07-28,12:01,12,Dr. Benitez,Root canal,kept,77.5,7.9,592.45,Private,PT-2310
APT-007350,2025-07-28,12:02,12,"K. Duarte, PT",Crown fit,kept,68.3,15.7,731.95,Insurance,PT-1489
APT-007349,2025-07-28,12:21,12,Dr. Benitez,Hygiene recall,kept,35.5,10.4,87.96,Public scheme,PT-3171
APT-007338,2025-07-28,12:41,12,"K. Duarte, PT",Hygiene recall,kept,45.2,15.5,86.18,Public scheme,PT-2085
APT-007364,2025-07-28,12:56,12,Dr. Almeida,Crown fit,kept,50.3,15.9,798.96,Insurance,PT-2899
APT-007356,2025-07-28,12:57,12,"K. Duarte, PT",Crown fit,kept,57.5,11.9,933.22,Private,PT-2635
APT-007344,2025-07-28,13:02,13,Dr. Benitez,Exam & imaging,kept,34.5,13.2,103.29,Private,PT-2099
APT-007380,2025-07-28,13:35,13,Dr. Benitez,Physio assessment,no_show,47.1,14.0,0.0,Public scheme,PT-1488
APT-007366,2025-07-28,13:44,13,"K. Duarte, PT",Exam & imaging,kept,18.0,14.7,85.88,Insurance,PT-2499
APT-007361,2025-07-28,13:59,13,Dr. Almeida,Physio assessment,kept,64.8,16.2,151.83,Private,PT-1901
APT-007342,2025-07-28,14:12,14,Dr. Almeida,Hygiene recall,kept,39.1,24.2,78.12,Public scheme,PT-1318
APT-007362,2025-07-28,14:24,14,Dr. Benitez,Physio session,kept,27.6,20.8,60.36,Public scheme,PT-2234
APT-007346,2025-07-28,14:47,14,Dr. Benitez,Physio assessment,no_show,55.7,21.0,0.0,Private,PT-3019
APT-007348,2025-07-28,14:55,14,Dr. Almeida,Hygiene recall,kept,56.5,18.6,123.93,Insurance,PT-2065
APT-007365,2025-07-28,14:59,14,Dr. Chandra,Filling,kept,42.1,17.8,136.25,Public scheme,PT-1492
APT-007369,2025-07-28,15:56,15,Dr. Benitez,Physio session,kept,29.6,15.3,92.4,Insurance,PT-1685
APT-007386,2025-07-28,16:00,16,Dr. Chandra,Physio session,kept,25.5,12.4,95.17,Corporate plan,PT-3084
APT-007381,2025-07-28,16:07,16,"K. Duarte, PT",Hygiene recall,kept,40.7,15.1,124.79,Corporate plan,PT-2491
APT-007359,2025-07-28,16:14,16,Dr. Chandra,Exam & imaging,kept,22.7,11.9,91.4,Private,PT-2601
APT-007345,2025-07-28,16:25,16,"K. Duarte, PT",Filling,kept,52.2,19.6,233.6,Private,PT-3105
APT-007382,2025-07-28,16:30,16,Dr. Chandra,Exam & imaging,kept,26.6,16.8,92.48,Private,PT-2231
APT-007339,2025-07-28,16:35,16,Dr. Benitez,Exam & imaging,kept,31.2,13.5,84.34,Insurance,PT-1133
APT-007370,2025-07-28,16:40,16,Dr. Almeida,Filling,kept,57.4,15.6,182.4,Insurance,PT-1665
APT-007337,2025-07-28,16:43,16,Dr. Benitez,Hygiene recall,kept,44.2,17.0,128.61,Insurance,PT-1892
APT-007333,2025-07-28,16:55,16,Dr. Benitez,Exam & imaging,kept,33.2,17.2,56.59,Public scheme,PT-1370
APT-007343,2025-07-28,17:33,17,Dr. Benitez,Hygiene recall,kept,38.4,16.7,128.55,Private,PT-1831
APT-007375,2025-07-28,17:35,17,"K. Duarte, PT",Exam & imaging,kept,28.0,12.7,95.04,Private,PT-3061
APT-007389,2025-07-28,17:38,17,Dr. Benitez,Physio session,kept,48.3,20.6,101.39,Insurance,PT-1802
APT-007390,2025-07-28,17:40,17,Dr. Benitez,Crown fit,kept,63.5,19.9,1007.56,Private,PT-1375
APT-007383,2025-07-28,17:44,17,Dr. Chandra,Hygiene recall,cancelled,60.5,24.5,15.94,Private,PT-2337
APT-007419,2025-07-29,08:12,8,Dr. Benitez,Physio session,kept,41.8,16.2,101.49,Insurance,PT-2727
APT-007391,2025-07-29,08:40,8,Dr. Chandra,Hygiene recall,kept,37.2,11.6,145.93,Private,PT-1436
APT-007427,2025-07-29,08:45,8,Dr. Benitez,Physio assessment,kept,61.5,14.8,143.27,Insurance,PT-1162
APT-007432,2025-07-29,09:07,9,Dr. Chandra,Physio assessment,kept,55.0,8.2,130.84,Insurance,PT-2681
APT-007414,2025-07-29,09:10,9,Dr. Almeida,Exam & imaging,rescheduled,13.1,11.9,0.0,Private,PT-1078
APT-007424,2025-07-29,09:16,9,Dr. Benitez,Root canal,rescheduled,71.9,17.4,0.0,Insurance,PT-1303
APT-007435,2025-07-29,09:27,9,"K. Duarte, PT",Exam & imaging,kept,29.8,8.0,73.44,Insurance,PT-1882
APT-007436,2025-07-29,09:56,9,Dr. Chandra,Exam & imaging,no_show,33.3,13.9,0.0,Public scheme,PT-2707
APT-007422,2025-07-29,10:11,10,"K. Duarte, PT",Hygiene recall,kept,36.2,10.6,109.54,Insurance,PT-2612
APT-007410,2025-07-29,10:13,10,Dr. Benitez,Root canal,no_show,58.0,10.2,0.0,Insurance,PT-1537
APT-007409,2025-07-29,10:14,10,"K. Duarte, PT",Filling,kept,51.9,11.7,187.9,Private,PT-2624
APT-007434,2025-07-29,10:17,10,"K. Duarte, PT",Exam & imaging,kept,19.1,15.8,66.27,Public scheme,PT-2163
APT-007397,2025-07-29,10:20,10,Dr. Benitez,Hygiene recall,no_show,47.2,20.9,0.0,Private,PT-2793
APT-007438,2025-07-29,10:35,10,Dr. Almeida,Exam & imaging,kept,33.2,9.2,81.62,Insurance,PT-2263
APT-007423,2025-07-29,10:39,10,"K. Duarte, PT",Exam & imaging,kept,19.6,11.6,107.67,Private,PT-1033
APT-007425,2025-07-29,10:59,10,"M. Ellis, PT",Crown fit,kept,58.9,11.9,902.98,Private,PT-3007
APT-007421,2025-07-29,11:09,11,"K. Duarte, PT",Physio session,kept,39.4,8.7,100.05,Private,PT-2898
APT-007399,2025-07-29,11:13,11,Dr. Almeida,Hygiene recall,kept,41.7,17.6,118.63,Insurance,PT-1315
APT-007405,2025-07-29,11:30,11,Dr. Almeida,Follow-up consult,kept,14.1,11.9,43.64,Public scheme,PT-1457
APT-007430,2025-07-29,11:30,11,Dr. Chandra,Filling,kept,36.0,10.5,212.96,Private,PT-1097
APT-007407,2025-07-29,11:37,11,Dr. Benitez,Physio assessment,kept,51.4,8.7,104.43,Corporate plan,PT-2574
APT-007401,2025-07-29,11:44,11,Dr. Almeida,Exam & imaging,kept,30.4,8.7,78.87,Insurance,PT-2011
APT-007417,2025-07-29,11:46,11,"K. Duarte, PT",Filling,cancelled,43.4,7.4,22.59,Insurance,PT-1463
APT-007441,2025-07-29,11:51,11,"K. Duarte, PT",Filling,kept,51.9,10.6,222.87,Private,PT-2027
APT-007415,2025-07-29,11:54,11,"K. Duarte, PT",Filling,rescheduled,32.4,8.5,0.0,Public scheme,PT-1031
APT-007440,2025-07-29,11:57,11,Dr. Almeida,Crown fit,kept,52.2,11.5,640.03,Corporate plan,PT-3076
APT-007394,2025-07-29,12:09,12,"K. Duarte, PT",Hygiene recall,kept,36.4,11.1,86.11,Public scheme,PT-2860
APT-007400,2025-07-29,12:11,12,Dr. Chandra,Hygiene recall,kept,49.8,10.4,118.15,Insurance,PT-1152
APT-007433,2025-07-29,12:11,12,Dr. Benitez,Hygiene recall,kept,40.1,15.0,139.75,Private,PT-1952
APT-007411,2025-07-29,12:26,12,Dr. Chandra,Exam & imaging,kept,28.5,18.5,72.57,Insurance,PT-1875
APT-007416,2025-07-29,12:49,12,Dr. Benitez,Hygiene recall,kept,40.0,9.2,115.25,Insurance,PT-1521
APT-007426,2025-07-29,13:04,13,"K. Duarte, PT",Hygiene recall,kept,44.0,22.1,113.11,Insurance,PT-1257
APT-007431,2025-07-29,13:41,13,Dr. Almeida,Physio session,kept,36.0,17.4,97.35,Private,PT-1821
APT-007412,2025-07-29,14:33,14,Dr. Chandra,Exam & imaging,kept,32.8,22.0,89.99,Private,PT-1167
APT-007393,2025-07-29,14:36,14,"K. Duarte, PT",Exam & imaging,kept,26.0,17.9,64.99,Corporate plan,PT-2347
APT-007406,2025-07-29,14:38,14,Dr. Almeida,Hygiene recall,kept,32.8,14.0,94.08,Corporate plan,PT-3101
APT-007413,2025-07-29,14:52,14,Dr. Chandra,Filling,kept,48.1,27.0,163.58,Corporate plan,PT-2633
APT-007429,2025-07-29,14:55,14,"K. Duarte, PT",Follow-up consult,kept,21.0,18.4,62.71,Insurance,PT-2265
APT-007418,2025-07-29,15:17,15,"M. Ellis, PT",Physio session,no_show,35.0,19.1,0.0,Corporate plan,PT-3184
APT-007398,2025-07-29,15:23,15,Dr. Chandra,Hygiene recall,kept,39.0,25.0,82.39,Public scheme,PT-1770
APT-007402,2025-07-29,15:36,15,Dr. Chandra,Crown fit,kept,60.9,12.3,811.42,Private,PT-1953
APT-007439,2025-07-29,15:47,15,"K. Duarte, PT",Filling,kept,44.8,15.4,226.92,Private,PT-2398
APT-007408,2025-07-29,15:49,15,Dr. Chandra,Hygiene recall,rescheduled,42.1,21.6,0.0,Insurance,PT-1176
APT-007437,2025-07-29,16:03,16,Dr. Almeida,Hygiene recall,kept,38.7,15.7,125.22,Insurance,PT-2176
APT-007396,2025-07-29,16:18,16,Dr. Almeida,Root canal,kept,83.9,12.0,577.11,Insurance,PT-1043
APT-007395,2025-07-29,16:22,16,"K. Duarte, PT",Hygiene recall,rescheduled,32.7,15.8,0.0,Private,PT-1378
APT-007392,2025-07-29,16:38,16,Dr. Benitez,Exam & imaging,no_show,22.9,18.3,0.0,Insurance,PT-2049
APT-007404,2025-07-29,16:51,16,Dr. Almeida,Hygiene recall,kept,38.2,15.8,121.05,Insurance,PT-2460
APT-007403,2025-07-29,17:21,17,Dr. Chandra,Physio assessment,kept,50.9,15.7,110.76,Corporate plan,PT-1572
APT-007428,2025-07-29,17:32,17,"K. Duarte, PT",Follow-up consult,no_show,23.9,26.5,0.0,Private,PT-1499
APT-007420,2025-07-29,17:43,17,Dr. Chandra,Hygiene recall,kept,46.6,12.7,77.76,Public scheme,PT-2036
APT-007457,2025-07-30,08:49,8,Dr. Benitez,Hygiene recall,cancelled,54.2,9.5,10.94,Corporate plan,PT-1856
APT-007468,2025-07-30,09:06,9,Dr. Almeida,Filling,kept,38.3,9.2,231.55,Private,PT-2843
APT-007460,2025-07-30,09:27,9,"K. Duarte, PT",Physio session,cancelled,46.8,14.6,13.23,Private,PT-1136
APT-007459,2025-07-30,09:30,9,"M. Ellis, PT",Filling,kept,30.5,7.9,207.43,Private,PT-3019
APT-007444,2025-07-30,09:35,9,Dr. Benitez,Physio assessment,kept,55.7,16.2,123.61,Insurance,PT-2855
APT-007446,2025-07-30,10:04,10,Dr. Benitez,Hygiene recall,kept,49.6,8.2,99.21,Corporate plan,PT-1023
APT-007474,2025-07-30,10:29,10,Dr. Benitez,Hygiene recall,kept,40.5,9.6,112.96,Insurance,PT-1888
APT-007447,2025-07-30,10:43,10,Dr. Benitez,Hygiene recall,kept,36.1,8.1,116.55,Insurance,PT-2284
APT-007464,2025-07-30,11:05,11,"K. Duarte, PT",Filling,kept,44.1,9.4,222.93,Private,PT-2056
APT-007452,2025-07-30,11:15,11,"M. Ellis, PT",Filling,kept,54.1,10.7,195.33,Insurance,PT-1909
APT-007472,2025-07-30,11:31,11,Dr. Faber,Filling,kept,59.8,10.9,190.11,Insurance,PT-1388
APT-007458,2025-07-30,11:32,11,Dr. Almeida,Hygiene recall,kept,30.7,7.2,154.41,Private,PT-2773
APT-007448,2025-07-30,11:52,11,"K. Duarte, PT",Physio assessment,kept,48.7,8.7,131.1,Insurance,PT-1447
APT-007463,2025-07-30,12:12,12,"K. Duarte, PT",Exam & imaging,kept,30.7,8.0,83.79,Insurance,PT-2318
APT-007476,2025-07-30,12:30,12,Dr. Almeida,Exam & imaging,kept,29.5,9.1,88.99,Private,PT-2880
APT-007455,2025-07-30,12:43,12,"K. Duarte, PT",Exam & imaging,rescheduled,21.6,13.7,0.0,Corporate plan,PT-1188
APT-007453,2025-07-30,12:46,12,"M. Ellis, PT",Hygiene recall,kept,48.6,9.2,157.23,Private,PT-2137
APT-007466,2025-07-30,12:54,12,Dr. Faber,Physio assessment,kept,48.5,9.5,135.48,Insurance,PT-2016
APT-007454,2025-07-30,13:04,13,Dr. Benitez,Filling,kept,40.8,17.9,197.88,Insurance,PT-2505
APT-007442,2025-07-30,13:06,13,Dr. Almeida,Hygiene recall,kept,55.8,14.8,102.53,Insurance,PT-3115
APT-007473,2025-07-30,13:09,13,Dr. Benitez,Physio session,kept,50.0,13.2,95.24,Insurance,PT-2294
APT-007456,2025-07-30,14:01,14,Dr. Faber,Crown fit,kept,53.2,15.1,722.85,Corporate plan,PT-2398
APT-007470,2025-07-30,14:12,14,"K. Duarte, PT",Hygiene recall,kept,50.9,15.8,99.92,Corporate plan,PT-2454
APT-007461,2025-07-30,14:18,14,"K. Duarte, PT",Physio assessment,kept,47.6,20.3,151.07,Private,PT-1184
APT-007462,2025-07-30,14:36,14,"K. Duarte, PT",Exam & imaging,no_show,19.3,19.6,0.0,Private,PT-1910
APT-007469,2025-07-30,14:41,14,Dr. Almeida,Hygiene recall,kept,45.7,15.1,154.68,Private,PT-2917
APT-007449,2025-07-30,14:42,14,Dr. Benitez,Physio session,kept,43.0,16.8,96.92,Insurance,PT-3024
APT-007475,2025-07-30,15:09,15,Dr. Almeida,Root canal,kept,77.3,18.2,523.37,Insurance,PT-2684
APT-007467,2025-07-30,15:13,15,"M. Ellis, PT",Hygiene recall,kept,40.0,20.7,95.41,Public scheme,PT-3102
APT-007465,2025-07-30,15:21,15,Dr. Benitez,Hygiene recall,kept,55.6,21.3,128.95,Private,PT-2456
APT-007471,2025-07-30,16:01,16,Dr. Faber,Crown fit,kept,71.1,24.4,868.49,Insurance,PT-1767
APT-007445,2025-07-30,16:29,16,"K. Duarte, PT",Filling,kept,46.3,17.1,200.48,Private,PT-2617
APT-007451,2025-07-30,16:30,16,Dr. Benitez,Physio session,cancelled,50.4,29.0,11.6,Insurance,PT-1354
APT-007443,2025-07-30,17:09,17,Dr. Almeida,Exam & imaging,kept,23.9,22.3,63.03,Public scheme,PT-2497
APT-007450,2025-07-30,17:21,17,Dr. Almeida,Hygiene recall,cancelled,44.7,16.2,13.75,Insurance,PT-2473
APT-007478,2025-07-31,08:28,8,Dr. Almeida,Hygiene recall,cancelled,49.8,12.0,14.22,Insurance,PT-2373
APT-007506,2025-07-31,08:33,8,Dr. Almeida,Hygiene recall,cancelled,43.5,10.0,8.58,Public scheme,PT-1816
APT-007524,2025-07-31,09:03,9,Dr. Benitez,Follow-up consult,kept,31.3,7.5,59.49,Insurance,PT-2171
APT-007481,2025-07-31,09:09,9,Dr. Faber,Exam & imaging,kept,23.1,7.2,61.46,Public scheme,PT-1797
APT-007501,2025-07-31,09:12,9,Dr. Faber,Hygiene recall,kept,46.3,7.9,139.15,Private,PT-2972
APT-007491,2025-07-31,09:37,9,"K. Duarte, PT",Filling,kept,30.1,7.2,223.8,Private,PT-1748
APT-007507,2025-07-31,09:50,9,Dr. Benitez,Physio assessment,kept,56.2,10.4,167.42,Private,PT-2706
APT-007512,2025-07-31,09:51,9,Dr. Chandra,Physio assessment,kept,56.1,13.1,146.91,Insurance,PT-2213
APT-007504,2025-07-31,10:00,10,"M. Ellis, PT",Physio session,kept,25.4,7.9,76.9,Corporate plan,PT-1268
APT-007520,2025-07-31,10:00,10,"K. Duarte, PT",Exam & imaging,kept,33.4,15.0,62.6,Public scheme,PT-1957
APT-007517,2025-07-31,10:02,10,Dr. Benitez,Crown fit,kept,74.2,12.3,751.26,Insurance,PT-1587
APT-007522,2025-07-31,10:06,10,Dr. Benitez,Exam & imaging,kept,45.0,8.9,77.64,Insurance,PT-2749
APT-007498,2025-07-31,10:12,10,"M. Ellis, PT",Filling,kept,59.2,13.3,220.98,Private,PT-1519
APT-007493,2025-07-31,10:14,10,Dr. Benitez,Crown fit,kept,74.8,16.0,956.14,Private,PT-3046
APT-007519,2025-07-31,10:16,10,Dr. Faber,Physio session,kept,45.6,9.4,83.85,Insurance,PT-1558
APT-007480,2025-07-31,10:21,10,"K. Duarte, PT",Filling,kept,57.2,9.9,222.34,Private,PT-1888
APT-007499,2025-07-31,11:16,11,"K. Duarte, PT",Exam & imaging,cancelled,35.8,7.3,9.85,Insurance,PT-2727
APT-007489,2025-07-31,11:30,11,Dr. Faber,Exam & imaging,kept,38.1,11.7,80.21,Insurance,PT-2534
APT-007514,2025-07-31,11:30,11,Dr. Chandra,Hygiene recall,kept,51.9,8.7,108.35,Insurance,PT-3185
APT-007477,2025-07-31,11:34,11,"M. Ellis, PT",Physio session,kept,48.8,9.7,90.58,Insurance,PT-2058
APT-007509,2025-07-31,11:55,11,Dr. Chandra,Hygiene recall,kept,40.6,16.4,137.61,Private,PT-2987
APT-007508,2025-07-31,12:14,12,Dr. Faber,Physio assessment,kept,57.4,12.8,164.18,Private,PT-1608
APT-007486,2025-07-31,12:16,12,"M. Ellis, PT",Physio assessment,no_show,51.5,15.4,0.0,Insurance,PT-1587
APT-007523,2025-07-31,12:34,12,"M. Ellis, PT",Follow-up consult,kept,8.0,12.5,75.84,Private,PT-2131
APT-007483,2025-07-31,12:42,12,Dr. Almeida,Hygiene recall,kept,54.2,7.7,104.65,Corporate plan,PT-2062
APT-007485,2025-07-31,13:03,13,"K. Duarte, PT",Hygiene recall,kept,34.7,19.8,125.16,Insurance,PT-2978
APT-007494,2025-07-31,13:03,13,Dr. Chandra,Filling,kept,54.0,15.7,143.21,Public scheme,PT-2532
APT-007496,2025-07-31,13:10,13,Dr. Almeida,Physio session,kept,29.8,12.7,89.07,Insurance,PT-1870
APT-007482,2025-07-31,14:01,14,Dr. Benitez,Hygiene recall,kept,44.9,16.3,134.21,Private,PT-1699
APT-007516,2025-07-31,14:32,14,Dr. Benitez,Physio session,kept,57.9,15.7,92.86,Private,PT-2248
APT-007497,2025-07-31,14:38,14,Dr. Chandra,Physio assessment,no_show,43.4,23.4,0.0,Private,PT-1111
APT-007513,2025-07-31,14:38,14,"M. Ellis, PT",Hygiene recall,rescheduled,46.3,15.5,0.0,Private,PT-2619
APT-007488,2025-07-31,14:42,14,Dr. Almeida,Hygiene recall,kept,45.7,17.7,108.55,Corporate plan,PT-1082
APT-007484,2025-07-31,15:18,15,Dr. Chandra,Follow-up consult,kept,10.8,20.5,65.86,Insurance,PT-2460
APT-007510,2025-07-31,15:40,15,Dr. Chandra,Physio session,kept,42.3,14.5,106.56,Private,PT-1716
APT-007515,2025-07-31,15:40,15,"K. Duarte, PT",Filling,kept,45.2,12.2,189.21,Insurance,PT-1233
APT-007487,2025-07-31,15:41,15,Dr. Almeida,Crown fit,kept,65.5,12.9,722.78,Insurance,PT-2611
APT-007495,2025-07-31,15:53,15,Dr. Almeida,Exam & imaging,kept,31.7,21.3,86.35,Insurance,PT-1164
APT-007518,2025-07-31,15:54,15,"K. Duarte, PT",Exam & imaging,cancelled,36.6,16.1,10.72,Insurance,PT-2433
APT-007521,2025-07-31,16:03,16,"K. Duarte, PT",Hygiene recall,rescheduled,48.3,15.4,0.0,Public scheme,PT-2064
APT-007492,2025-07-31,16:19,16,Dr. Almeida,Physio session,kept,51.3,21.1,66.39,Public scheme,PT-3001
APT-007525,2025-07-31,16:37,16,"K. Duarte, PT",Exam & imaging,cancelled,27.5,14.2,11.66,Private,PT-3027
APT-007479,2025-07-31,16:43,16,Dr. Almeida,Physio session,kept,45.0,15.8,116.66,Private,PT-2782
APT-007502,2025-07-31,16:43,16,Dr. Benitez,Crown fit,kept,62.2,22.2,559.7,Public scheme,PT-1584
APT-007511,2025-07-31,17:02,17,Dr. Faber,Hygiene recall,kept,28.2,21.7,123.62,Insurance,PT-2739
APT-007505,2025-07-31,17:06,17,"M. Ellis, PT",Hygiene recall,no_show,54.4,18.0,0.0,Corporate plan,PT-3084
APT-007500,2025-07-31,17:13,17,"K. Duarte, PT",Hygiene recall,kept,36.6,14.6,92.84,Corporate plan,PT-2662
APT-007490,2025-07-31,17:15,17,Dr. Faber,Exam & imaging,kept,27.8,13.4,86.29,Corporate plan,PT-1694
APT-007503,2025-07-31,17:39,17,"K. Duarte, PT",Exam & imaging,kept,36.6,13.5,94.89,Private,PT-1936
APT-007555,2025-08-01,08:04,8,Dr. Almeida,Physio session,kept,47.6,12.6,87.54,Insurance,PT-1569
APT-007526,2025-08-01,08:20,8,Dr. Almeida,Hygiene recall,kept,46.5,12.8,126.11,Private,PT-1906
APT-007534,2025-08-01,08:27,8,"K. Duarte, PT",Hygiene recall,kept,50.6,22.2,150.78,Private,PT-1913
APT-007568,2025-08-01,09:05,9,Dr. Almeida,Exam & imaging,kept,33.7,11.5,91.1,Insurance,PT-1707
APT-007533,2025-08-01,09:10,9,Dr. Chandra,Physio assessment,kept,54.8,14.5,154.8,Private,PT-2164
APT-007541,2025-08-01,09:32,9,Dr. Chandra,Physio session,kept,34.0,11.1,96.09,Corporate plan,PT-1102
APT-007559,2025-08-01,09:35,9,Dr. Benitez,Hygiene recall,kept,40.9,10.5,135.9,Insurance,PT-3085
APT-007554,2025-08-01,09:38,9,Dr. Almeida,Exam & imaging,kept,27.3,16.8,104.47,Private,PT-2532
APT-007570,2025-08-01,09:53,9,Dr. Benitez,Exam & imaging,no_show,19.5,14.6,0.0,Public scheme,PT-3116
APT-007543,2025-08-01,09:55,9,Dr. Chandra,Filling,kept,40.6,10.5,195.49,Private,PT-1893
APT-007553,2025-08-01,09:55,9,"K. Duarte, PT",Hygiene recall,cancelled,46.4,7.8,13.81,Private,PT-2159
APT-007562,2025-08-01,10:03,10,Dr. Almeida,Filling,kept,28.3,7.4,191.27,Insurance,PT-1295
APT-007531,2025-08-01,10:22,10,"K. Duarte, PT",Filling,kept,52.5,10.0,200.65,Insurance,PT-1317
APT-007551,2025-08-01,10:31,10,Dr. Almeida,Root canal,kept,79.9,10.4,370.88,Public scheme,PT-1262
APT-007530,2025-08-01,10:32,10,Dr. Benitez,Physio assessment,cancelled,66.8,9.5,17.04,Insurance,PT-1961
APT-007571,2025-08-01,10:47,10,"K. Duarte, PT",Hygiene recall,kept,44.0,8.0,125.34,Insurance,PT-1308
APT-007563,2025-08-01,10:49,10,Dr. Almeida,Physio session,kept,40.8,14.5,87.99,Insurance,PT-1868
APT-007539,2025-08-01,10:50,10,"M. Ellis, PT",Physio assessment,kept,54.8,11.3,93.71,Public scheme,PT-2244
APT-007542,2025-08-01,10:51,10,Dr. Chandra,Hygiene recall,kept,56.3,9.2,125.43,Insurance,PT-1595
APT-007547,2025-08-01,10:56,10,"K. Duarte, PT",Physio session,kept,35.8,9.5,110.48,Private,PT-1881
APT-007536,2025-08-01,11:05,11,Dr. Benitez,Physio assessment,kept,56.5,10.6,146.97,Private,PT-1259
APT-007548,2025-08-01,11:25,11,Dr. Faber,Hygiene recall,kept,47.8,8.7,129.07,Private,PT-2305
APT-007556,2025-08-01,11:38,11,Dr. Benitez,Hygiene recall,kept,30.3,9.5,84.47,Public scheme,PT-3190
APT-007538,2025-08-01,11:58,11,Dr. Benitez,Hygiene recall,rescheduled,44.4,10.6,0.0,Private,PT-1239
APT-007535,2025-08-01,12:10,12,"K. Duarte, PT",Physio assessment,no_show,62.3,9.1,0.0,Private,PT-2845
APT-007565,2025-08-01,12:13,12,"K. Duarte, PT",Crown fit,kept,60.9,17.6,768.47,Insurance,PT-1107
APT-007560,2025-08-01,12:15,12,"M. Ellis, PT",Hygiene recall,kept,48.0,10.7,129.31,Insurance,PT-2592
APT-007569,2025-08-01,12:57,12,"K. Duarte, PT",Hygiene recall,kept,38.1,8.2,80.66,Public scheme,PT-2565
APT-007572,2025-08-01,13:07,13,"M. Ellis, PT",Hygiene recall,kept,48.7,13.7,105.85,Corporate plan,PT-1300
APT-007545,2025-08-01,13:08,13,Dr. Chandra,Hygiene recall,kept,47.0,13.3,126.77,Private,PT-1745
APT-007532,2025-08-01,13:24,13,"K. Duarte, PT",Filling,kept,50.3,14.0,203.25,Insurance,PT-2818
APT-007537,2025-08-01,13:52,13,Dr. Almeida,Exam & imaging,kept,22.9,18.3,72.69,Corporate plan,PT-2115
APT-007550,2025-08-01,14:04,14,Dr. Almeida,Physio assessment,kept,48.6,18.0,159.74,Private,PT-1288
APT-007566,2025-08-01,14:08,14,Dr. Faber,Hygiene recall,kept,49.6,17.9,111.59,Insurance,PT-3111
APT-007527,2025-08-01,14:09,14,Dr. Faber,Hygiene recall,kept,35.7,14.4,77.19,Public scheme,PT-1455
APT-007529,2025-08-01,14:18,14,Dr. Faber,Physio session,kept,37.2,23.4,108.72,Private,PT-1345
APT-007546,2025-08-01,14:34,14,Dr. Chandra,Physio session,kept,31.9,21.1,84.51,Corporate plan,PT-1571
APT-007552,2025-08-01,15:10,15,"M. Ellis, PT",Hygiene recall,kept,45.0,12.3,131.53,Private,PT-1416
APT-007549,2025-08-01,15:11,15,"M. Ellis, PT",Filling,kept,47.9,29.1,198.55,Private,PT-2422
APT-007557,2025-08-01,16:00,16,Dr. Almeida,Physio session,kept,37.9,21.1,61.97,Public scheme,PT-2613
APT-007558,2025-08-01,16:12,16,Dr. Chandra,Hygiene recall,kept,46.5,19.1,127.4,Private,PT-2776
APT-007540,2025-08-01,16:16,16,Dr. Almeida,Hygiene recall,kept,64.2,14.3,115.47,Corporate plan,PT-1015
APT-007567,2025-08-01,16:32,16,Dr. Chandra,Hygiene recall,no_show,41.8,15.8,0.0,Public scheme,PT-3130
APT-007564,2025-08-01,16:52,16,"K. Duarte, PT",Hygiene recall,kept,55.8,14.9,109.0,Corporate plan,PT-1520
APT-007561,2025-08-01,16:58,16,Dr. Benitez,Hygiene recall,kept,39.4,13.4,90.03,Corporate plan,PT-2549
APT-007544,2025-08-01,17:20,17,Dr. Chandra,Follow-up consult,no_show,22.9,15.1,0.0,Insurance,PT-2543
APT-007528,2025-08-01,17:55,17,Dr. Chandra,Follow-up consult,kept,16.2,27.8,76.56,Private,PT-2746
APT-007600,2025-08-02,08:39,8,"K. Duarte, PT",Physio assessment,kept,44.1,8.6,146.6,Private,PT-1076
APT-007576,2025-08-02,09:19,9,"K. Duarte, PT",Hygiene recall,no_show,31.6,12.9,0.0,Insurance,PT-2986
APT-007596,2025-08-02,09:22,9,"M. Ellis, PT",Physio assessment,kept,39.7,14.8,167.86,Private,PT-2371
APT-007590,2025-08-02,09:32,9,"K. Duarte, PT",Exam & imaging,kept,27.2,12.5,80.05,Private,PT-3007
APT-007581,2025-08-02,09:44,9,"M. Ellis, PT",Hygiene recall,rescheduled,42.1,7.7,0.0,Corporate plan,PT-2640
APT-007595,2025-08-02,10:13,10,"M. Ellis, PT",Hygiene recall,rescheduled,56.4,19.8,0.0,Insurance,PT-2028
APT-007580,2025-08-02,10:28,10,"K. Duarte, PT",Exam & imaging,kept,28.0,23.2,91.03,Private,PT-1737
APT-007597,2025-08-02,10:38,10,"K. Duarte, PT",Physio assessment,cancelled,55.1,10.1,16.47,Insurance,PT-1611
APT-007578,2025-08-02,11:01,11,"K. Duarte, PT",Physio assessment,cancelled,50.5,13.7,15.56,Insurance,PT-1959
APT-007574,2025-08-02,11:05,11,"M. Ellis, PT",Exam & imaging,kept,36.3,10.4,76.75,Insurance,PT-1326
APT-007575,2025-08-02,11:23,11,"K. Duarte, PT",Root canal,kept,78.8,14.7,650.38,Private,PT-2472
APT-007573,2025-08-02,11:32,11,"K. Duarte, PT",Exam & imaging,kept,27.7,16.7,101.06,Private,PT-2153
APT-007599,2025-08-02,11:41,11,"K. Duarte, PT",Hygiene recall,rescheduled,41.8,9.7,0.0,Public scheme,PT-3039
APT-007583,2025-08-02,12:07,12,"K. Duarte, PT",Hygiene recall,kept,51.4,8.6,117.75,Insurance,PT-2841
APT-007593,2025-08-02,12:11,12,"K. Duarte, PT",Filling,kept,42.3,8.9,168.37,Insurance,PT-1386
APT-007589,2025-08-02,12:14,12,"K. Duarte, PT",Physio assessment,kept,59.1,8.3,182.6,Private,PT-2678
APT-007587,2025-08-02,12:52,12,"M. Ellis, PT",Hygiene recall,kept,47.6,14.4,128.47,Insurance,PT-3059
APT-007584,2025-08-02,13:10,13,"K. Duarte, PT",Physio session,kept,43.2,12.2,83.04,Corporate plan,PT-2300
APT-007582,2025-08-02,13:40,13,"K. Duarte, PT",Exam & imaging,rescheduled,33.8,26.4,0.0,Private,PT-2080
APT-007598,2025-08-02,14:24,14,"M. Ellis, PT",Physio session,kept,53.1,15.0,98.29,Insurance,PT-2779
APT-007594,2025-08-02,14:43,14,"K. Duarte, PT",Physio assessment,kept,58.9,15.2,139.17,Insurance,PT-2966
APT-007586,2025-08-02,14:54,14,"K. Duarte, PT",Physio session,kept,36.1,14.7,83.27,Corporate plan,PT-2930
APT-007577,2025-08-02,15:06,15,"M. Ellis, PT",Hygiene recall,kept,48.5,19.2,84.0,Public scheme,PT-1308
APT-007579,2025-08-02,15:20,15,"K. Duarte, PT",Hygiene recall,kept,44.1,24.6,127.52,Private,PT-1512
APT-007585,2025-08-02,15:43,15,"M. Ellis, PT",Hygiene recall,kept,50.4,17.5,124.43,Private,PT-3045
APT-007592,2025-08-02,15:47,15,"M. Ellis, PT",Crown fit,no_show,71.8,16.9,0.0,Insurance,PT-2234
APT-007591,2025-08-02,16:43,16,"M. Ellis, PT",Root canal,kept,83.8,15.2,564.45,Private,PT-1568
APT-007588,2025-08-02,17:29,17,"M. Ellis, PT",Follow-up consult,kept,23.4,18.2,74.68,Private,PT-1598
APT-007609,2025-08-04,08:53,8,Dr. Chandra,Hygiene recall,kept,48.2,10.7,130.79,Private,PT-1537
APT-007633,2025-08-04,09:08,9,Dr. Chandra,Exam & imaging,kept,28.0,11.9,97.84,Private,PT-1188
APT-007644,2025-08-04,09:08,9,"K. Duarte, PT",Physio assessment,kept,44.0,20.4,97.54,Public scheme,PT-1352
APT-007611,2025-08-04,09:10,9,"K. Duarte, PT",Exam & imaging,cancelled,30.9,13.4,9.4,Private,PT-1201
APT-007624,2025-08-04,09:15,9,Dr. Almeida,Physio session,kept,39.9,11.5,86.95,Insurance,PT-1476
APT-007602,2025-08-04,09:21,9,Dr. Almeida,Hygiene recall,kept,47.3,9.4,121.0,Insurance,PT-2225
APT-007638,2025-08-04,09:23,9,"K. Duarte, PT",Hygiene recall,cancelled,40.0,10.1,13.42,Insurance,PT-2967
APT-007652,2025-08-04,09:25,9,"K. Duarte, PT",Physio session,kept,24.8,11.7,94.3,Private,PT-2569
APT-007621,2025-08-04,09:28,9,Dr. Almeida,Physio session,kept,55.7,20.2,98.77,Private,PT-2580
APT-007629,2025-08-04,09:46,9,"K. Duarte, PT",Exam & imaging,kept,29.5,8.8,90.01,Private,PT-2669
APT-007614,2025-08-04,09:52,9,Dr. Almeida,Exam & imaging,kept,25.6,15.2,84.21,Corporate plan,PT-1923
APT-007640,2025-08-04,09:53,9,Dr. Benitez,Exam & imaging,kept,19.4,17.8,59.22,Public scheme,PT-1772
APT-007631,2025-08-04,09:56,9,Dr. Benitez,Hygiene recall,kept,43.1,12.9,111.99,Private,PT-1361
APT-007653,2025-08-04,10:01,10,Dr. Almeida,Filling,kept,44.1,15.3,185.93,Insurance,PT-1500
APT-007622,2025-08-04,10:07,10,Dr. Almeida,Physio session,kept,29.4,9.7,86.77,Insurance,PT-1992
APT-007650,2025-08-04,10:10,10,"K. Duarte, PT",Filling,no_show,48.8,8.3,0.0,Corporate plan,PT-1138
APT-007615,2025-08-04,10:15,10,"K. Duarte, PT",Hygiene recall,cancelled,64.1,9.5,15.01,Insurance,PT-2503
APT-007612,2025-08-04,10:30,10,Dr. Chandra,Hygiene recall,no_show,49.4,10.5,0.0,Corporate plan,PT-1583
APT-007636,2025-08-04,10:31,10,Dr. Benitez,Hygiene recall,kept,53.7,12.5,114.15,Insurance,PT-2825
APT-007606,2025-08-04,10:38,10,Dr. Almeida,Filling,kept,37.9,13.0,246.38,Private,PT-1595
APT-007623,2025-08-04,10:46,10,Dr. Chandra,Exam & imaging,kept,21.4,11.7,52.81,Public scheme,PT-2375
APT-007634,2025-08-04,10:46,10,Dr. Benitez,Physio session,kept,46.4,10.0,100.79,Insurance,PT-1948
APT-007603,2025-08-04,10:47,10,Dr. Almeida,Filling,kept,43.4,14.8,199.85,Private,PT-2361
APT-007655,2025-08-04,10:52,10,"K. Duarte, PT",Physio assessment,kept,59.4,15.1,147.76,Private,PT-2266
APT-007613,2025-08-04,10:55,10,Dr. Chandra,Follow-up consult,kept,30.7,12.7,65.88,Insurance,PT-3181
APT-007610,2025-08-04,11:01,11,Dr. Benitez,Exam & imaging,kept,33.5,19.0,85.06,Private,PT-1055
APT-007616,2025-08-04,11:03,11,Dr. Benitez,Root canal,kept,89.6,11.8,524.97,Corporate plan,PT-2103
APT-007651,2025-08-04,11:06,11,Dr. Benitez,Exam & imaging,kept,32.6,10.1,58.79,Public scheme,PT-2235
APT-007654,2025-08-04,11:06,11,Dr. Almeida,Exam & imaging,kept,28.3,8.0,102.36,Private,PT-2601
APT-007648,2025-08-04,11:09,11,Dr. Benitez,Physio assessment,kept,48.3,11.6,135.51,Corporate plan,PT-2213
APT-007637,2025-08-04,11:46,11,"K. Duarte, PT",Hygiene recall,kept,58.2,18.2,116.45,Insurance,PT-2489
APT-007625,2025-08-04,12:01,12,"K. Duarte, PT",Physio session,kept,42.3,7.6,76.43,Corporate plan,PT-1345
APT-007618,2025-08-04,12:12,12,Dr. Benitez,Physio session,no_show,35.9,7.9,0.0,Insurance,PT-2881
APT-007647,2025-08-04,12:57,12,Dr. Almeida,Hygiene recall,rescheduled,47.7,9.8,0.0,Private,PT-2536
APT-007604,2025-08-04,13:07,13,Dr. Chandra,Crown fit,kept,63.9,19.1,803.83,Insurance,PT-1650
APT-007601,2025-08-04,13:21,13,Dr. Benitez,Physio session,kept,42.7,13.6,85.4,Private,PT-2346
APT-007643,2025-08-04,14:08,14,Dr. Almeida,Exam & imaging,kept,21.6,22.9,75.71,Corporate plan,PT-2687
APT-007642,2025-08-04,14:09,14,Dr. Chandra,Physio assessment,cancelled,51.0,15.5,15.3,Corporate plan,PT-1039
APT-007641,2025-08-04,14:12,14,Dr. Chandra,Physio session,kept,49.5,19.0,86.62,Insurance,PT-2201
APT-007619,2025-08-04,14:19,14,Dr. Benitez,Exam & imaging,kept,27.5,16.7,77.86,Insurance,PT-2906
APT-007635,2025-08-04,14:31,14,Dr. Chandra,Crown fit,kept,70.3,17.5,748.04,Insurance,PT-1351
APT-007607,2025-08-04,14:39,14,Dr. Chandra,Exam & imaging,kept,29.2,18.3,62.0,Public scheme,PT-1192
APT-007608,2025-08-04,14:42,14,Dr. Almeida,Exam & imaging,kept,17.4,19.9,72.27,Corporate plan,PT-3127
APT-007646,2025-08-04,14:42,14,Dr. Benitez,Physio assessment,kept,45.8,16.2,112.75,Corporate plan,PT-2814
APT-007627,2025-08-04,15:12,15,Dr. Almeida,Hygiene recall,kept,37.1,19.7,82.67,Public scheme,PT-2494
APT-007632,2025-08-04,15:12,15,Dr. Almeida,Crown fit,kept,50.1,18.1,861.49,Insurance,PT-2240
APT-007620,2025-08-04,15:33,15,Dr. Chandra,Physio session,kept,48.5,13.5,114.43,Private,PT-2953
APT-007630,2025-08-04,15:39,15,Dr. Chandra,Physio session,kept,49.5,21.9,83.47,Corporate plan,PT-1564
APT-007617,2025-08-04,15:40,15,"K. Duarte, PT",Crown fit,kept,58.0,12.9,769.07,Insurance,PT-2457
APT-007645,2025-08-04,15:44,15,"K. Duarte, PT",Physio assessment,kept,47.2,13.2,93.1,Public scheme,PT-3035
APT-007605,2025-08-04,15:46,15,Dr. Almeida,Physio assessment,no_show,60.3,13.5,0.0,Corporate plan,PT-1232
APT-007639,2025-08-04,16:22,16,Dr. Benitez,Filling,kept,35.5,13.5,146.36,Insurance,PT-1986
APT-007628,2025-08-04,16:40,16,Dr. Benitez,Exam & imaging,kept,24.3,14.5,91.24,Insurance,PT-1620
APT-007626,2025-08-04,17:21,17,Dr. Chandra,Physio assessment,kept,49.9,17.1,135.27,Insurance,PT-1555
APT-007649,2025-08-04,17:32,17,Dr. Chandra,Crown fit,cancelled,61.5,13.0,89.12,Insurance,PT-2028
APT-007660,2025-08-05,08:05,8,Dr. Chandra,Physio assessment,kept,61.3,11.9,133.81,Insurance,PT-1285
APT-007659,2025-08-05,08:28,8,"M. Ellis, PT",Hygiene recall,kept,38.6,12.2,123.22,Insurance,PT-1572
APT-007694,2025-08-05,08:31,8,Dr. Chandra,Hygiene recall,no_show,48.7,12.2,0.0,Corporate plan,PT-1191
APT-007696,2025-08-05,08:32,8,Dr. Benitez,Exam & imaging,kept,19.0,15.0,86.24,Insurance,PT-1615
APT-007671,2025-08-05,09:06,9,Dr. Benitez,Hygiene recall,no_show,44.0,14.5,0.0,Private,PT-2328
APT-007708,2025-08-05,09:08,9,Dr. Chandra,Hygiene recall,kept,40.7,9.5,132.98,Insurance,PT-1425
APT-007668,2025-08-05,09:15,9,Dr. Chandra,Crown fit,kept,58.1,10.8,752.58,Private,PT-3025
APT-007716,2025-08-05,09:42,9,Dr. Almeida,Follow-up consult,rescheduled,21.4,8.2,0.0,Corporate plan,PT-2893
APT-007719,2025-08-05,09:48,9,"K. Duarte, PT",Hygiene recall,kept,56.9,16.6,126.4,Insurance,PT-1778
APT-007670,2025-08-05,10:05,10,"M. Ellis, PT",Root canal,no_show,71.8,9.0,0.0,Private,PT-1240
APT-007705,2025-08-05,10:07,10,"M. Ellis, PT",Hygiene recall,kept,42.9,12.1,84.66,Public scheme,PT-2947
APT-007688,2025-08-05,10:10,10,"M. Ellis, PT",Hygiene recall,kept,45.5,15.0,130.45,Private,PT-2486
APT-007666,2025-08-05,10:25,10,Dr. Almeida,Crown fit,kept,81.5,13.3,741.86,Insurance,PT-3019
APT-007684,2025-08-05,10:32,10,Dr. Chandra,Hygiene recall,kept,35.0,15.6,97.8,Corporate plan,PT-1044
APT-007678,2025-08-05,10:34,10,"K. Duarte, PT",Crown fit,no_show,71.8,8.6,0.0,Insurance,PT-3050
APT-007717,2025-08-05,10:36,10,"K. Duarte, PT",Physio session,kept,49.3,12.6,70.07,Public scheme,PT-1005
APT-007718,2025-08-05,10:38,10,Dr. Chandra,Hygiene recall,kept,57.3,13.6,79.78,Public scheme,PT-2075
APT-007689,2025-08-05,10:42,10,Dr. Benitez,Hygiene recall,kept,45.6,9.3,112.01,Corporate plan,PT-2665
APT-007675,2025-08-05,10:44,10,Dr. Benitez,Exam & imaging,cancelled,22.8,7.9,6.86,Public scheme,PT-3059
APT-007704,2025-08-05,10:47,10,"M. Ellis, PT",Follow-up consult,kept,8.0,31.4,76.68,Private,PT-2742
APT-007677,2025-08-05,10:56,10,"M. Ellis, PT",Hygiene recall,kept,48.9,14.7,132.83,Private,PT-1275
APT-007682,2025-08-05,11:01,11,"K. Duarte, PT",Physio session,kept,40.0,13.2,112.75,Private,PT-1944
APT-007711,2025-08-05,11:10,11,Dr. Chandra,Physio assessment,kept,50.8,9.1,162.03,Private,PT-2086
APT-007681,2025-08-05,11:23,11,"K. Duarte, PT",Exam & imaging,kept,13.7,14.7,68.86,Insurance,PT-1596
APT-007690,2025-08-05,11:27,11,Dr. Chandra,Hygiene recall,kept,47.7,8.4,110.73,Insurance,PT-1731
APT-007703,2025-08-05,11:37,11,"M. Ellis, PT",Filling,kept,61.3,10.3,175.46,Corporate plan,PT-3129
APT-007709,2025-08-05,11:59,11,Dr. Almeida,Exam & imaging,rescheduled,32.4,10.2,0.0,Insurance,PT-1531
APT-007656,2025-08-05,12:07,12,"K. Duarte, PT",Filling,kept,43.2,9.7,179.99,Insurance,PT-1286
APT-007700,2025-08-05,12:11,12,"K. Duarte, PT",Root canal,kept,81.9,23.4,632.37,Insurance,PT-1594
APT-007706,2025-08-05,12:16,12,"M. Ellis, PT",Filling,kept,42.3,11.0,228.66,Private,PT-2646
APT-007714,2025-08-05,12:36,12,Dr. Chandra,Hygiene recall,kept,48.2,9.6,102.55,Corporate plan,PT-1846
APT-007691,2025-08-05,12:43,12,"K. Duarte, PT",Crown fit,kept,58.9,8.0,946.45,Private,PT-1945
APT-007662,2025-08-05,12:46,12,Dr. Almeida,Hygiene recall,kept,45.3,8.9,106.77,Corporate plan,PT-2606
APT-007698,2025-08-05,12:57,12,"M. Ellis, PT",Physio assessment,kept,53.7,9.9,155.83,Private,PT-2814
APT-007692,2025-08-05,12:58,12,Dr. Benitez,Physio assessment,cancelled,54.3,11.4,11.03,Public scheme,PT-2236
APT-007679,2025-08-05,13:07,13,Dr. Chandra,Filling,kept,44.8,17.4,184.69,Insurance,PT-1636
APT-007680,2025-08-05,13:09,13,Dr. Chandra,Physio session,kept,31.5,18.5,87.22,Private,PT-1305
APT-007695,2025-08-05,13:35,13,Dr. Almeida,Hygiene recall,kept,42.4,16.9,110.25,Insurance,PT-1028
APT-007676,2025-08-05,14:09,14,"M. Ellis, PT",Hygiene recall,kept,47.8,14.5,130.63,Private,PT-2212
APT-007715,2025-08-05,14:10,14,"K. Duarte, PT",Exam & imaging,kept,34.1,21.9,71.99,Insurance,PT-1924
APT-007685,2025-08-05,14:17,14,Dr. Chandra,Hygiene recall,kept,32.7,22.7,133.07,Private,PT-1708
APT-007693,2025-08-05,14:17,14,Dr. Benitez,Filling,kept,40.8,16.1,226.9,Private,PT-2022
APT-007699,2025-08-05,14:32,14,Dr. Benitez,Hygiene recall,kept,36.1,14.1,152.9,Private,PT-3160
APT-007712,2025-08-05,14:39,14,Dr. Almeida,Physio session,kept,51.0,15.3,60.89,Public scheme,PT-1319
APT-007687,2025-08-05,14:41,14,Dr. Almeida,Root canal,kept,92.5,22.6,390.53,Public scheme,PT-1663
APT-007667,2025-08-05,14:54,14,"K. Duarte, PT",Crown fit,cancelled,58.5,15.8,71.26,Public scheme,PT-2313
APT-007710,2025-08-05,15:09,15,"M. Ellis, PT",Hygiene recall,kept,47.5,15.2,131.95,Private,PT-2596
APT-007702,2025-08-05,15:18,15,Dr. Chandra,Filling,kept,44.4,13.3,166.22,Insurance,PT-1096
APT-007669,2025-08-05,15:25,15,Dr. Almeida,Hygiene recall,no_show,40.8,19.1,0.0,Public scheme,PT-1887
APT-007673,2025-08-05,15:27,15,Dr. Benitez,Filling,rescheduled,57.1,15.5,0.0,Private,PT-1954
APT-007674,2025-08-05,15:29,15,Dr. Chandra,Hygiene recall,kept,48.5,18.1,104.85,Insurance,PT-2448
APT-007664,2025-08-05,15:30,15,Dr. Chandra,Filling,kept,38.1,17.4,131.83,Public scheme,PT-1404
APT-007713,2025-08-05,15:30,15,"M. Ellis, PT",Physio session,no_show,39.6,13.6,0.0,Corporate plan,PT-3143
APT-007672,2025-08-05,15:46,15,Dr. Benitez,Hygiene recall,kept,49.8,19.0,112.85,Insurance,PT-2025
APT-007663,2025-08-05,16:35,16,"K. Duarte, PT",Exam & imaging,kept,27.3,13.0,64.06,Corporate plan,PT-2243
APT-007707,2025-08-05,16:36,16,Dr. Almeida,Hygiene recall,kept,41.8,26.4,118.85,Private,PT-3017
APT-007683,2025-08-05,16:40,16,Dr. Chandra,Exam & imaging,kept,28.9,21.6,85.01,Corporate plan,PT-2523
APT-007657,2025-08-05,16:59,16,"K. Duarte, PT",Exam & imaging,kept,25.0,19.3,81.96,Insurance,PT-1608
APT-007697,2025-08-05,17:00,17,Dr. Chandra,Filling,no_show,42.9,15.1,0.0,Private,PT-2400
APT-007658,2025-08-05,17:14,17,"K. Duarte, PT",Hygiene recall,kept,47.6,31.0,105.15,Corporate plan,PT-2918
APT-007701,2025-08-05,17:17,17,Dr. Benitez,Crown fit,rescheduled,66.2,14.9,0.0,Insurance,PT-2141
APT-007686,2025-08-05,17:21,17,"K. Duarte, PT",Exam & imaging,no_show,36.9,13.7,0.0,Private,PT-1255
APT-007661,2025-08-05,17:30,17,"M. Ellis, PT",Crown fit,kept,60.4,16.7,881.25,Private,PT-2894
APT-007665,2025-08-05,17:49,17,Dr. Almeida,Hygiene recall,kept,44.3,15.3,112.12,Insurance,PT-1790
APT-007761,2025-08-06,08:05,8,"M. Ellis, PT",Exam & imaging,kept,24.0,8.1,85.89,Insurance,PT-2145
APT-007762,2025-08-06,09:05,9,Dr. Almeida,Exam & imaging,kept,12.7,16.6,95.54,Private,PT-3138
APT-007758,2025-08-06,09:09,9,Dr. Faber,Exam & imaging,kept,27.6,7.2,89.03,Private,PT-2720
APT-007744,2025-08-06,09:14,9,Dr. Benitez,Physio session,kept,48.0,8.5,79.53,Insurance,PT-2706
APT-007755,2025-08-06,09:38,9,"M. Ellis, PT",Physio session,kept,46.8,8.1,84.29,Insurance,PT-2497
APT-007743,2025-08-06,09:54,9,"K. Duarte, PT",Filling,kept,40.8,11.8,170.33,Insurance,PT-1020
APT-007725,2025-08-06,10:01,10,Dr. Benitez,Filling,kept,51.8,9.4,191.51,Insurance,PT-1206
APT-007729,2025-08-06,10:03,10,Dr. Benitez,Exam & imaging,kept,34.1,16.8,83.62,Private,PT-1223
APT-007727,2025-08-06,10:04,10,Dr. Benitez,Follow-up consult,rescheduled,29.3,12.5,0.0,Public scheme,PT-1420
APT-007742,2025-08-06,10:06,10,"K. Duarte, PT",Physio session,kept,43.4,15.9,94.65,Insurance,PT-2832
APT-007745,2025-08-06,10:06,10,"M. Ellis, PT",Hygiene recall,kept,57.9,9.7,108.75,Corporate plan,PT-2589
APT-007737,2025-08-06,10:11,10,"M. Ellis, PT",Hygiene recall,no_show,49.7,24.3,0.0,Private,PT-1331
APT-007748,2025-08-06,10:11,10,Dr. Benitez,Root canal,kept,73.8,14.3,705.2,Private,PT-3183
APT-007751,2025-08-06,10:27,10,Dr. Almeida,Exam & imaging,kept,26.7,7.8,93.23,Insurance,PT-2567
APT-007759,2025-08-06,10:32,10,"M. Ellis, PT",Physio session,kept,48.8,9.7,88.62,Insurance,PT-2426
APT-007734,2025-08-06,10:50,10,Dr. Faber,Crown fit,kept,66.3,13.7,1002.51,Private,PT-3029
APT-007746,2025-08-06,10:50,10,"K. Duarte, PT",Physio assessment,kept,58.1,11.9,166.1,Private,PT-2346
APT-007736,2025-08-06,11:19,11,"K. Duarte, PT",Exam & imaging,kept,40.0,18.3,92.8,Private,PT-2307
APT-007763,2025-08-06,11:27,11,Dr. Almeida,Physio session,kept,35.3,8.5,98.86,Insurance,PT-2833
APT-007732,2025-08-06,11:30,11,"K. Duarte, PT",Hygiene recall,kept,36.1,18.8,122.48,Insurance,PT-3062
APT-007726,2025-08-06,11:34,11,Dr. Faber,Root canal,kept,74.8,11.8,645.43,Private,PT-3186
APT-007723,2025-08-06,11:37,11,Dr. Benitez,Exam & imaging,kept,27.3,8.4,88.28,Insurance,PT-3070
APT-007756,2025-08-06,11:54,11,Dr. Benitez,Hygiene recall,cancelled,55.2,12.5,13.94,Insurance,PT-2140
APT-007721,2025-08-06,12:12,12,Dr. Almeida,Hygiene recall,kept,44.4,13.4,117.23,Insurance,PT-2807
APT-007722,2025-08-06,12:14,12,Dr. Benitez,Filling,kept,31.4,10.8,209.39,Private,PT-2832
APT-007720,2025-08-06,12:19,12,Dr. Benitez,Exam & imaging,kept,11.0,10.0,78.19,Corporate plan,PT-2997
APT-007753,2025-08-06,13:36,13,"K. Duarte, PT",Hygiene recall,kept,46.8,13.0,137.38,Private,PT-1519
APT-007752,2025-08-06,14:10,14,"K. Duarte, PT",Crown fit,kept,72.2,14.2,861.03,Insurance,PT-2865
APT-007739,2025-08-06,14:11,14,"K. Duarte, PT",Physio session,cancelled,43.5,19.5,10.84,Insurance,PT-1286
APT-007738,2025-08-06,14:12,14,Dr. Benitez,Hygiene recall,kept,52.1,15.6,81.38,Public scheme,PT-1989
APT-007735,2025-08-06,14:16,14,Dr. Benitez,Crown fit,no_show,70.3,13.0,0.0,Insurance,PT-1615
APT-007747,2025-08-06,14:22,14,"K. Duarte, PT",Filling,kept,57.7,23.5,186.41,Insurance,PT-1111
APT-007750,2025-08-06,14:44,14,Dr. Benitez,Hygiene recall,rescheduled,36.9,14.6,0.0,Private,PT-1783
APT-007749,2025-08-06,14:45,14,"K. Duarte, PT",Hygiene recall,no_show,44.0,16.5,0.0,Insurance,PT-2852
APT-007760,2025-08-06,14:52,14,"K. Duarte, PT",Hygiene recall,kept,46.2,16.0,154.2,Private,PT-1167
APT-007740,2025-08-06,15:04,15,Dr. Faber,Filling,kept,50.0,12.7,208.76,Insurance,PT-1223
APT-007724,2025-08-06,15:12,15,"K. Duarte, PT",Exam & imaging,kept,38.7,17.3,66.71,Corporate plan,PT-2527
APT-007728,2025-08-06,15:17,15,"M. Ellis, PT",Hygiene recall,kept,43.9,18.0,136.57,Private,PT-3096
APT-007765,2025-08-06,15:19,15,Dr. Almeida,Hygiene recall,kept,36.7,19.1,127.98,Insurance,PT-1798
APT-007730,2025-08-06,15:40,15,"K. Duarte, PT",Hygiene recall,kept,51.9,17.2,103.31,Corporate plan,PT-2514
APT-007754,2025-08-06,15:40,15,"K. Duarte, PT",Hygiene recall,kept,50.4,17.7,101.55,Corporate plan,PT-2521
APT-007764,2025-08-06,15:45,15,"K. Duarte, PT",Exam & imaging,kept,33.4,16.9,91.96,Private,PT-2900
APT-007757,2025-08-06,16:00,16,Dr. Benitez,Physio assessment,kept,59.9,24.4,166.82,Private,PT-2580
APT-007741,2025-08-06,16:03,16,Dr. Almeida,Exam & imaging,kept,24.1,16.0,85.83,Insurance,PT-2102
APT-007731,2025-08-06,16:13,16,Dr. Almeida,Filling,kept,45.1,14.8,230.28,Private,PT-1557
APT-007766,2025-08-06,16:40,16,Dr. Faber,Hygiene recall,kept,36.4,16.1,98.29,Corporate plan,PT-1548
APT-007733,2025-08-06,17:50,17,Dr. Almeida,Hygiene recall,kept,47.2,14.7,135.76,Private,PT-2815
APT-007780,2025-08-07,08:09,8,Dr. Chandra,Filling,kept,45.9,15.6,239.26,Private,PT-3196
APT-007799,2025-08-07,09:12,9,Dr. Chandra,Physio assessment,kept,73.6,9.1,126.67,Insurance,PT-1326
APT-007803,2025-08-07,09:25,9,Dr. Benitez,Filling,cancelled,44.0,14.4,25.02,Private,PT-1416
APT-007810,2025-08-07,10:05,10,Dr. Chandra,Hygiene recall,kept,50.7,11.1,104.82,Insurance,PT-2845
APT-007805,2025-08-07,10:07,10,Dr. Chandra,Exam & imaging,kept,18.9,8.8,52.58,Public scheme,PT-3176
APT-007794,2025-08-07,10:09,10,"K. Duarte, PT",Hygiene recall,rescheduled,60.8,11.2,0.0,Insurance,PT-2773
APT-007770,2025-08-07,10:10,10,Dr. Almeida,Hygiene recall,kept,36.4,19.6,107.62,Corporate plan,PT-1305
APT-007800,2025-08-07,10:10,10,Dr. Almeida,Hygiene recall,kept,34.8,10.7,78.03,Public scheme,PT-1885
APT-007814,2025-08-07,10:17,10,Dr. Benitez,Filling,kept,47.4,16.8,219.17,Private,PT-1044
APT-007787,2025-08-07,10:19,10,"M. Ellis, PT",Physio session,kept,39.1,13.6,79.97,Insurance,PT-3017
APT-007802,2025-08-07,10:19,10,"M. Ellis, PT",Hygiene recall,kept,61.1,14.7,115.63,Insurance,PT-2316
APT-007816,2025-08-07,10:24,10,"K. Duarte, PT",Filling,kept,55.9,9.0,233.79,Private,PT-2790
APT-007769,2025-08-07,10:25,10,"K. Duarte, PT",Exam & imaging,no_show,18.1,16.1,0.0,Insurance,PT-2281
APT-007793,2025-08-07,10:26,10,Dr. Faber,Physio assessment,kept,51.2,9.1,129.24,Corporate plan,PT-2789
APT-007774,2025-08-07,10:45,10,Dr. Almeida,Physio assessment,kept,53.4,10.9,116.14,Corporate plan,PT-1613
APT-007815,2025-08-07,10:45,10,Dr. Benitez,Physio assessment,kept,64.0,19.4,91.48,Public scheme,PT-2911
APT-007813,2025-08-07,10:53,10,Dr. Almeida,Hygiene recall,kept,36.7,11.6,117.81,Insurance,PT-2629
APT-007795,2025-08-07,10:57,10,Dr. Benitez,Physio assessment,kept,47.4,17.2,139.53,Insurance,PT-1755
APT-007776,2025-08-07,11:14,11,"K. Duarte, PT",Crown fit,kept,62.8,9.3,826.71,Private,PT-2577
APT-007772,2025-08-07,11:16,11,Dr. Almeida,Exam & imaging,kept,17.8,7.3,88.22,Private,PT-2606
APT-007778,2025-08-07,11:45,11,"K. Duarte, PT",Physio session,kept,43.4,19.2,87.82,Insurance,PT-2835
APT-007809,2025-08-07,12:06,12,Dr. Benitez,Physio assessment,kept,56.9,9.9,140.52,Insurance,PT-1589
APT-007767,2025-08-07,12:13,12,"K. Duarte, PT",Crown fit,kept,60.1,10.1,847.13,Insurance,PT-1883
APT-007768,2025-08-07,12:14,12,Dr. Benitez,Filling,kept,40.4,18.2,177.22,Corporate plan,PT-1102
APT-007782,2025-08-07,12:21,12,Dr. Benitez,Exam & imaging,kept,17.6,12.1,79.9,Insurance,PT-2330
APT-007796,2025-08-07,12:39,12,Dr. Almeida,Hygiene recall,kept,54.7,14.5,86.58,Public scheme,PT-1924
APT-007811,2025-08-07,12:58,12,"K. Duarte, PT",Filling,kept,51.5,12.8,195.92,Insurance,PT-2605
APT-007798,2025-08-07,13:09,13,"M. Ellis, PT",Hygiene recall,kept,37.1,13.9,117.62,Insurance,PT-2297
APT-007783,2025-08-07,13:20,13,"M. Ellis, PT",Hygiene recall,kept,41.0,15.5,97.04,Corporate plan,PT-1297
APT-007781,2025-08-07,13:30,13,Dr. Chandra,Physio session,rescheduled,42.3,12.6,0.0,Insurance,PT-2544
APT-007812,2025-08-07,14:10,14,"K. Duarte, PT",Filling,kept,41.4,16.5,225.86,Private,PT-2930
APT-007789,2025-08-07,14:16,14,"M. Ellis, PT",Root canal,kept,76.9,18.0,566.76,Insurance,PT-1245
APT-007785,2025-08-07,14:44,14,Dr. Chandra,Physio session,kept,37.8,12.6,120.85,Private,PT-2342
APT-007773,2025-08-07,15:09,15,"M. Ellis, PT",Hygiene recall,kept,46.9,14.5,140.17,Private,PT-1452
APT-007801,2025-08-07,15:20,15,Dr. Benitez,Physio assessment,kept,46.3,17.1,140.11,Insurance,PT-1300
APT-007817,2025-08-07,15:22,15,"K. Duarte, PT",Exam & imaging,kept,31.8,14.9,101.5,Private,PT-1742
APT-007792,2025-08-07,15:28,15,"M. Ellis, PT",Physio assessment,kept,44.3,15.3,159.02,Private,PT-2442
APT-007786,2025-08-07,15:43,15,"M. Ellis, PT",Filling,kept,53.6,12.5,207.02,Private,PT-3137
APT-007807,2025-08-07,15:51,15,Dr. Benitez,Filling,kept,44.2,13.6,165.55,Corporate plan,PT-2195
APT-007790,2025-08-07,15:56,15,"K. Duarte, PT",Root canal,kept,76.7,20.6,696.32,Private,PT-2479
APT-007788,2025-08-07,16:02,16,Dr. Almeida,Hygiene recall,kept,43.6,17.1,104.54,Corporate plan,PT-1259
APT-007808,2025-08-07,16:06,16,Dr. Almeida,Physio session,kept,45.9,12.8,86.89,Corporate plan,PT-1330
APT-007784,2025-08-07,16:10,16,"K. Duarte, PT",Hygiene recall,kept,42.7,18.1,138.16,Private,PT-2487
APT-007777,2025-08-07,16:22,16,Dr. Benitez,Hygiene recall,no_show,44.4,18.5,0.0,Private,PT-1500
APT-007804,2025-08-07,16:32,16,Dr. Almeida,Hygiene recall,kept,56.7,32.8,151.86,Private,PT-1618
APT-007779,2025-08-07,16:38,16,Dr. Benitez,Hygiene recall,kept,45.3,16.9,125.39,Insurance,PT-1058
APT-007771,2025-08-07,16:43,16,Dr. Chandra,Hygiene recall,kept,35.6,15.7,114.34,Insurance,PT-1354
APT-007775,2025-08-07,16:59,16,Dr. Faber,Filling,kept,41.7,17.4,178.14,Insurance,PT-1467
APT-007806,2025-08-07,17:24,17,Dr. Chandra,Physio session,kept,64.0,17.2,80.17,Corporate plan,PT-1573
APT-007797,2025-08-07,17:38,17,"K. Duarte, PT",Filling,kept,40.8,13.9,186.39,Insurance,PT-2999
APT-007791,2025-08-07,17:45,17,Dr. Benitez,Physio session,kept,46.0,18.8,98.05,Insurance,PT-1801
APT-007850,2025-08-08,08:22,8,"M. Ellis, PT",Physio assessment,kept,65.1,19.0,130.74,Insurance,PT-1659
APT-007845,2025-08-08,08:23,8,"M. Ellis, PT",Exam & imaging,kept,23.3,8.4,89.95,Private,PT-2673
APT-007848,2025-08-08,09:02,9,Dr. Almeida,Hygiene recall,kept,34.3,14.4,95.04,Corporate plan,PT-2654
APT-007829,2025-08-08,09:09,9,"M. Ellis, PT",Exam & imaging,kept,17.3,13.9,81.53,Insurance,PT-2527
APT-007828,2025-08-08,09:27,9,"K. Duarte, PT",Physio session,kept,33.0,13.1,71.67,Public scheme,PT-1554
APT-007834,2025-08-08,09:30,9,Dr. Faber,Filling,kept,45.5,9.6,178.39,Insurance,PT-2714
APT-007849,2025-08-08,09:33,9,"K. Duarte, PT",Follow-up consult,kept,24.9,9.5,70.47,Private,PT-2980
APT-007819,2025-08-08,09:45,9,Dr. Benitez,Filling,no_show,43.8,12.2,0.0,Private,PT-3027
APT-007839,2025-08-08,10:01,10,Dr. Benitez,Physio assessment,kept,51.8,21.2,152.57,Private,PT-2470
APT-007847,2025-08-08,10:05,10,"K. Duarte, PT",Hygiene recall,kept,24.8,10.2,109.79,Corporate plan,PT-1458
APT-007836,2025-08-08,10:21,10,"K. Duarte, PT",Exam & imaging,kept,22.2,16.8,84.81,Insurance,PT-2544
APT-007837,2025-08-08,10:23,10,Dr. Almeida,Hygiene recall,kept,42.7,16.5,88.26,Public scheme,PT-2432
APT-007862,2025-08-08,10:39,10,"M. Ellis, PT",Filling,no_show,49.8,20.2,0.0,Corporate plan,PT-2131
APT-007861,2025-08-08,10:54,10,"K. Duarte, PT",Exam & imaging,cancelled,22.4,18.5,8.37,Corporate plan,PT-2321
APT-007851,2025-08-08,10:55,10,Dr. Chandra,Exam & imaging,cancelled,44.3,14.8,10.17,Insurance,PT-1610
APT-007820,2025-08-08,11:17,11,Dr. Chandra,Exam & imaging,kept,24.9,10.7,77.79,Insurance,PT-2711
APT-007838,2025-08-08,11:17,11,Dr. Faber,Filling,no_show,39.1,11.1,0.0,Private,PT-1040
APT-007833,2025-08-08,11:22,11,"K. Duarte, PT",Exam & imaging,kept,32.6,21.0,67.72,Corporate plan,PT-2549
APT-007832,2025-08-08,11:25,11,Dr. Almeida,Exam & imaging,kept,37.3,15.3,69.56,Corporate plan,PT-3044
APT-007857,2025-08-08,11:29,11,"K. Duarte, PT",Exam & imaging,kept,11.8,9.1,82.4,Insurance,PT-2535
APT-007853,2025-08-08,11:30,11,"K. Duarte, PT",Hygiene recall,kept,38.4,36.0,126.56,Private,PT-1784
APT-007824,2025-08-08,11:32,11,Dr. Benitez,Hygiene recall,rescheduled,34.3,11.5,0.0,Corporate plan,PT-1995
APT-007821,2025-08-08,11:40,11,Dr. Faber,Exam & imaging,kept,31.5,9.5,81.88,Corporate plan,PT-2965
APT-007859,2025-08-08,11:50,11,Dr. Faber,Physio session,kept,48.0,13.7,98.95,Insurance,PT-1524
APT-007844,2025-08-08,11:58,11,Dr. Benitez,Exam & imaging,kept,32.3,20.3,108.47,Private,PT-2762
APT-007852,2025-08-08,12:06,12,Dr. Almeida,Hygiene recall,kept,58.1,7.6,105.22,Insurance,PT-2614
APT-007856,2025-08-08,13:09,13,Dr. Benitez,Exam & imaging,kept,24.0,16.4,65.72,Public scheme,PT-2407
APT-007855,2025-08-08,13:50,13,Dr. Almeida,Physio assessment,kept,67.0,17.4,154.3,Private,PT-2387
APT-007842,2025-08-08,14:04,14,Dr. Almeida,Hygiene recall,kept,57.6,17.8,138.8,Private,PT-1177
APT-007818,2025-08-08,14:10,14,Dr. Faber,Filling,kept,54.1,15.6,133.56,Public scheme,PT-2272
APT-007830,2025-08-08,14:14,14,Dr. Benitez,Hygiene recall,cancelled,52.4,19.0,15.69,Insurance,PT-2340
APT-007831,2025-08-08,14:27,14,Dr. Benitez,Exam & imaging,no_show,23.9,19.8,0.0,Insurance,PT-3154
APT-007823,2025-08-08,14:31,14,Dr. Almeida,Physio session,kept,46.0,21.5,90.24,Insurance,PT-2694
APT-007827,2025-08-08,14:57,14,"K. Duarte, PT",Exam & imaging,kept,8.0,20.3,77.26,Corporate plan,PT-2633
APT-007826,2025-08-08,15:33,15,Dr. Faber,Hygiene recall,kept,43.9,18.2,119.66,Private,PT-2399
APT-007858,2025-08-08,15:33,15,Dr. Chandra,Root canal,kept,72.9,22.6,600.44,Private,PT-3160
APT-007854,2025-08-08,15:44,15,Dr. Chandra,Hygiene recall,cancelled,40.7,23.9,19.07,Private,PT-1132
APT-007860,2025-08-08,15:47,15,"K. Duarte, PT",Follow-up consult,kept,15.2,17.8,58.53,Insurance,PT-1037
APT-007835,2025-08-08,15:49,15,Dr. Chandra,Filling,kept,43.0,19.6,172.09,Corporate plan,PT-1851
APT-007822,2025-08-08,15:57,15,Dr. Benitez,Filling,kept,35.6,19.0,170.49,Corporate plan,PT-1624
APT-007843,2025-08-08,16:00,16,Dr. Chandra,Hygiene recall,rescheduled,42.6,26.6,0.0,Insurance,PT-2973
APT-007840,2025-08-08,16:50,16,Dr. Chandra,Filling,kept,49.5,18.3,228.94,Private,PT-1184
APT-007846,2025-08-08,17:50,17,"M. Ellis, PT",Hygiene recall,kept,36.1,15.0,146.92,Private,PT-2605
APT-007841,2025-08-08,17:53,17,"K. Duarte, PT",Physio assessment,cancelled,64.3,14.6,17.22,Insurance,PT-1872
APT-007825,2025-08-08,17:56,17,Dr. Benitez,Physio session,kept,43.9,16.5,58.85,Public scheme,PT-1277
APT-007872,2025-08-09,09:11,9,"M. Ellis, PT",Crown fit,no_show,57.4,9.7,0.0,Private,PT-1873
APT-007878,2025-08-09,09:39,9,"M. Ellis, PT",Physio session,kept,36.6,13.0,92.86,Insurance,PT-1034
APT-007870,2025-08-09,10:02,10,"K. Duarte, PT",Filling,cancelled,46.9,14.5,20.78,Corporate plan,PT-3101
APT-007867,2025-08-09,10:03,10,"K. Duarte, PT",Physio assessment,rescheduled,53.6,17.5,0.0,Corporate plan,PT-2154
APT-007863,2025-08-09,10:20,10,"M. Ellis, PT",Hygiene recall,kept,36.6,18.2,115.45,Insurance,PT-2356
APT-007865,2025-08-09,10:31,10,"M. Ellis, PT",Follow-up consult,kept,31.6,13.4,66.87,Private,PT-2632
APT-007881,2025-08-09,10:52,10,"K. Duarte, PT",Exam & imaging,kept,35.4,13.4,80.62,Insurance,PT-1519
APT-007868,2025-08-09,11:16,11,"K. Duarte, PT",Hygiene recall,kept,47.0,32.0,112.58,Insurance,PT-2018
APT-007876,2025-08-09,11:52,11,"M. Ellis, PT",Physio session,kept,34.6,11.5,89.69,Insurance,PT-3149
APT-007879,2025-08-09,12:09,12,"M. Ellis, PT",Hygiene recall,kept,46.4,9.5,113.96,Insurance,PT-1479
APT-007874,2025-08-09,12:31,12,"M. Ellis, PT",Physio session,kept,37.1,15.4,119.63,Private,PT-2468
APT-007869,2025-08-09,12:41,12,"K. Duarte, PT",Physio session,kept,37.5,9.2,91.18,Insurance,PT-1565
APT-007882,2025-08-09,13:27,13,"M. Ellis, PT",Hygiene recall,kept,53.1,27.1,154.13,Private,PT-2569
APT-007871,2025-08-09,14:04,14,"M. Ellis, PT",Filling,kept,45.7,18.6,246.35,Private,PT-3019
APT-007864,2025-08-09,14:46,14,"M. Ellis, PT",Hygiene recall,kept,37.4,16.2,125.14,Insurance,PT-2649
APT-007875,2025-08-09,15:43,15,"K. Duarte, PT",Physio session,kept,43.3,21.0,75.58,Corporate plan,PT-1402
APT-007873,2025-08-09,17:19,17,"K. Duarte, PT",Filling,kept,55.3,16.8,196.18,Insurance,PT-1480
APT-007877,2025-08-09,17:30,17,"M. Ellis, PT",Hygiene recall,kept,56.5,19.6,94.45,Corporate plan,PT-1947
APT-007880,2025-08-09,17:31,17,"M. Ellis, PT",Hygiene recall,kept,42.1,15.7,138.75,Private,PT-1506
APT-007866,2025-08-09,17:32,17,"K. Duarte, PT",Follow-up consult,kept,40.1,14.8,76.98,Private,PT-2896
APT-007921,2025-08-11,09:38,9,Dr. Almeida,Physio session,kept,42.6,15.3,92.23,Insurance,PT-3007
APT-007891,2025-08-11,09:42,9,Dr. Chandra,Exam & imaging,kept,31.6,12.9,68.61,Insurance,PT-2151
APT-007910,2025-08-11,09:49,9,"K. Duarte, PT",Root canal,kept,91.6,12.8,625.9,Private,PT-2732
APT-007925,2025-08-11,09:57,9,Dr. Almeida,Exam & imaging,kept,27.9,11.4,93.52,Private,PT-2317
APT-007888,2025-08-11,10:02,10,"K. Duarte, PT",Exam & imaging,kept,37.1,17.8,80.06,Private,PT-2771
APT-007901,2025-08-11,10:08,10,Dr. Almeida,Physio assessment,kept,53.9,9.0,94.36,Corporate plan,PT-2677
APT-007883,2025-08-11,10:19,10,Dr. Benitez,Physio session,kept,36.8,8.8,97.6,Insurance,PT-2100
APT-007912,2025-08-11,10:21,10,Dr. Benitez,Physio assessment,rescheduled,49.7,12.5,0.0,Insurance,PT-2423
APT-007917,2025-08-11,10:24,10,"K. Duarte, PT",Exam & imaging,kept,36.0,11.7,99.96,Private,PT-1979
APT-007923,2025-08-11,10:28,10,Dr. Benitez,Follow-up consult,kept,17.0,8.4,65.02,Corporate plan,PT-2856
APT-007922,2025-08-11,10:32,10,"K. Duarte, PT",Exam & imaging,cancelled,18.4,8.6,8.43,Public scheme,PT-2212
APT-007894,2025-08-11,10:42,10,Dr. Benitez,Hygiene recall,kept,51.3,12.9,151.11,Private,PT-2489
APT-007904,2025-08-11,10:59,10,Dr. Almeida,Filling,kept,56.3,11.9,137.41,Public scheme,PT-1191
APT-007902,2025-08-11,11:01,11,"K. Duarte, PT",Physio session,cancelled,38.9,17.7,11.44,Insurance,PT-1816
APT-007889,2025-08-11,11:09,11,Dr. Benitez,Filling,no_show,65.7,15.1,0.0,Public scheme,PT-1324
APT-007913,2025-08-11,11:09,11,Dr. Benitez,Exam & imaging,kept,20.0,19.0,79.66,Corporate plan,PT-1571
APT-007900,2025-08-11,11:13,11,Dr. Chandra,Exam & imaging,kept,23.6,10.0,91.88,Private,PT-2936
APT-007884,2025-08-11,11:18,11,Dr. Benitez,Physio session,no_show,23.1,8.1,0.0,Insurance,PT-2325
APT-007898,2025-08-11,11:23,11,Dr. Almeida,Physio session,kept,41.6,14.8,88.84,Insurance,PT-2773
APT-007885,2025-08-11,11:47,11,Dr. Almeida,Filling,kept,30.7,11.7,181.68,Insurance,PT-2463
APT-007909,2025-08-11,12:02,12,"K. Duarte, PT",Filling,kept,41.2,18.2,178.09,Insurance,PT-1237
APT-007928,2025-08-11,12:03,12,Dr. Benitez,Physio session,kept,40.3,8.4,107.38,Private,PT-2364
APT-007905,2025-08-11,12:22,12,"K. Duarte, PT",Exam & imaging,kept,37.9,10.9,83.53,Insurance,PT-2221
APT-007920,2025-08-11,12:30,12,"K. Duarte, PT",Hygiene recall,kept,52.9,17.2,77.74,Public scheme,PT-2020
APT-007895,2025-08-11,12:35,12,Dr. Almeida,Hygiene recall,kept,49.2,10.4,97.81,Corporate plan,PT-2913
APT-007896,2025-08-11,14:05,14,Dr. Almeida,Exam & imaging,kept,23.4,19.6,69.72,Corporate plan,PT-2361
APT-007893,2025-08-11,14:09,14,Dr. Benitez,Hygiene recall,kept,45.7,16.9,114.17,Insurance,PT-2071
APT-007929,2025-08-11,15:06,15,Dr. Benitez,Filling,kept,51.1,28.3,182.49,Insurance,PT-3136
APT-007926,2025-08-11,15:18,15,Dr. Chandra,Hygiene recall,kept,46.6,17.9,109.96,Insurance,PT-2087
APT-007907,2025-08-11,15:21,15,"K. Duarte, PT",Physio session,kept,40.8,13.4,101.52,Private,PT-2581
APT-007899,2025-08-11,15:29,15,Dr. Almeida,Physio assessment,cancelled,53.6,16.8,19.46,Private,PT-2625
APT-007914,2025-08-11,15:35,15,Dr. Almeida,Root canal,cancelled,77.8,18.4,74.84,Private,PT-1470
APT-007897,2025-08-11,15:37,15,"K. Duarte, PT",Physio assessment,kept,59.4,14.4,150.82,Private,PT-1279
APT-007886,2025-08-11,15:38,15,Dr. Almeida,Hygiene recall,kept,39.8,15.7,144.24,Private,PT-1257
APT-007919,2025-08-11,15:47,15,Dr. Almeida,Filling,kept,46.1,23.4,140.88,Public scheme,PT-2559
APT-007911,2025-08-11,15:49,15,"K. Duarte, PT",Filling,kept,39.9,18.0,185.23,Insurance,PT-1776
APT-007915,2025-08-11,15:52,15,Dr. Benitez,Physio assessment,kept,58.8,20.0,176.65,Private,PT-1427
APT-007916,2025-08-11,15:56,15,Dr. Almeida,Filling,no_show,45.7,18.9,0.0,Insurance,PT-2215
APT-007908,2025-08-11,15:59,15,"K. Duarte, PT",Hygiene recall,kept,35.9,13.8,123.84,Insurance,PT-2228
APT-007906,2025-08-11,16:01,16,"K. Duarte, PT",Exam & imaging,kept,20.9,21.3,80.91,Corporate plan,PT-3086
APT-007903,2025-08-11,16:05,16,"K. Duarte, PT",Filling,kept,43.4,17.8,174.91,Insurance,PT-3022
APT-007892,2025-08-11,16:09,16,Dr. Benitez,Filling,no_show,48.8,13.8,0.0,Insurance,PT-2585
APT-007918,2025-08-11,16:10,16,Dr. Almeida,Exam & imaging,kept,28.3,18.4,87.86,Insurance,PT-2423
APT-007927,2025-08-11,17:07,17,Dr. Almeida,Physio session,cancelled,39.9,14.6,10.43,Insurance,PT-1429
APT-007890,2025-08-11,17:08,17,Dr. Almeida,Exam & imaging,kept,33.1,20.7,81.23,Insurance,PT-1038
APT-007924,2025-08-11,17:43,17,Dr. Almeida,Follow-up consult,kept,29.4,18.1,61.9,Insurance,PT-2212
APT-007887,2025-08-11,17:49,17,Dr. Benitez,Physio assessment,kept,48.6,17.8,122.35,Corporate plan,PT-2356
APT-007947,2025-08-12,08:38,8,Dr. Almeida,Exam & imaging,kept,18.7,11.6,89.43,Insurance,PT-1835
APT-007940,2025-08-12,09:02,9,"K. Duarte, PT",Hygiene recall,kept,59.2,10.4,88.34,Public scheme,PT-1424
APT-007958,2025-08-12,09:04,9,"M. Ellis, PT",Exam & imaging,kept,28.6,12.2,79.42,Insurance,PT-3181
APT-007936,2025-08-12,09:24,9,Dr. Almeida,Filling,kept,45.1,12.5,177.33,Insurance,PT-3181
APT-007950,2025-08-12,09:25,9,Dr. Almeida,Filling,kept,44.8,9.0,216.53,Private,PT-1065
APT-007967,2025-08-12,09:37,9,"K. Duarte, PT",Hygiene recall,no_show,34.5,12.2,0.0,Insurance,PT-1395
APT-007971,2025-08-12,10:02,10,"K. Duarte, PT",Filling,kept,42.7,10.7,212.14,Private,PT-1124
APT-007985,2025-08-12,10:02,10,Dr. Almeida,Exam & imaging,kept,22.2,8.8,95.16,Private,PT-1185
APT-007970,2025-08-12,10:09,10,Dr. Benitez,Exam & imaging,kept,28.5,23.5,78.07,Insurance,PT-3054
APT-007965,2025-08-12,10:17,10,Dr. Benitez,Hygiene recall,kept,32.6,16.0,119.41,Insurance,PT-2017
APT-007974,2025-08-12,10:21,10,"M. Ellis, PT",Hygiene recall,kept,44.1,12.2,100.24,Corporate plan,PT-1006
APT-007980,2025-08-12,10:21,10,"K. Duarte, PT",Filling,kept,42.9,9.8,154.45,Corporate plan,PT-1236
APT-007949,2025-08-12,10:22,10,"K. Duarte, PT",Hygiene recall,kept,40.2,9.5,112.44,Corporate plan,PT-1178
APT-007935,2025-08-12,10:24,10,Dr. Almeida,Hygiene recall,kept,50.8,8.4,146.84,Private,PT-2989
APT-007939,2025-08-12,10:35,10,Dr. Benitez,Filling,kept,46.9,12.2,197.28,Insurance,PT-2857
APT-007954,2025-08-12,10:37,10,Dr. Chandra,Filling,kept,44.6,12.0,221.19,Private,PT-2077
APT-007942,2025-08-12,10:38,10,Dr. Chandra,Physio assessment,kept,50.7,15.2,140.92,Insurance,PT-3130
APT-007960,2025-08-12,10:51,10,"M. Ellis, PT",Root canal,kept,90.2,9.6,614.41,Insurance,PT-1940
APT-007955,2025-08-12,10:54,10,Dr. Benitez,Hygiene recall,kept,29.6,8.3,114.35,Insurance,PT-1609
APT-007963,2025-08-12,10:56,10,"K. Duarte, PT",Hygiene recall,kept,37.1,20.6,109.87,Corporate plan,PT-1572
APT-007946,2025-08-12,10:57,10,"K. Duarte, PT",Root canal,kept,77.7,13.8,519.25,Insurance,PT-2951
APT-007981,2025-08-12,10:57,10,Dr. Chandra,Crown fit,kept,69.6,8.1,630.14,Corporate plan,PT-1704
APT-007941,2025-08-12,11:02,11,Dr. Chandra,Root canal,kept,87.3,13.2,491.94,Corporate plan,PT-2770
APT-007962,2025-08-12,11:16,11,Dr. Almeida,Hygiene recall,cancelled,44.5,24.1,12.47,Insurance,PT-1653
APT-007952,2025-08-12,11:24,11,Dr. Chandra,Filling,kept,42.2,12.2,177.75,Insurance,PT-2878
APT-007945,2025-08-12,11:36,11,Dr. Almeida,Exam & imaging,kept,12.3,11.4,82.16,Insurance,PT-2208
APT-007932,2025-08-12,11:45,11,Dr. Almeida,Exam & imaging,kept,15.1,11.1,86.57,Private,PT-1190
APT-007933,2025-08-12,11:51,11,"M. Ellis, PT",Hygiene recall,kept,37.2,14.1,123.36,Private,PT-1552
APT-007964,2025-08-12,11:57,11,"K. Duarte, PT",Hygiene recall,kept,37.0,11.9,136.33,Private,PT-1517
APT-007969,2025-08-12,12:16,12,Dr. Benitez,Physio assessment,kept,62.0,12.2,124.18,Insurance,PT-2698
APT-007944,2025-08-12,12:29,12,Dr. Chandra,Filling,kept,39.3,8.7,235.01,Private,PT-1682
APT-007934,2025-08-12,12:37,12,Dr. Benitez,Exam & imaging,kept,32.5,19.4,105.43,Private,PT-1000
APT-007983,2025-08-12,13:05,13,"M. Ellis, PT",Hygiene recall,kept,41.6,20.0,108.91,Corporate plan,PT-1903
APT-007972,2025-08-12,13:16,13,Dr. Chandra,Hygiene recall,rescheduled,55.4,15.0,0.0,Corporate plan,PT-2687
APT-007968,2025-08-12,13:59,13,Dr. Almeida,Exam & imaging,kept,17.8,20.2,75.87,Corporate plan,PT-1338
APT-007930,2025-08-12,14:24,14,Dr. Benitez,Exam & imaging,rescheduled,23.7,18.1,0.0,Insurance,PT-1999
APT-007953,2025-08-12,14:24,14,"K. Duarte, PT",Filling,kept,39.7,13.3,153.13,Corporate plan,PT-1889
APT-007977,2025-08-12,14:33,14,Dr. Benitez,Hygiene recall,no_show,30.4,19.3,0.0,Corporate plan,PT-1807
APT-007938,2025-08-12,14:35,14,Dr. Chandra,Hygiene recall,cancelled,47.1,34.8,16.33,Private,PT-1583
APT-007959,2025-08-12,14:52,14,"M. Ellis, PT",Physio session,kept,36.3,13.9,81.42,Corporate plan,PT-2664
APT-007973,2025-08-12,14:54,14,Dr. Almeida,Filling,kept,43.8,16.1,182.59,Insurance,PT-1360
APT-007979,2025-08-12,15:05,15,Dr. Chandra,Filling,kept,41.4,15.1,187.21,Insurance,PT-2594
APT-007982,2025-08-12,15:16,15,Dr. Benitez,Hygiene recall,kept,66.1,15.5,122.05,Insurance,PT-2469
APT-007937,2025-08-12,15:32,15,Dr. Chandra,Root canal,kept,75.0,20.5,540.62,Insurance,PT-3046
APT-007948,2025-08-12,15:34,15,Dr. Almeida,Filling,cancelled,39.2,14.0,24.22,Insurance,PT-1176
APT-007978,2025-08-12,15:43,15,"M. Ellis, PT",Physio session,kept,50.4,20.8,112.67,Private,PT-2180
APT-007957,2025-08-12,16:23,16,Dr. Almeida,Physio session,kept,41.4,16.0,81.45,Corporate plan,PT-1376
APT-007931,2025-08-12,16:29,16,Dr. Benitez,Exam & imaging,cancelled,9.4,15.5,8.11,Corporate plan,PT-1380
APT-007966,2025-08-12,16:34,16,"K. Duarte, PT",Filling,no_show,37.1,14.3,0.0,Insurance,PT-2708
APT-007961,2025-08-12,16:41,16,Dr. Almeida,Hygiene recall,no_show,40.7,15.9,0.0,Private,PT-2236
APT-007956,2025-08-12,16:42,16,"K. Duarte, PT",Physio session,kept,39.1,15.3,82.3,Insurance,PT-2781
APT-007951,2025-08-12,16:56,16,Dr. Chandra,Physio assessment,no_show,49.6,16.8,0.0,Private,PT-2822
APT-007976,2025-08-12,16:59,16,Dr. Chandra,Root canal,kept,75.9,14.1,411.82,Public scheme,PT-2458
APT-007943,2025-08-12,17:12,17,Dr. Almeida,Hygiene recall,kept,49.2,15.2,111.5,Insurance,PT-1578
APT-007984,2025-08-12,17:47,17,"M. Ellis, PT",Exam & imaging,kept,27.9,19.7,79.51,Private,PT-1828
APT-007975,2025-08-12,17:58,17,Dr. Almeida,Hygiene recall,kept,49.3,19.7,135.79,Insurance,PT-1560
APT-008013,2025-08-13,08:07,8,Dr. Faber,Filling,kept,55.7,9.5,223.91,Private,PT-2027
APT-007997,2025-08-13,08:53,8,Dr. Almeida,Physio assessment,kept,44.0,12.4,160.85,Private,PT-2857
APT-007991,2025-08-13,09:02,9,Dr. Benitez,Hygiene recall,kept,56.0,9.6,122.52,Insurance,PT-1072
APT-008001,2025-08-13,09:24,9,"M. Ellis, PT",Filling,kept,49.8,9.9,174.27,Insurance,PT-2583
APT-008018,2025-08-13,09:31,9,Dr. Almeida,Exam & imaging,kept,29.4,16.7,81.28,Insurance,PT-2905
APT-008010,2025-08-13,09:58,9,Dr. Faber,Hygiene recall,kept,38.6,10.2,120.49,Insurance,PT-1473
APT-008028,2025-08-13,09:58,9,"K. Duarte, PT",Crown fit,kept,64.4,13.9,709.08,Corporate plan,PT-1655
APT-008003,2025-08-13,10:00,10,"M. Ellis, PT",Hygiene recall,rescheduled,37.3,14.3,0.0,Private,PT-2994
APT-008024,2025-08-13,10:13,10,"K. Duarte, PT",Physio assessment,kept,43.8,9.5,141.11,Insurance,PT-2614
APT-008034,2025-08-13,10:13,10,"K. Duarte, PT",Hygiene recall,kept,34.6,9.7,105.51,Corporate plan,PT-1614
APT-007993,2025-08-13,10:19,10,Dr. Faber,Filling,kept,31.8,17.0,179.21,Insurance,PT-1665
APT-008021,2025-08-13,10:22,10,Dr. Benitez,Physio assessment,kept,57.6,8.8,104.29,Insurance,PT-2037
APT-007986,2025-08-13,10:27,10,Dr. Benitez,Exam & imaging,kept,21.2,16.8,68.06,Corporate plan,PT-2482
APT-008035,2025-08-13,10:37,10,Dr. Faber,Physio session,kept,39.6,19.2,85.35,Insurance,PT-2091
APT-008015,2025-08-13,10:38,10,"K. Duarte, PT",Filling,kept,39.6,8.7,232.63,Private,PT-2548
APT-008012,2025-08-13,10:52,10,Dr. Almeida,Root canal,cancelled,80.9,17.5,76.31,Private,PT-2922
APT-008032,2025-08-13,10:59,10,"K. Duarte, PT",Physio assessment,rescheduled,61.4,10.2,0.0,Insurance,PT-1107
APT-008007,2025-08-13,11:00,11,Dr. Almeida,Root canal,kept,80.8,9.5,620.54,Private,PT-2913
APT-008008,2025-08-13,11:21,11,"M. Ellis, PT",Hygiene recall,kept,47.3,10.5,105.02,Corporate plan,PT-1146
APT-007995,2025-08-13,11:42,11,"K. Duarte, PT",Exam & imaging,cancelled,33.9,9.5,9.88,Insurance,PT-1874
APT-007998,2025-08-13,11:45,11,"M. Ellis, PT",Physio session,kept,49.4,17.3,69.14,Public scheme,PT-2259
APT-008033,2025-08-13,11:58,11,Dr. Benitez,Exam & imaging,kept,28.0,18.0,96.53,Private,PT-2389
APT-008022,2025-08-13,12:00,12,Dr. Almeida,Physio session,kept,33.4,10.0,97.89,Insurance,PT-3090
APT-008027,2025-08-13,12:14,12,"K. Duarte, PT",Exam & imaging,kept,30.9,14.9,79.24,Private,PT-2308
APT-008011,2025-08-13,12:34,12,Dr. Benitez,Hygiene recall,kept,45.6,8.0,111.81,Corporate plan,PT-1604
APT-008004,2025-08-13,12:41,12,"M. Ellis, PT",Hygiene recall,kept,45.5,9.4,154.44,Private,PT-2421
APT-008029,2025-08-13,12:44,12,Dr. Almeida,Physio session,kept,44.9,12.0,94.96,Private,PT-2636
APT-007989,2025-08-13,12:54,12,Dr. Almeida,Physio session,kept,46.7,14.7,94.64,Insurance,PT-1573
APT-008019,2025-08-13,12:58,12,Dr. Faber,Physio assessment,kept,58.7,10.9,150.16,Private,PT-3069
APT-008009,2025-08-13,13:12,13,Dr. Benitez,Hygiene recall,kept,52.7,14.8,107.51,Corporate plan,PT-1064
APT-007994,2025-08-13,13:33,13,"M. Ellis, PT",Physio assessment,kept,59.8,13.7,96.68,Public scheme,PT-2686
APT-008020,2025-08-13,13:35,13,Dr. Almeida,Physio assessment,kept,49.7,15.7,87.32,Public scheme,PT-1894
APT-008002,2025-08-13,14:38,14,"M. Ellis, PT",Hygiene recall,kept,49.6,20.9,136.65,Private,PT-2662
APT-007990,2025-08-13,14:50,14,Dr. Faber,Exam & imaging,rescheduled,27.6,19.9,0.0,Insurance,PT-2753
APT-008026,2025-08-13,14:58,14,Dr. Benitez,Hygiene recall,kept,50.8,14.6,107.8,Insurance,PT-1974
APT-008014,2025-08-13,15:15,15,"K. Duarte, PT",Exam & imaging,kept,12.0,16.2,99.73,Private,PT-1417
APT-008017,2025-08-13,15:16,15,"M. Ellis, PT",Root canal,kept,74.0,18.1,528.98,Insurance,PT-1664
APT-008023,2025-08-13,15:20,15,"M. Ellis, PT",Exam & imaging,kept,24.3,13.6,57.37,Public scheme,PT-2899
APT-008030,2025-08-13,15:49,15,"K. Duarte, PT",Hygiene recall,no_show,41.4,21.1,0.0,Corporate plan,PT-1062
APT-008031,2025-08-13,15:50,15,Dr. Benitez,Hygiene recall,kept,44.5,18.8,110.21,Insurance,PT-2802
APT-007988,2025-08-13,15:56,15,Dr. Benitez,Physio session,rescheduled,44.7,17.4,0.0,Insurance,PT-3004
APT-007996,2025-08-13,15:57,15,Dr. Benitez,Exam & imaging,kept,21.2,21.0,72.79,Corporate plan,PT-1115
APT-007987,2025-08-13,15:59,15,"K. Duarte, PT",Root canal,kept,77.1,17.3,539.27,Insurance,PT-2395
APT-007999,2025-08-13,16:03,16,"M. Ellis, PT",Hygiene recall,kept,64.0,22.7,120.51,Insurance,PT-1844
APT-008025,2025-08-13,16:33,16,"K. Duarte, PT",Root canal,kept,78.2,15.6,557.68,Private,PT-1405
APT-008000,2025-08-13,16:47,16,"M. Ellis, PT",Exam & imaging,kept,16.9,17.2,66.74,Corporate plan,PT-2147
APT-008005,2025-08-13,16:51,16,Dr. Faber,Crown fit,kept,55.5,14.6,814.25,Insurance,PT-2258
APT-008006,2025-08-13,17:21,17,"M. Ellis, PT",Hygiene recall,kept,49.9,23.2,136.16,Private,PT-1887
APT-008016,2025-08-13,17:26,17,"M. Ellis, PT",Filling,kept,36.4,16.7,191.82,Insurance,PT-2799
APT-007992,2025-08-13,17:35,17,Dr. Benitez,Hygiene recall,kept,46.9,18.7,108.52,Insurance,PT-1209
APT-008081,2025-08-14,08:07,8,Dr. Almeida,Hygiene recall,kept,47.9,13.1,121.54,Insurance,PT-1746
APT-008051,2025-08-14,08:44,8,"K. Duarte, PT",Hygiene recall,cancelled,51.4,13.0,12.75,Insurance,PT-1408
APT-008046,2025-08-14,08:46,8,Dr. Faber,Physio assessment,kept,47.2,9.8,119.19,Corporate plan,PT-2223
APT-008065,2025-08-14,08:58,8,Dr. Faber,Hygiene recall,kept,38.9,12.8,108.9,Insurance,PT-2152
APT-008070,2025-08-14,09:11,9,Dr. Chandra,Exam & imaging,kept,18.0,12.0,76.47,Corporate plan,PT-1505
APT-008071,2025-08-14,09:11,9,"M. Ellis, PT",Crown fit,kept,53.7,9.4,939.03,Private,PT-1390
APT-008049,2025-08-14,09:17,9,Dr. Benitez,Physio session,kept,36.5,9.3,81.76,Corporate plan,PT-2396
APT-008041,2025-08-14,09:24,9,"M. Ellis, PT",Physio assessment,kept,52.7,16.0,154.71,Private,PT-1390
APT-008059,2025-08-14,10:04,10,Dr. Almeida,Physio session,kept,39.8,15.5,103.12,Insurance,PT-2668
APT-008063,2025-08-14,10:10,10,"M. Ellis, PT",Exam & imaging,kept,23.7,12.1,81.66,Insurance,PT-1568
APT-008048,2025-08-14,10:15,10,Dr. Benitez,Physio assessment,kept,52.6,9.0,112.55,Corporate plan,PT-1302
APT-008060,2025-08-14,10:24,10,Dr. Chandra,Follow-up consult,rescheduled,15.4,14.3,0.0,Public scheme,PT-1355
APT-008056,2025-08-14,10:31,10,"K. Duarte, PT",Physio session,no_show,36.5,13.4,0.0,Private,PT-1756
APT-008077,2025-08-14,10:34,10,Dr. Benitez,Hygiene recall,kept,46.7,20.0,115.29,Insurance,PT-2868
APT-008042,2025-08-14,10:53,10,"K. Duarte, PT",Filling,kept,34.0,17.3,179.87,Insurance,PT-1226
APT-008069,2025-08-14,10:56,10,Dr. Benitez,Physio session,kept,38.3,13.8,104.31,Private,PT-1062
APT-008067,2025-08-14,10:58,10,Dr. Benitez,Filling,kept,37.3,14.7,177.93,Insurance,PT-1140
APT-008076,2025-08-14,11:03,11,Dr. Almeida,Hygiene recall,kept,40.2,18.7,116.73,Insurance,PT-2395
APT-008039,2025-08-14,11:19,11,"K. Duarte, PT",Follow-up consult,kept,15.6,10.0,72.61,Private,PT-1761
APT-008043,2025-08-14,11:37,11,Dr. Chandra,Follow-up consult,kept,9.3,16.7,57.16,Insurance,PT-2202
APT-008066,2025-08-14,11:49,11,"M. Ellis, PT",Filling,kept,44.3,25.2,189.04,Insurance,PT-1129
APT-008036,2025-08-14,11:50,11,Dr. Almeida,Filling,no_show,50.4,18.2,0.0,Private,PT-2945
APT-008045,2025-08-14,11:57,11,Dr. Almeida,Hygiene recall,cancelled,41.0,10.4,10.84,Public scheme,PT-2139
APT-008050,2025-08-14,12:21,12,Dr. Benitez,Hygiene recall,kept,37.2,13.6,142.16,Private,PT-2855
APT-008074,2025-08-14,12:24,12,Dr. Chandra,Exam & imaging,cancelled,32.3,10.6,8.45,Corporate plan,PT-1184
APT-008040,2025-08-14,12:38,12,Dr. Almeida,Filling,kept,41.7,8.4,226.98,Private,PT-2270
APT-008082,2025-08-14,12:38,12,Dr. Almeida,Physio assessment,kept,65.0,12.9,96.29,Public scheme,PT-3100
APT-008058,2025-08-14,12:59,12,"M. Ellis, PT",Filling,kept,50.7,10.9,211.94,Private,PT-1153
APT-008064,2025-08-14,13:06,13,Dr. Faber,Filling,kept,48.6,15.9,225.05,Private,PT-2803
APT-008044,2025-08-14,13:07,13,"M. Ellis, PT",Hygiene recall,no_show,49.0,17.9,0.0,Private,PT-2419
APT-008075,2025-08-14,13:43,13,Dr. Benitez,Exam & imaging,cancelled,27.3,19.5,6.82,Public scheme,PT-2536
APT-008080,2025-08-14,13:54,13,Dr. Benitez,Hygiene recall,kept,46.5,15.1,141.59,Private,PT-1159
APT-008037,2025-08-14,14:32,14,Dr. Almeida,Filling,no_show,51.0,18.8,0.0,Private,PT-2000
APT-008052,2025-08-14,14:35,14,Dr. Benitez,Exam & imaging,kept,19.3,13.7,83.25,Insurance,PT-2523
APT-008084,2025-08-14,14:53,14,Dr. Benitez,Crown fit,kept,69.4,14.8,686.27,Corporate plan,PT-1429
APT-008055,2025-08-14,15:06,15,Dr. Benitez,Follow-up consult,kept,18.3,18.1,71.85,Private,PT-3181
APT-008062,2025-08-14,15:08,15,"M. Ellis, PT",Exam & imaging,rescheduled,16.7,18.7,0.0,Insurance,PT-1483
APT-008061,2025-08-14,15:21,15,Dr. Benitez,Filling,kept,36.6,19.4,194.4,Insurance,PT-2803
APT-008078,2025-08-14,15:47,15,Dr. Almeida,Exam & imaging,kept,22.6,13.8,76.93,Insurance,PT-1168
APT-008047,2025-08-14,15:51,15,Dr. Chandra,Filling,kept,51.1,26.6,187.47,Corporate plan,PT-1725
APT-008038,2025-08-14,15:56,15,Dr. Benitez,Hygiene recall,kept,51.4,16.3,131.95,Insurance,PT-1635
APT-008072,2025-08-14,16:03,16,"K. Duarte, PT",Exam & imaging,kept,34.8,18.3,83.04,Insurance,PT-2593
APT-008054,2025-08-14,16:12,16,Dr. Chandra,Physio session,cancelled,40.0,20.0,11.57,Insurance,PT-2448
APT-008079,2025-08-14,16:27,16,Dr. Benitez,Hygiene recall,kept,41.1,16.7,118.54,Insurance,PT-1984
APT-008073,2025-08-14,16:32,16,Dr. Almeida,Hygiene recall,kept,48.8,14.1,96.66,Corporate plan,PT-1031
APT-008053,2025-08-14,17:07,17,Dr. Chandra,Hygiene recall,kept,49.5,17.0,121.16,Private,PT-1390
APT-008083,2025-08-14,17:16,17,"K. Duarte, PT",Root canal,kept,85.1,18.5,715.44,Private,PT-2563
APT-008057,2025-08-14,17:43,17,Dr. Benitez,Physio assessment,kept,43.8,15.2,129.59,Insurance,PT-1029
APT-008068,2025-08-14,17:53,17,Dr. Benitez,Filling,kept,61.3,14.2,173.84,Insurance,PT-1372
APT-008134,2025-08-15,08:01,8,"M. Ellis, PT",Filling,kept,51.6,9.7,187.75,Private,PT-2377
APT-008133,2025-08-15,08:37,8,"K. Duarte, PT",Filling,kept,45.8,8.6,137.23,Public scheme,PT-1009
APT-008112,2025-08-15,09:05,9,"M. Ellis, PT",Physio assessment,no_show,54.2,9.2,0.0,Insurance,PT-2207
APT-008121,2025-08-15,09:13,9,Dr. Almeida,Physio session,kept,49.7,9.8,96.78,Insurance,PT-1415
APT-008115,2025-08-15,09:19,9,Dr. Almeida,Hygiene recall,cancelled,44.2,15.0,14.31,Corporate plan,PT-1488
APT-008116,2025-08-15,09:23,9,Dr. Chandra,Physio session,kept,41.7,15.8,100.61,Insurance,PT-2814
APT-008130,2025-08-15,09:30,9,Dr. Almeida,Filling,kept,37.7,13.9,179.44,Insurance,PT-2267
APT-008086,2025-08-15,09:46,9,Dr. Benitez,Physio assessment,no_show,51.7,10.0,0.0,Private,PT-1793
APT-008101,2025-08-15,10:11,10,Dr. Chandra,Filling,kept,38.0,13.1,122.12,Public scheme,PT-2273
APT-008123,2025-08-15,10:12,10,Dr. Faber,Crown fit,kept,63.9,18.4,938.41,Private,PT-1457
APT-008124,2025-08-15,10:20,10,Dr. Almeida,Hygiene recall,kept,56.9,9.0,92.37,Corporate plan,PT-2136
APT-008125,2025-08-15,10:20,10,Dr. Almeida,Physio session,kept,38.3,25.6,85.79,Insurance,PT-1913
APT-008106,2025-08-15,10:57,10,"K. Duarte, PT",Hygiene recall,kept,46.7,17.4,132.98,Insurance,PT-2386
APT-008095,2025-08-15,10:58,10,Dr. Benitez,Physio session,kept,34.0,19.5,86.91,Insurance,PT-3032
APT-008097,2025-08-15,10:58,10,Dr. Almeida,Hygiene recall,kept,44.8,15.1,121.48,Insurance,PT-2064
APT-008113,2025-08-15,11:02,11,Dr. Almeida,Hygiene recall,kept,42.7,8.7,121.46,Insurance,PT-1635
APT-008105,2025-08-15,11:11,11,Dr. Chandra,Hygiene recall,rescheduled,54.2,11.4,0.0,Private,PT-2065
APT-008092,2025-08-15,11:33,11,Dr. Faber,Physio assessment,kept,66.2,16.1,87.26,Public scheme,PT-1280
APT-008131,2025-08-15,11:39,11,Dr. Benitez,Hygiene recall,kept,48.9,15.3,126.64,Private,PT-2704
APT-008094,2025-08-15,11:47,11,Dr. Benitez,Crown fit,kept,67.1,9.1,659.46,Corporate plan,PT-1443
APT-008087,2025-08-15,11:55,11,"K. Duarte, PT",Exam & imaging,kept,15.3,9.4,57.88,Public scheme,PT-2246
APT-008114,2025-08-15,11:56,11,"K. Duarte, PT",Hygiene recall,kept,54.4,9.4,84.26,Public scheme,PT-1253
APT-008128,2025-08-15,11:56,11,Dr. Faber,Hygiene recall,rescheduled,47.5,8.0,0.0,Insurance,PT-3169
APT-008098,2025-08-15,12:19,12,"M. Ellis, PT",Filling,kept,51.6,13.3,205.79,Private,PT-1384
APT-008102,2025-08-15,12:33,12,"K. Duarte, PT",Crown fit,kept,57.3,18.4,723.6,Insurance,PT-2211
APT-008117,2025-08-15,12:37,12,"M. Ellis, PT",Hygiene recall,kept,43.6,11.7,126.93,Insurance,PT-1218
APT-008132,2025-08-15,12:48,12,Dr. Benitez,Hygiene recall,kept,36.9,18.6,102.97,Insurance,PT-2734
APT-008129,2025-08-15,12:51,12,Dr. Chandra,Hygiene recall,cancelled,52.3,13.0,12.8,Corporate plan,PT-2658
APT-008085,2025-08-15,12:54,12,Dr. Chandra,Physio assessment,kept,67.9,13.3,85.74,Public scheme,PT-2299
APT-008127,2025-08-15,12:57,12,Dr. Almeida,Crown fit,kept,75.2,17.0,675.39,Corporate plan,PT-1675
APT-008120,2025-08-15,13:12,13,Dr. Faber,Filling,kept,41.1,23.1,183.93,Insurance,PT-1386
APT-008109,2025-08-15,13:20,13,"K. Duarte, PT",Hygiene recall,cancelled,42.2,25.4,15.39,Private,PT-3129
APT-008088,2025-08-15,14:38,14,"M. Ellis, PT",Hygiene recall,kept,43.6,15.1,111.04,Insurance,PT-2621
APT-008122,2025-08-15,14:48,14,Dr. Chandra,Hygiene recall,kept,40.8,21.9,100.67,Corporate plan,PT-1433
APT-008091,2025-08-15,14:52,14,Dr. Almeida,Root canal,kept,71.4,20.8,581.09,Insurance,PT-1297
APT-008103,2025-08-15,14:59,14,Dr. Almeida,Hygiene recall,kept,40.5,21.5,140.3,Private,PT-2224
APT-008119,2025-08-15,15:07,15,"K. Duarte, PT",Exam & imaging,kept,23.9,15.5,84.23,Private,PT-2353
APT-008104,2025-08-15,15:32,15,Dr. Almeida,Filling,kept,52.8,19.8,224.75,Insurance,PT-2219
APT-008108,2025-08-15,15:33,15,Dr. Chandra,Physio session,kept,33.1,23.1,86.09,Insurance,PT-2048
APT-008089,2025-08-15,15:36,15,Dr. Chandra,Filling,kept,35.8,16.4,172.11,Private,PT-1947
APT-008093,2025-08-15,15:38,15,"K. Duarte, PT",Crown fit,kept,67.6,16.5,743.17,Insurance,PT-1292
APT-008107,2025-08-15,15:46,15,"M. Ellis, PT",Physio assessment,kept,50.2,23.2,110.61,Corporate plan,PT-1082
APT-008126,2025-08-15,15:59,15,"M. Ellis, PT",Exam & imaging,kept,27.6,17.0,87.63,Private,PT-2188
APT-008118,2025-08-15,16:02,16,"K. Duarte, PT",Exam & imaging,cancelled,41.1,21.8,9.45,Insurance,PT-1519
APT-008090,2025-08-15,16:20,16,Dr. Chandra,Crown fit,cancelled,62.0,16.3,100.14,Insurance,PT-1174
APT-008096,2025-08-15,16:30,16,"K. Duarte, PT",Filling,no_show,50.4,15.0,0.0,Private,PT-2814
APT-008110,2025-08-15,16:44,16,"K. Duarte, PT",Filling,kept,62.5,27.7,225.3,Private,PT-3175
APT-008111,2025-08-15,16:53,16,"K. Duarte, PT",Hygiene recall,kept,47.7,16.2,80.31,Public scheme,PT-1857
APT-008100,2025-08-15,17:15,17,Dr. Faber,Filling,kept,54.0,15.4,192.07,Insurance,PT-1973
APT-008099,2025-08-15,17:34,17,Dr. Benitez,Physio session,kept,39.3,14.4,80.91,Corporate plan,PT-2956
APT-008155,2025-08-16,09:46,9,"K. Duarte, PT",Filling,kept,37.3,17.4,124.89,Public scheme,PT-2896
APT-008137,2025-08-16,09:59,9,"K. Duarte, PT",Exam & imaging,cancelled,33.3,10.9,11.13,Insurance,PT-1341
APT-008136,2025-08-16,10:05,10,"M. Ellis, PT",Physio assessment,kept,54.8,17.2,136.68,Private,PT-2472
APT-008145,2025-08-16,10:05,10,"M. Ellis, PT",Follow-up consult,rescheduled,31.1,18.2,0.0,Private,PT-1847
APT-008150,2025-08-16,10:14,10,"M. Ellis, PT",Physio session,kept,44.3,26.1,100.89,Insurance,PT-1239
APT-008138,2025-08-16,10:20,10,"K. Duarte, PT",Hygiene recall,kept,40.9,11.1,150.41,Private,PT-3137
APT-008141,2025-08-16,11:05,11,"K. Duarte, PT",Filling,kept,48.6,15.0,224.42,Private,PT-1312
APT-008143,2025-08-16,11:19,11,"K. Duarte, PT",Physio assessment,kept,50.3,10.0,148.81,Private,PT-1310
APT-008160,2025-08-16,11:33,11,"M. Ellis, PT",Filling,kept,54.7,15.8,115.94,Public scheme,PT-3024
APT-008135,2025-08-16,11:37,11,"M. Ellis, PT",Root canal,kept,75.5,12.0,574.5,Insurance,PT-2084
APT-008140,2025-08-16,11:38,11,"K. Duarte, PT",Hygiene recall,kept,38.2,9.8,122.81,Insurance,PT-1635
APT-008152,2025-08-16,11:54,11,"M. Ellis, PT",Hygiene recall,kept,39.3,23.1,140.77,Private,PT-2173
APT-008158,2025-08-16,12:32,12,"K. Duarte, PT",Physio assessment,kept,53.4,14.7,132.33,Insurance,PT-1985
APT-008156,2025-08-16,12:57,12,"M. Ellis, PT",Physio session,kept,33.8,23.7,111.1,Private,PT-1036
APT-008146,2025-08-16,13:15,13,"K. Duarte, PT",Filling,kept,45.5,18.1,211.06,Private,PT-3066
APT-008144,2025-08-16,13:38,13,"M. Ellis, PT",Exam & imaging,rescheduled,38.7,14.4,0.0,Insurance,PT-2826
APT-008151,2025-08-16,14:00,14,"K. Duarte, PT",Hygiene recall,cancelled,36.6,15.2,14.86,Insurance,PT-2751
APT-008149,2025-08-16,14:25,14,"M. Ellis, PT",Hygiene recall,kept,39.4,21.1,119.63,Insurance,PT-1547
APT-008159,2025-08-16,14:52,14,"K. Duarte, PT",Hygiene recall,kept,50.5,16.6,131.19,Private,PT-2946
APT-008142,2025-08-16,15:19,15,"K. Duarte, PT",Physio assessment,kept,57.3,17.6,116.92,Corporate plan,PT-2010
APT-008147,2025-08-16,15:34,15,"M. Ellis, PT",Physio assessment,cancelled,52.0,14.2,19.61,Private,PT-2951
APT-008157,2025-08-16,15:49,15,"K. Duarte, PT",Crown fit,kept,64.5,15.9,1012.4,Private,PT-2993
APT-008153,2025-08-16,15:57,15,"K. Duarte, PT",Hygiene recall,rescheduled,43.1,18.1,0.0,Insurance,PT-2120
APT-008154,2025-08-16,16:04,16,"M. Ellis, PT",Filling,no_show,51.6,15.5,0.0,Insurance,PT-1018
APT-008148,2025-08-16,16:21,16,"K. Duarte, PT",Filling,kept,37.7,18.0,215.75,Private,PT-2766
APT-008161,2025-08-16,16:43,16,"K. Duarte, PT",Hygiene recall,kept,49.7,17.7,99.42,Corporate plan,PT-1102
APT-008139,2025-08-16,17:41,17,"M. Ellis, PT",Physio assessment,kept,44.3,13.8,142.84,Insurance,PT-2701
APT-008209,2025-08-18,09:07,9,Dr. Chandra,Physio session,kept,42.8,13.8,78.29,Corporate plan,PT-2820
APT-008180,2025-08-18,09:36,9,Dr. Almeida,Exam & imaging,kept,25.0,11.4,94.35,Insurance,PT-2111
APT-008201,2025-08-18,10:00,10,Dr. Chandra,Hygiene recall,kept,33.4,10.9,119.28,Insurance,PT-2780
APT-008179,2025-08-18,10:13,10,"K. Duarte, PT",Physio assessment,kept,45.8,10.3,123.39,Corporate plan,PT-2495
APT-008167,2025-08-18,10:14,10,Dr. Almeida,Exam & imaging,kept,24.2,9.9,89.33,Insurance,PT-2848
APT-008183,2025-08-18,10:29,10,"K. Duarte, PT",Physio assessment,kept,59.5,9.7,132.9,Insurance,PT-1491
APT-008189,2025-08-18,10:30,10,Dr. Chandra,Filling,kept,42.5,9.2,171.37,Corporate plan,PT-2650
APT-008208,2025-08-18,10:34,10,"K. Duarte, PT",Filling,kept,56.1,16.2,185.36,Insurance,PT-2033
APT-008170,2025-08-18,10:40,10,Dr. Chandra,Exam & imaging,kept,19.1,14.2,95.86,Private,PT-2990
APT-008178,2025-08-18,10:44,10,Dr. Benitez,Filling,kept,47.8,14.2,177.61,Insurance,PT-2916
APT-008199,2025-08-18,10:50,10,Dr. Benitez,Hygiene recall,kept,43.2,20.8,102.88,Corporate plan,PT-2481
APT-008203,2025-08-18,10:58,10,"K. Duarte, PT",Hygiene recall,kept,46.4,13.4,109.2,Corporate plan,PT-2424
APT-008177,2025-08-18,11:27,11,Dr. Benitez,Physio session,kept,42.7,15.8,103.94,Private,PT-1409
APT-008171,2025-08-18,11:30,11,Dr. Benitez,Exam & imaging,kept,24.0,11.5,96.91,Private,PT-2521
APT-008185,2025-08-18,11:41,11,Dr. Chandra,Hygiene recall,kept,43.4,15.1,79.63,Public scheme,PT-1229
APT-008205,2025-08-18,11:51,11,"K. Duarte, PT",Hygiene recall,kept,46.2,8.8,113.06,Private,PT-1871
APT-008163,2025-08-18,11:54,11,Dr. Benitez,Exam & imaging,cancelled,12.1,15.8,10.74,Insurance,PT-1706
APT-008192,2025-08-18,11:54,11,Dr. Benitez,Hygiene recall,kept,43.6,10.2,118.92,Private,PT-2782
APT-008198,2025-08-18,12:06,12,Dr. Benitez,Crown fit,kept,72.3,11.0,502.36,Public scheme,PT-2796
APT-008186,2025-08-18,12:11,12,"K. Duarte, PT",Root canal,kept,74.9,12.5,623.43,Private,PT-3071
APT-008166,2025-08-18,12:33,12,Dr. Almeida,Hygiene recall,kept,38.2,14.8,113.88,Corporate plan,PT-2872
APT-008165,2025-08-18,12:35,12,Dr. Almeida,Exam & imaging,kept,15.8,16.9,86.38,Private,PT-1756
APT-008184,2025-08-18,12:58,12,Dr. Benitez,Exam & imaging,kept,23.3,12.6,63.78,Corporate plan,PT-1632
APT-008162,2025-08-18,13:06,13,"K. Duarte, PT",Hygiene recall,kept,44.7,16.9,115.18,Private,PT-2146
APT-008191,2025-08-18,13:54,13,"K. Duarte, PT",Filling,kept,36.3,14.5,126.75,Public scheme,PT-1503
APT-008200,2025-08-18,14:05,14,"K. Duarte, PT",Hygiene recall,kept,44.4,15.4,123.83,Insurance,PT-2650
APT-008213,2025-08-18,14:11,14,"K. Duarte, PT",Crown fit,cancelled,68.7,22.0,115.04,Private,PT-2427
APT-008216,2025-08-18,14:12,14,Dr. Almeida,Hygiene recall,kept,36.0,18.0,127.86,Insurance,PT-2860
APT-008175,2025-08-18,14:17,14,Dr. Benitez,Hygiene recall,kept,48.4,23.2,113.02,Insurance,PT-2356
APT-008207,2025-08-18,14:23,14,Dr. Chandra,Hygiene recall,kept,43.8,22.2,122.87,Private,PT-2991
APT-008212,2025-08-18,14:27,14,Dr. Benitez,Physio assessment,kept,53.2,13.8,137.61,Insurance,PT-1669
APT-008193,2025-08-18,14:32,14,Dr. Almeida,Hygiene recall,kept,37.5,18.3,108.26,Corporate plan,PT-3085
APT-008188,2025-08-18,14:33,14,"K. Duarte, PT",Hygiene recall,kept,51.3,14.5,125.65,Private,PT-1540
APT-008197,2025-08-18,14:43,14,"K. Duarte, PT",Filling,cancelled,36.8,15.5,25.56,Private,PT-1850
APT-008195,2025-08-18,14:46,14,Dr. Almeida,Hygiene recall,kept,42.7,14.2,136.86,Private,PT-2466
APT-008172,2025-08-18,14:52,14,Dr. Benitez,Physio assessment,kept,55.9,20.6,137.16,Insurance,PT-1901
APT-008202,2025-08-18,14:54,14,Dr. Almeida,Hygiene recall,kept,42.6,16.2,83.63,Public scheme,PT-2453
APT-008182,2025-08-18,15:18,15,Dr. Chandra,Physio assessment,kept,45.4,14.4,143.25,Private,PT-1772
APT-008217,2025-08-18,15:30,15,Dr. Benitez,Filling,kept,54.5,18.2,173.23,Insurance,PT-1779
APT-008211,2025-08-18,15:40,15,Dr. Almeida,Root canal,kept,81.9,21.1,363.64,Public scheme,PT-1768
APT-008173,2025-08-18,16:00,16,"K. Duarte, PT",Physio assessment,kept,58.8,17.9,110.52,Corporate plan,PT-2417
APT-008215,2025-08-18,16:01,16,"K. Duarte, PT",Exam & imaging,kept,19.0,16.9,86.23,Private,PT-1530
APT-008169,2025-08-18,16:17,16,Dr. Almeida,Hygiene recall,kept,55.5,15.0,154.77,Private,PT-1921
APT-008174,2025-08-18,16:30,16,Dr. Benitez,Physio assessment,kept,44.1,18.2,116.16,Corporate plan,PT-2316
APT-008190,2025-08-18,16:40,16,Dr. Chandra,Physio assessment,kept,54.8,16.4,126.27,Insurance,PT-1633
APT-008196,2025-08-18,16:44,16,Dr. Almeida,Exam & imaging,kept,31.8,23.2,83.32,Insurance,PT-2571
APT-008214,2025-08-18,16:46,16,Dr. Benitez,Crown fit,rescheduled,61.8,14.6,0.0,Insurance,PT-2473
APT-008210,2025-08-18,16:53,16,Dr. Benitez,Root canal,kept,75.9,25.5,633.29,Insurance,PT-1142
APT-008194,2025-08-18,16:58,16,Dr. Almeida,Exam & imaging,no_show,26.3,16.5,0.0,Insurance,PT-2551
APT-008164,2025-08-18,17:11,17,Dr. Almeida,Exam & imaging,kept,30.8,15.2,87.98,Insurance,PT-1559
APT-008206,2025-08-18,17:15,17,Dr. Chandra,Filling,kept,46.7,23.8,184.93,Insurance,PT-1525
APT-008204,2025-08-18,17:18,17,Dr. Benitez,Exam & imaging,kept,13.5,23.4,78.3,Insurance,PT-2768
APT-008168,2025-08-18,17:21,17,"K. Duarte, PT",Filling,kept,43.1,14.9,192.53,Insurance,PT-3000
APT-008187,2025-08-18,17:24,17,Dr. Almeida,Physio session,kept,37.9,20.5,86.8,Insurance,PT-1693
APT-008176,2025-08-18,17:30,17,Dr. Benitez,Exam & imaging,no_show,27.2,22.7,0.0,Private,PT-2323
APT-008181,2025-08-18,17:47,17,Dr. Benitez,Exam & imaging,kept,31.4,19.1,84.65,Private,PT-3127
APT-008227,2025-08-19,08:18,8,Dr. Almeida,Exam & imaging,kept,15.4,13.0,67.31,Insurance,PT-1644
APT-008257,2025-08-19,08:25,8,Dr. Chandra,Crown fit,kept,62.0,10.1,771.83,Insurance,PT-2859
APT-008221,2025-08-19,08:37,8,Dr. Almeida,Physio assessment,cancelled,42.9,14.0,11.8,Public scheme,PT-1477
APT-008251,2025-08-19,08:50,8,"K. Duarte, PT",Hygiene recall,kept,35.5,11.5,93.61,Public scheme,PT-1069
APT-008263,2025-08-19,08:54,8,"M. Ellis, PT",Hygiene recall,kept,46.0,9.4,147.76,Private,PT-2456
APT-008271,2025-08-19,08:58,8,Dr. Benitez,Filling,kept,56.0,9.6,139.51,Public scheme,PT-1591
APT-008245,2025-08-19,09:00,9,Dr. Almeida,Hygiene recall,kept,37.5,10.5,129.64,Private,PT-2956
APT-008238,2025-08-19,09:01,9,Dr. Chandra,Exam & imaging,no_show,13.9,15.3,0.0,Public scheme,PT-2607
APT-008249,2025-08-19,09:18,9,Dr. Benitez,Root canal,kept,95.9,11.5,479.26,Corporate plan,PT-1303
APT-008267,2025-08-19,09:29,9,Dr. Benitez,Hygiene recall,kept,44.9,13.8,133.66,Insurance,PT-2309
APT-008259,2025-08-19,09:30,9,Dr. Almeida,Physio session,kept,31.9,10.3,100.11,Insurance,PT-1502
APT-008256,2025-08-19,09:33,9,Dr. Chandra,Exam & imaging,kept,16.3,12.7,90.02,Insurance,PT-1836
APT-008218,2025-08-19,09:49,9,Dr. Almeida,Exam & imaging,kept,26.6,19.7,88.03,Insurance,PT-2552
APT-008265,2025-08-19,09:57,9,"K. Duarte, PT",Exam & imaging,kept,32.0,14.9,91.31,Private,PT-2644
APT-008232,2025-08-19,10:08,10,"M. Ellis, PT",Exam & imaging,kept,32.6,22.7,77.42,Insurance,PT-1053
APT-008241,2025-08-19,10:17,10,Dr. Benitez,Hygiene recall,cancelled,49.8,10.0,13.24,Insurance,PT-1497
APT-008233,2025-08-19,10:24,10,Dr. Benitez,Hygiene recall,kept,45.0,9.7,131.87,Private,PT-1705
APT-008236,2025-08-19,10:33,10,Dr. Chandra,Exam & imaging,kept,29.7,11.0,105.96,Private,PT-1194
APT-008242,2025-08-19,10:42,10,"K. Duarte, PT",Physio assessment,kept,64.3,12.0,151.6,Private,PT-3172
APT-008244,2025-08-19,10:52,10,Dr. Almeida,Exam & imaging,cancelled,19.0,9.3,9.52,Corporate plan,PT-2536
APT-008246,2025-08-19,10:59,10,Dr. Almeida,Exam & imaging,kept,27.6,15.6,74.31,Insurance,PT-1530
APT-008261,2025-08-19,11:00,11,"M. Ellis, PT",Filling,kept,41.0,8.4,224.53,Private,PT-2234
APT-008273,2025-08-19,11:02,11,Dr. Almeida,Crown fit,kept,67.2,12.5,994.43,Private,PT-3043
APT-008234,2025-08-19,11:15,11,"M. Ellis, PT",Hygiene recall,kept,45.1,11.2,111.43,Insurance,PT-2853
APT-008240,2025-08-19,11:56,11,"K. Duarte, PT",Hygiene recall,kept,45.2,14.2,100.18,Corporate plan,PT-2260
APT-008270,2025-08-19,11:58,11,"K. Duarte, PT",Crown fit,kept,61.2,18.6,779.95,Private,PT-1816
APT-008239,2025-08-19,12:19,12,Dr. Benitez,Physio session,kept,40.5,21.3,59.71,Public scheme,PT-1498
APT-008226,2025-08-19,12:22,12,Dr. Almeida,Physio session,kept,36.6,21.2,65.02,Public scheme,PT-2865
APT-008231,2025-08-19,12:29,12,Dr. Benitez,Hygiene recall,kept,37.9,15.1,130.1,Private,PT-2574
APT-008224,2025-08-19,12:37,12,Dr. Almeida,Hygiene recall,kept,44.3,9.7,99.25,Corporate plan,PT-1232
APT-008229,2025-08-19,12:44,12,Dr. Almeida,Hygiene recall,kept,47.7,13.2,118.25,Insurance,PT-2614
APT-008243,2025-08-19,14:03,14,"M. Ellis, PT",Hygiene recall,kept,42.7,19.5,104.47,Insurance,PT-2825
APT-008237,2025-08-19,14:06,14,Dr. Benitez,Exam & imaging,no_show,29.2,17.2,0.0,Insurance,PT-2159
APT-008247,2025-08-19,14:10,14,Dr. Almeida,Crown fit,kept,68.4,16.4,698.6,Insurance,PT-2698
APT-008230,2025-08-19,14:19,14,Dr. Chandra,Physio session,kept,41.0,23.5,100.07,Private,PT-1745
APT-008223,2025-08-19,14:21,14,"K. Duarte, PT",Exam & imaging,no_show,30.4,15.0,0.0,Private,PT-2728
APT-008228,2025-08-19,14:26,14,Dr. Chandra,Filling,kept,42.4,21.9,189.09,Insurance,PT-3103
APT-008272,2025-08-19,14:35,14,"K. Duarte, PT",Exam & imaging,kept,36.0,17.6,92.64,Private,PT-1032
APT-008264,2025-08-19,14:48,14,"K. Duarte, PT",Exam & imaging,kept,31.3,22.5,62.7,Corporate plan,PT-1193
APT-008222,2025-08-19,15:03,15,Dr. Benitez,Hygiene recall,kept,36.5,23.6,120.89,Private,PT-2316
APT-008260,2025-08-19,15:04,15,Dr. Chandra,Filling,kept,45.5,18.2,191.41,Insurance,PT-1116
APT-008253,2025-08-19,15:08,15,Dr. Chandra,Hygiene recall,kept,60.3,20.6,121.16,Insurance,PT-3152
APT-008225,2025-08-19,15:19,15,Dr. Chandra,Exam & imaging,kept,19.1,19.8,99.77,Private,PT-2207
APT-008266,2025-08-19,15:19,15,Dr. Almeida,Exam & imaging,kept,32.8,23.1,83.92,Insurance,PT-2996
APT-008255,2025-08-19,15:25,15,Dr. Chandra,Hygiene recall,kept,55.7,22.3,130.26,Corporate plan,PT-2188
APT-008235,2025-08-19,15:33,15,"K. Duarte, PT",Filling,rescheduled,41.2,23.0,0.0,Insurance,PT-1904
APT-008268,2025-08-19,15:41,15,Dr. Almeida,Hygiene recall,no_show,36.3,15.7,0.0,Corporate plan,PT-2747
APT-008254,2025-08-19,15:52,15,"M. Ellis, PT",Hygiene recall,kept,54.9,18.8,129.41,Insurance,PT-2028
APT-008252,2025-08-19,16:03,16,Dr. Almeida,Physio session,rescheduled,43.5,14.4,0.0,Public scheme,PT-1082
APT-008250,2025-08-19,16:09,16,Dr. Benitez,Physio assessment,kept,49.5,22.9,121.94,Insurance,PT-1588
APT-008262,2025-08-19,16:38,16,Dr. Benitez,Exam & imaging,no_show,27.2,18.0,0.0,Insurance,PT-2310
APT-008269,2025-08-19,17:11,17,"M. Ellis, PT",Hygiene recall,kept,44.6,18.5,108.86,Insurance,PT-1067
APT-008248,2025-08-19,17:13,17,Dr. Almeida,Hygiene recall,kept,39.0,23.5,114.9,Insurance,PT-3034
APT-008220,2025-08-19,17:15,17,Dr. Benitez,Exam & imaging,kept,26.0,14.5,100.59,Private,PT-1754
APT-008258,2025-08-19,17:26,17,"K. Duarte, PT",Hygiene recall,no_show,38.7,17.7,0.0,Private,PT-2286
APT-008219,2025-08-19,17:48,17,Dr. Almeida,Hygiene recall,kept,54.6,22.9,124.72,Insurance,PT-1783
APT-008288,2025-08-20,08:20,8,"K. Duarte, PT",Physio session,kept,38.4,23.0,61.46,Public scheme,PT-1072
APT-008292,2025-08-20,08:26,8,"K. Duarte, PT",Exam & imaging,kept,25.7,13.2,76.96,Insurance,PT-2113
APT-008309,2025-08-20,08:33,8,Dr. Almeida,Hygiene recall,kept,43.4,15.6,109.05,Corporate plan,PT-1784
APT-008281,2025-08-20,08:41,8,"M. Ellis, PT",Hygiene recall,rescheduled,54.9,9.7,0.0,Private,PT-1803
APT-008320,2025-08-20,08:53,8,"K. Duarte, PT",Physio assessment,kept,51.2,10.7,126.68,Insurance,PT-2103
APT-008321,2025-08-20,09:04,9,"K. Duarte, PT",Physio session,kept,45.1,14.7,109.12,Private,PT-3042
APT-008279,2025-08-20,09:09,9,Dr. Almeida,Physio session,kept,46.2,14.0,61.35,Public scheme,PT-1532
APT-008278,2025-08-20,09:23,9,"K. Duarte, PT",Exam & imaging,kept,32.4,14.0,105.24,Private,PT-1021
APT-008303,2025-08-20,09:36,9,"K. Duarte, PT",Follow-up consult,cancelled,8.0,12.4,5.27,Public scheme,PT-1472
APT-008289,2025-08-20,09:41,9,Dr. Almeida,Physio assessment,kept,69.4,11.7,103.35,Public scheme,PT-2551
APT-008306,2025-08-20,10:03,10,"M. Ellis, PT",Filling,kept,56.4,10.7,184.69,Insurance,PT-1812
APT-008298,2025-08-20,10:10,10,Dr. Almeida,Physio assessment,kept,51.6,12.8,159.24,Private,PT-2116
APT-008310,2025-08-20,10:10,10,"M. Ellis, PT",Crown fit,no_show,57.8,11.0,0.0,Insurance,PT-2591
APT-008276,2025-08-20,10:19,10,Dr. Benitez,Hygiene recall,kept,49.1,11.0,119.25,Insurance,PT-2088
APT-008293,2025-08-20,10:37,10,Dr. Almeida,Crown fit,kept,60.1,10.2,892.58,Private,PT-2387
APT-008284,2025-08-20,10:38,10,Dr. Benitez,Filling,kept,35.6,13.8,174.65,Insurance,PT-2532
APT-008304,2025-08-20,10:57,10,Dr. Benitez,Filling,kept,46.6,23.8,215.49,Private,PT-2021
APT-008312,2025-08-20,11:09,11,"K. Duarte, PT",Filling,kept,53.8,26.7,179.57,Corporate plan,PT-2281
APT-008301,2025-08-20,11:13,11,"M. Ellis, PT",Filling,no_show,50.4,10.8,0.0,Corporate plan,PT-2954
APT-008318,2025-08-20,11:26,11,"K. Duarte, PT",Hygiene recall,cancelled,48.9,17.6,15.74,Private,PT-2425
APT-008307,2025-08-20,11:38,11,"K. Duarte, PT",Exam & imaging,cancelled,21.2,33.8,7.73,Corporate plan,PT-1958
APT-008285,2025-08-20,11:43,11,Dr. Faber,Crown fit,kept,62.7,13.9,825.91,Insurance,PT-1373
APT-008313,2025-08-20,12:09,12,Dr. Almeida,Filling,kept,43.0,12.5,234.3,Private,PT-2032
APT-008319,2025-08-20,12:11,12,"M. Ellis, PT",Physio session,kept,45.8,11.7,68.48,Corporate plan,PT-1362
APT-008308,2025-08-20,12:13,12,Dr. Almeida,Filling,kept,37.6,10.9,172.3,Insurance,PT-2107
APT-008311,2025-08-20,12:24,12,Dr. Faber,Exam & imaging,kept,23.9,15.4,87.54,Insurance,PT-2265
APT-008296,2025-08-20,12:34,12,Dr. Almeida,Hygiene recall,kept,44.8,19.3,81.85,Public scheme,PT-2516
APT-008305,2025-08-20,12:40,12,"M. Ellis, PT",Physio assessment,kept,51.5,12.1,142.29,Private,PT-1450
APT-008299,2025-08-20,12:46,12,"M. Ellis, PT",Exam & imaging,kept,28.2,9.8,70.39,Corporate plan,PT-2317
APT-008315,2025-08-20,12:51,12,"M. Ellis, PT",Root canal,kept,75.6,13.7,477.33,Insurance,PT-1684
APT-008274,2025-08-20,13:28,13,Dr. Almeida,Hygiene recall,kept,55.7,15.9,102.75,Insurance,PT-1739
APT-008290,2025-08-20,13:38,13,Dr. Almeida,Filling,kept,48.9,19.6,218.22,Private,PT-1116
APT-008277,2025-08-20,14:01,14,"K. Duarte, PT",Exam & imaging,kept,19.9,17.5,98.89,Private,PT-1595
APT-008291,2025-08-20,14:31,14,Dr. Almeida,Hygiene recall,kept,41.2,24.2,124.98,Insurance,PT-1212
APT-008316,2025-08-20,15:09,15,Dr. Benitez,Hygiene recall,kept,49.7,21.7,89.19,Public scheme,PT-3175
APT-008317,2025-08-20,15:14,15,Dr. Benitez,Filling,kept,41.5,21.6,175.86,Insurance,PT-2296
APT-008287,2025-08-20,15:22,15,Dr. Almeida,Filling,kept,47.9,16.7,162.05,Insurance,PT-2420
APT-008294,2025-08-20,15:22,15,"K. Duarte, PT",Physio assessment,kept,73.3,19.2,102.91,Public scheme,PT-2999
APT-008286,2025-08-20,15:26,15,Dr. Benitez,Hygiene recall,kept,46.5,19.1,118.2,Insurance,PT-1890
APT-008302,2025-08-20,15:27,15,"K. Duarte, PT",Exam & imaging,kept,13.6,17.6,77.18,Corporate plan,PT-2804
APT-008297,2025-08-20,15:30,15,Dr. Faber,Exam & imaging,kept,15.0,16.9,66.21,Public scheme,PT-2697
APT-008283,2025-08-20,15:49,15,Dr. Benitez,Exam & imaging,kept,33.8,13.9,92.1,Private,PT-2023
APT-008275,2025-08-20,15:54,15,"M. Ellis, PT",Follow-up consult,kept,17.9,16.7,67.95,Private,PT-1668
APT-008314,2025-08-20,16:13,16,"K. Duarte, PT",Filling,kept,36.2,20.3,206.3,Private,PT-2302
APT-008295,2025-08-20,16:43,16,"K. Duarte, PT",Root canal,kept,92.3,38.1,605.45,Private,PT-1291
APT-008300,2025-08-20,16:54,16,Dr. Benitez,Filling,kept,44.3,16.8,210.88,Private,PT-1824
APT-008280,2025-08-20,17:36,17,Dr. Benitez,Hygiene recall,kept,41.1,15.2,105.67,Insurance,PT-3050
APT-008282,2025-08-20,17:57,17,Dr. Almeida,Filling,kept,54.1,14.4,184.88,Insurance,PT-2169
APT-008363,2025-08-21,08:05,8,Dr. Faber,Hygiene recall,kept,54.3,14.7,121.59,Insurance,PT-3109
APT-008347,2025-08-21,09:09,9,"K. Duarte, PT",Exam & imaging,kept,33.0,13.6,104.56,Private,PT-2362
APT-008343,2025-08-21,09:12,9,Dr. Chandra,Filling,kept,47.6,9.3,168.2,Corporate plan,PT-2596
APT-008335,2025-08-21,09:55,9,Dr. Faber,Physio assessment,kept,65.2,13.8,153.21,Private,PT-2996
APT-008331,2025-08-21,09:58,9,Dr. Almeida,Follow-up consult,no_show,13.6,12.6,0.0,Private,PT-2661
APT-008354,2025-08-21,10:06,10,Dr. Faber,Exam & imaging,kept,19.0,9.3,77.1,Corporate plan,PT-2162
APT-008346,2025-08-21,10:09,10,"M. Ellis, PT",Exam & imaging,kept,38.9,10.0,85.15,Insurance,PT-2495
APT-008367,2025-08-21,10:15,10,"M. Ellis, PT",Filling,cancelled,38.7,8.9,20.9,Insurance,PT-2062
APT-008366,2025-08-21,10:17,10,"M. Ellis, PT",Crown fit,kept,73.0,36.4,708.79,Insurance,PT-1646
APT-008369,2025-08-21,10:23,10,"M. Ellis, PT",Physio session,kept,35.0,17.1,85.9,Insurance,PT-2098
APT-008324,2025-08-21,10:30,10,"M. Ellis, PT",Exam & imaging,kept,29.2,21.4,83.87,Insurance,PT-1333
APT-008370,2025-08-21,10:32,10,Dr. Benitez,Crown fit,no_show,75.9,11.8,0.0,Public scheme,PT-2242
APT-008355,2025-08-21,10:40,10,Dr. Chandra,Hygiene recall,no_show,57.7,15.4,0.0,Private,PT-2117
APT-008334,2025-08-21,11:13,11,"K. Duarte, PT",Hygiene recall,kept,42.4,16.0,85.66,Public scheme,PT-1817
APT-008350,2025-08-21,11:19,11,"M. Ellis, PT",Hygiene recall,kept,49.6,15.3,127.15,Insurance,PT-1528
APT-008349,2025-08-21,11:21,11,"M. Ellis, PT",Exam & imaging,kept,25.9,8.6,83.65,Insurance,PT-2373
APT-008345,2025-08-21,11:32,11,Dr. Benitez,Hygiene recall,kept,47.0,14.3,112.12,Insurance,PT-2062
APT-008336,2025-08-21,11:44,11,Dr. Almeida,Hygiene recall,kept,47.6,15.5,133.83,Private,PT-1472
APT-008358,2025-08-21,11:46,11,"K. Duarte, PT",Filling,kept,45.2,10.4,198.44,Insurance,PT-1900
APT-008352,2025-08-21,11:49,11,"K. Duarte, PT",Physio session,kept,40.3,13.1,84.9,Insurance,PT-3007
APT-008368,2025-08-21,11:50,11,Dr. Faber,Physio session,kept,36.4,13.4,90.61,Private,PT-2588
APT-008337,2025-08-21,12:00,12,Dr. Chandra,Root canal,kept,74.9,12.0,609.26,Insurance,PT-1310
APT-008362,2025-08-21,12:06,12,"K. Duarte, PT",Exam & imaging,kept,32.7,10.8,98.0,Private,PT-1530
APT-008351,2025-08-21,12:16,12,Dr. Chandra,Hygiene recall,kept,37.6,16.7,112.8,Insurance,PT-1474
APT-008357,2025-08-21,12:16,12,"K. Duarte, PT",Hygiene recall,kept,54.5,10.6,107.97,Insurance,PT-1018
APT-008327,2025-08-21,12:19,12,"K. Duarte, PT",Exam & imaging,kept,32.6,10.6,81.09,Insurance,PT-2969
APT-008365,2025-08-21,12:35,12,"M. Ellis, PT",Physio session,kept,43.3,10.9,84.12,Insurance,PT-2248
APT-008360,2025-08-21,12:53,12,"M. Ellis, PT",Physio session,kept,37.6,11.4,108.51,Private,PT-3123
APT-008338,2025-08-21,12:57,12,"K. Duarte, PT",Follow-up consult,kept,15.4,15.8,56.7,Insurance,PT-2081
APT-008340,2025-08-21,13:04,13,Dr. Benitez,Filling,kept,46.5,19.6,179.47,Corporate plan,PT-3086
APT-008359,2025-08-21,13:18,13,"K. Duarte, PT",Physio session,kept,27.8,16.0,95.66,Private,PT-1504
APT-008332,2025-08-21,13:35,13,Dr. Almeida,Exam & imaging,kept,31.2,17.9,95.9,Insurance,PT-2772
APT-008344,2025-08-21,13:48,13,Dr. Chandra,Hygiene recall,kept,51.6,18.4,141.06,Private,PT-1137
APT-008361,2025-08-21,14:07,14,Dr. Chandra,Filling,kept,53.2,14.9,130.44,Public scheme,PT-2524
APT-008356,2025-08-21,14:13,14,"K. Duarte, PT",Exam & imaging,kept,27.4,21.7,102.37,Private,PT-1203
APT-008329,2025-08-21,14:15,14,"K. Duarte, PT",Crown fit,no_show,67.4,17.0,0.0,Private,PT-2383
APT-008348,2025-08-21,14:19,14,Dr. Chandra,Crown fit,kept,61.1,15.4,737.08,Insurance,PT-2581
APT-008323,2025-08-21,14:27,14,"K. Duarte, PT",Crown fit,kept,68.8,19.4,921.67,Private,PT-1235
APT-008371,2025-08-21,14:43,14,Dr. Chandra,Hygiene recall,rescheduled,46.3,16.8,0.0,Private,PT-2900
APT-008364,2025-08-21,14:44,14,Dr. Chandra,Physio session,rescheduled,37.3,15.7,0.0,Insurance,PT-2739
APT-008342,2025-08-21,14:45,14,"K. Duarte, PT",Physio session,kept,39.6,14.2,116.17,Private,PT-2047
APT-008339,2025-08-21,14:57,14,Dr. Benitez,Exam & imaging,kept,22.0,19.9,76.81,Corporate plan,PT-1575
APT-008326,2025-08-21,15:21,15,"K. Duarte, PT",Filling,kept,46.3,19.3,204.85,Corporate plan,PT-2533
APT-008330,2025-08-21,15:38,15,"M. Ellis, PT",Root canal,kept,98.3,17.7,624.53,Private,PT-1536
APT-008325,2025-08-21,15:46,15,Dr. Benitez,Physio assessment,kept,52.6,22.5,144.44,Insurance,PT-3148
APT-008322,2025-08-21,16:05,16,Dr. Chandra,Physio assessment,kept,63.1,16.0,101.24,Public scheme,PT-2632
APT-008341,2025-08-21,16:11,16,Dr. Chandra,Physio session,kept,39.9,23.1,85.48,Corporate plan,PT-3136
APT-008328,2025-08-21,16:30,16,"M. Ellis, PT",Physio session,kept,47.6,15.5,75.16,Insurance,PT-2857
APT-008353,2025-08-21,16:31,16,Dr. Benitez,Exam & imaging,kept,34.3,15.8,91.46,Private,PT-1640
APT-008333,2025-08-21,16:39,16,Dr. Almeida,Root canal,cancelled,79.3,14.7,44.23,Public scheme,PT-1341
APT-008381,2025-08-22,08:54,8,"K. Duarte, PT",Hygiene recall,rescheduled,36.0,15.3,0.0,Insurance,PT-2532
APT-008389,2025-08-22,09:29,9,Dr. Faber,Exam & imaging,kept,25.6,19.5,81.08,Corporate plan,PT-2754
APT-008400,2025-08-22,09:31,9,"M. Ellis, PT",Physio assessment,kept,57.5,18.8,135.95,Insurance,PT-1473
APT-008378,2025-08-22,10:08,10,Dr. Almeida,Physio session,cancelled,41.2,11.1,10.62,Insurance,PT-2755
APT-008408,2025-08-22,10:12,10,Dr. Chandra,Physio assessment,kept,53.1,9.2,133.0,Insurance,PT-2228
APT-008416,2025-08-22,10:41,10,Dr. Benitez,Filling,kept,53.6,13.5,184.67,Insurance,PT-1659
APT-008374,2025-08-22,10:47,10,Dr. Benitez,Physio assessment,kept,63.0,10.2,107.77,Corporate plan,PT-3123
APT-008384,2025-08-22,10:51,10,Dr. Benitez,Physio session,kept,44.9,11.1,62.0,Public scheme,PT-2070
APT-008402,2025-08-22,10:52,10,Dr. Benitez,Hygiene recall,no_show,50.9,10.7,0.0,Insurance,PT-1440
APT-008419,2025-08-22,10:59,10,Dr. Benitez,Root canal,kept,80.8,27.4,596.41,Private,PT-1260
APT-008420,2025-08-22,11:24,11,Dr. Almeida,Hygiene recall,kept,41.1,11.8,120.88,Insurance,PT-1500
APT-008383,2025-08-22,11:26,11,Dr. Benitez,Filling,kept,55.3,15.6,168.66,Private,PT-2876
APT-008393,2025-08-22,11:29,11,Dr. Benitez,Hygiene recall,cancelled,31.4,16.0,15.44,Insurance,PT-1026
APT-008396,2025-08-22,11:36,11,"K. Duarte, PT",Hygiene recall,kept,41.9,17.3,108.64,Insurance,PT-2495
APT-008413,2025-08-22,12:00,12,Dr. Almeida,Exam & imaging,kept,22.0,8.9,83.42,Insurance,PT-2343
APT-008373,2025-08-22,12:01,12,"K. Duarte, PT",Filling,kept,30.1,14.3,118.88,Public scheme,PT-2985
APT-008386,2025-08-22,12:29,12,Dr. Almeida,Follow-up consult,kept,14.4,14.3,73.84,Private,PT-2287
APT-008405,2025-08-22,12:35,12,"M. Ellis, PT",Exam & imaging,kept,22.7,17.2,81.17,Insurance,PT-2216
APT-008417,2025-08-22,12:39,12,"M. Ellis, PT",Hygiene recall,no_show,41.7,10.3,0.0,Public scheme,PT-1817
APT-008399,2025-08-22,12:47,12,"K. Duarte, PT",Physio session,kept,41.3,19.4,69.31,Public scheme,PT-1255
APT-008411,2025-08-22,12:47,12,"K. Duarte, PT",Physio session,kept,54.2,11.8,113.64,Private,PT-2668
APT-008388,2025-08-22,12:48,12,Dr. Almeida,Crown fit,kept,69.4,17.9,869.63,Private,PT-2546
APT-008376,2025-08-22,13:01,13,Dr. Almeida,Physio assessment,kept,55.2,16.3,134.65,Insurance,PT-1984
APT-008392,2025-08-22,13:17,13,Dr. Almeida,Exam & imaging,kept,24.3,20.6,94.92,Private,PT-2946
APT-008387,2025-08-22,13:42,13,"M. Ellis, PT",Filling,kept,45.3,15.0,211.05,Private,PT-2312
APT-008398,2025-08-22,13:52,13,"K. Duarte, PT",Exam & imaging,kept,25.6,14.5,87.6,Insurance,PT-1823
APT-008404,2025-08-22,14:33,14,Dr. Almeida,Exam & imaging,kept,15.2,16.1,94.33,Insurance,PT-1798
APT-008380,2025-08-22,14:46,14,Dr. Almeida,Physio assessment,kept,56.2,21.8,136.09,Insurance,PT-2243
APT-008385,2025-08-22,14:50,14,Dr. Almeida,Exam & imaging,kept,29.7,17.0,99.52,Private,PT-1474
APT-008375,2025-08-22,15:00,15,Dr. Benitez,Filling,kept,39.8,18.4,180.57,Insurance,PT-3085
APT-008406,2025-08-22,15:01,15,Dr. Almeida,Filling,kept,47.4,14.2,228.6,Private,PT-2306
APT-008390,2025-08-22,15:03,15,"K. Duarte, PT",Follow-up consult,kept,30.8,20.5,66.9,Private,PT-2420
APT-008412,2025-08-22,15:06,15,Dr. Faber,Hygiene recall,kept,48.6,17.5,113.74,Insurance,PT-1084
APT-008391,2025-08-22,15:12,15,"M. Ellis, PT",Physio assessment,kept,69.9,16.8,138.56,Insurance,PT-1354
APT-008379,2025-08-22,15:36,15,Dr. Almeida,Exam & imaging,kept,31.4,14.5,107.61,Private,PT-1501
APT-008410,2025-08-22,15:48,15,Dr. Almeida,Physio session,kept,42.4,18.2,68.4,Public scheme,PT-1323
APT-008415,2025-08-22,15:58,15,Dr. Benitez,Physio session,cancelled,53.9,16.2,13.62,Private,PT-1112
APT-008397,2025-08-22,16:12,16,Dr. Benitez,Hygiene recall,kept,44.0,15.5,108.57,Corporate plan,PT-1540
APT-008414,2025-08-22,16:16,16,Dr. Chandra,Hygiene recall,kept,51.7,19.6,116.1,Insurance,PT-3075
APT-008421,2025-08-22,16:17,16,"M. Ellis, PT",Hygiene recall,kept,43.5,16.3,117.44,Insurance,PT-2021
APT-008401,2025-08-22,16:23,16,"K. Duarte, PT",Root canal,kept,77.0,25.1,667.47,Private,PT-2294
APT-008382,2025-08-22,16:26,16,"K. Duarte, PT",Hygiene recall,kept,46.6,14.1,105.44,Corporate plan,PT-1464
APT-008409,2025-08-22,16:26,16,Dr. Chandra,Crown fit,kept,63.8,14.1,1030.81,Private,PT-1389
APT-008395,2025-08-22,16:35,16,Dr. Benitez,Physio session,kept,40.7,17.2,109.4,Private,PT-2333
APT-008407,2025-08-22,16:38,16,Dr. Almeida,Filling,kept,38.1,18.8,118.26,Public scheme,PT-2688
APT-008403,2025-08-22,17:23,17,"K. Duarte, PT",Physio session,kept,51.4,17.7,96.59,Insurance,PT-1156
APT-008372,2025-08-22,17:32,17,Dr. Almeida,Exam & imaging,kept,25.6,17.1,75.53,Insurance,PT-2228
APT-008377,2025-08-22,17:32,17,"M. Ellis, PT",Exam & imaging,kept,23.3,19.4,93.57,Private,PT-2238
APT-008394,2025-08-22,17:34,17,"K. Duarte, PT",Hygiene recall,kept,26.8,20.0,109.68,Insurance,PT-1695
APT-008418,2025-08-22,17:42,17,Dr. Almeida,Physio session,kept,35.2,16.1,88.56,Insurance,PT-3042
APT-008435,2025-08-23,08:51,8,"M. Ellis, PT",Physio session,kept,26.6,14.1,97.85,Private,PT-1046
APT-008431,2025-08-23,09:10,9,"K. Duarte, PT",Hygiene recall,rescheduled,66.2,11.4,0.0,Private,PT-3001
APT-008427,2025-08-23,09:28,9,"K. Duarte, PT",Root canal,kept,77.2,13.0,540.25,Insurance,PT-2569
APT-008445,2025-08-23,09:48,9,"K. Duarte, PT",Physio session,rescheduled,41.0,16.1,0.0,Corporate plan,PT-1439
APT-008444,2025-08-23,10:36,10,"K. Duarte, PT",Hygiene recall,kept,38.3,11.1,122.19,Insurance,PT-1705
APT-008423,2025-08-23,10:49,10,"K. Duarte, PT",Filling,cancelled,46.8,19.7,20.99,Corporate plan,PT-2385
APT-008437,2025-08-23,10:56,10,"M. Ellis, PT",Filling,kept,51.2,16.3,210.52,Insurance,PT-1917
APT-008425,2025-08-23,11:05,11,"M. Ellis, PT",Filling,kept,38.2,13.8,196.9,Private,PT-1932
APT-008439,2025-08-23,11:09,11,"M. Ellis, PT",Root canal,cancelled,82.3,11.5,67.03,Insurance,PT-2329
APT-008432,2025-08-23,11:19,11,"K. Duarte, PT",Physio session,cancelled,35.0,10.3,11.45,Insurance,PT-3040
APT-008424,2025-08-23,11:26,11,"K. Duarte, PT",Hygiene recall,kept,37.5,12.0,95.56,Corporate plan,PT-2374
APT-008428,2025-08-23,11:53,11,"K. Duarte, PT",Physio assessment,kept,53.8,11.7,170.6,Private,PT-1745
APT-008438,2025-08-23,12:07,12,"K. Duarte, PT",Hygiene recall,kept,40.1,17.5,81.04,Public scheme,PT-1010
APT-008443,2025-08-23,12:13,12,"K. Duarte, PT",Hygiene recall,kept,44.7,16.1,113.54,Insurance,PT-2457
APT-008440,2025-08-23,12:20,12,"M. Ellis, PT",Physio session,kept,39.6,13.6,87.56,Corporate plan,PT-1517
APT-008436,2025-08-23,14:19,14,"M. Ellis, PT",Physio session,kept,47.7,14.1,92.88,Private,PT-1004
APT-008434,2025-08-23,15:17,15,"M. Ellis, PT",Hygiene recall,kept,47.5,14.7,135.34,Private,PT-2548
APT-008426,2025-08-23,15:47,15,"M. Ellis, PT",Filling,kept,42.5,15.2,201.51,Private,PT-1307
APT-008441,2025-08-23,15:53,15,"M. Ellis, PT",Root canal,kept,89.7,23.6,382.26,Public scheme,PT-2932
APT-008429,2025-08-23,16:34,16,"K. Duarte, PT",Exam & imaging,kept,29.9,14.6,51.67,Public scheme,PT-2154
APT-008422,2025-08-23,17:16,17,"K. Duarte, PT",Physio assessment,kept,38.5,17.2,140.55,Private,PT-3092
APT-008433,2025-08-23,17:17,17,"M. Ellis, PT",Exam & imaging,kept,28.6,16.7,81.22,Insurance,PT-2291
APT-008442,2025-08-23,17:26,17,"K. Duarte, PT",Exam & imaging,kept,20.1,20.6,56.41,Public scheme,PT-3094
APT-008430,2025-08-23,17:52,17,"K. Duarte, PT",Hygiene recall,kept,47.2,14.8,135.63,Private,PT-1248
APT-008507,2025-08-25,08:05,8,"K. Duarte, PT",Filling,kept,53.6,21.1,149.07,Insurance,PT-1198
APT-008508,2025-08-25,08:53,8,"K. Duarte, PT",Exam & imaging,kept,23.4,12.7,83.29,Private,PT-1371
APT-008490,2025-08-25,09:01,9,"K. Duarte, PT",Hygiene recall,kept,39.0,15.6,153.88,Private,PT-1968
APT-008491,2025-08-25,09:01,9,Dr. Almeida,Follow-up consult,kept,8.9,10.2,61.57,Insurance,PT-1267
APT-008468,2025-08-25,09:18,9,Dr. Chandra,Exam & imaging,kept,28.5,11.9,97.69,Private,PT-3139
APT-008476,2025-08-25,09:18,9,Dr. Chandra,Hygiene recall,kept,32.0,12.5,119.23,Insurance,PT-2608
APT-008503,2025-08-25,09:18,9,Dr. Benitez,Physio assessment,kept,49.4,14.4,110.55,Corporate plan,PT-3036
APT-008463,2025-08-25,09:22,9,"K. Duarte, PT",Physio assessment,no_show,59.8,10.1,0.0,Private,PT-1724
APT-008502,2025-08-25,09:35,9,Dr. Almeida,Hygiene recall,kept,49.9,12.9,118.87,Insurance,PT-2368
APT-008496,2025-08-25,09:42,9,Dr. Almeida,Filling,kept,49.7,25.0,145.43,Corporate plan,PT-2044
APT-008447,2025-08-25,09:47,9,"K. Duarte, PT",Exam & imaging,no_show,8.3,12.3,0.0,Corporate plan,PT-2366
APT-008500,2025-08-25,09:50,9,Dr. Chandra,Physio session,cancelled,36.4,18.5,9.99,Corporate plan,PT-2189
APT-008454,2025-08-25,09:57,9,Dr. Almeida,Filling,kept,45.3,11.6,202.74,Insurance,PT-2820
APT-008509,2025-08-25,09:58,9,Dr. Almeida,Exam & imaging,kept,26.9,11.8,87.11,Insurance,PT-2592
APT-008485,2025-08-25,10:00,10,Dr. Chandra,Hygiene recall,kept,45.8,11.5,106.73,Insurance,PT-3166
APT-008451,2025-08-25,10:09,10,"K. Duarte, PT",Physio session,cancelled,40.1,12.5,11.03,Insurance,PT-1720
APT-008484,2025-08-25,10:12,10,Dr. Almeida,Crown fit,kept,81.1,14.5,869.32,Private,PT-1075
APT-008489,2025-08-25,10:14,10,Dr. Chandra,Physio session,kept,32.1,12.8,101.3,Private,PT-2972
APT-008460,2025-08-25,10:24,10,Dr. Benitez,Exam & imaging,kept,34.2,11.5,56.15,Public scheme,PT-2914
APT-008493,2025-08-25,10:27,10,Dr. Almeida,Filling,kept,42.6,10.5,159.72,Corporate plan,PT-1668
APT-008456,2025-08-25,10:29,10,Dr. Benitez,Filling,kept,46.3,9.9,226.63,Private,PT-2418
APT-008495,2025-08-25,10:29,10,"K. Duarte, PT",Hygiene recall,kept,46.5,9.6,124.46,Private,PT-1165
APT-008479,2025-08-25,10:44,10,Dr. Almeida,Hygiene recall,kept,50.6,14.5,84.22,Public scheme,PT-2195
APT-008494,2025-08-25,10:47,10,Dr. Benitez,Hygiene recall,kept,53.3,17.2,118.2,Private,PT-1747
APT-008450,2025-08-25,10:50,10,Dr. Chandra,Physio session,kept,44.4,9.9,80.88,Corporate plan,PT-2583
APT-008473,2025-08-25,10:50,10,Dr. Almeida,Hygiene recall,kept,42.1,10.2,79.84,Public scheme,PT-3043
APT-008465,2025-08-25,11:14,11,"K. Duarte, PT",Exam & imaging,kept,36.3,10.5,100.5,Private,PT-1822
APT-008475,2025-08-25,11:25,11,Dr. Almeida,Physio assessment,cancelled,56.9,11.9,17.08,Private,PT-1074
APT-008486,2025-08-25,11:32,11,Dr. Chandra,Exam & imaging,cancelled,27.4,11.6,8.85,Corporate plan,PT-1032
APT-008458,2025-08-25,11:51,11,Dr. Almeida,Exam & imaging,kept,19.7,10.8,77.03,Insurance,PT-1029
APT-008464,2025-08-25,12:05,12,Dr. Chandra,Hygiene recall,kept,42.4,15.6,102.32,Insurance,PT-2828
APT-008483,2025-08-25,12:06,12,Dr. Benitez,Hygiene recall,kept,38.3,11.7,84.39,Public scheme,PT-1114
APT-008487,2025-08-25,12:17,12,Dr. Almeida,Physio session,kept,49.0,10.9,78.04,Corporate plan,PT-1759
APT-008470,2025-08-25,12:21,12,Dr. Chandra,Exam & imaging,kept,27.2,11.2,70.85,Insurance,PT-2919
APT-008466,2025-08-25,12:49,12,Dr. Benitez,Filling,kept,55.6,9.4,203.36,Private,PT-2017
APT-008474,2025-08-25,12:49,12,Dr. Almeida,Crown fit,kept,69.3,21.5,760.19,Insurance,PT-1236
APT-008472,2025-08-25,13:23,13,Dr. Almeida,Physio session,kept,39.2,17.3,66.4,Public scheme,PT-2897
APT-008482,2025-08-25,13:37,13,Dr. Benitez,Exam & imaging,kept,18.8,18.0,87.32,Insurance,PT-1892
APT-008467,2025-08-25,13:51,13,Dr. Almeida,Filling,kept,30.7,28.6,153.0,Corporate plan,PT-1309
APT-008459,2025-08-25,13:57,13,Dr. Almeida,Hygiene recall,kept,37.3,18.3,141.68,Private,PT-2969
APT-008498,2025-08-25,14:00,14,Dr. Almeida,Root canal,kept,80.7,15.5,623.68,Private,PT-2632
APT-008449,2025-08-25,14:05,14,Dr. Chandra,Physio session,cancelled,26.6,17.2,10.69,Insurance,PT-2743
APT-008504,2025-08-25,14:06,14,Dr. Chandra,Exam & imaging,kept,26.0,16.8,87.98,Insurance,PT-1214
APT-008501,2025-08-25,14:11,14,Dr. Almeida,Root canal,kept,81.7,26.1,597.37,Insurance,PT-2004
APT-008469,2025-08-25,14:17,14,Dr. Chandra,Filling,kept,48.5,16.3,222.33,Private,PT-1042
APT-008452,2025-08-25,14:33,14,Dr. Benitez,Filling,kept,42.9,22.0,233.71,Private,PT-1347
APT-008461,2025-08-25,14:38,14,Dr. Almeida,Filling,kept,47.3,15.6,125.98,Public scheme,PT-1311
APT-008497,2025-08-25,14:38,14,Dr. Chandra,Hygiene recall,kept,39.2,14.8,133.27,Private,PT-1781
APT-008453,2025-08-25,14:51,14,"K. Duarte, PT",Physio session,kept,39.3,25.4,103.62,Insurance,PT-1344
APT-008455,2025-08-25,15:06,15,Dr. Chandra,Crown fit,kept,59.1,19.6,624.78,Public scheme,PT-2359
APT-008462,2025-08-25,15:18,15,Dr. Chandra,Physio session,kept,50.7,21.7,109.48,Private,PT-3055
APT-008488,2025-08-25,15:18,15,Dr. Almeida,Physio assessment,kept,60.8,23.5,152.38,Insurance,PT-1127
APT-008471,2025-08-25,15:31,15,"K. Duarte, PT",Hygiene recall,cancelled,51.8,16.7,15.6,Private,PT-2851
APT-008457,2025-08-25,16:03,16,Dr. Almeida,Follow-up consult,no_show,27.8,17.3,0.0,Insurance,PT-1545
APT-008448,2025-08-25,16:07,16,Dr. Almeida,Physio session,cancelled,32.3,21.1,8.94,Public scheme,PT-2684
APT-008499,2025-08-25,16:10,16,"K. Duarte, PT",Physio session,kept,51.6,16.9,82.19,Insurance,PT-1887
APT-008505,2025-08-25,16:19,16,"K. Duarte, PT",Physio assessment,kept,66.8,18.8,138.36,Private,PT-1488
APT-008481,2025-08-25,16:30,16,Dr. Benitez,Exam & imaging,kept,23.8,16.5,87.54,Insurance,PT-2589
APT-008478,2025-08-25,16:32,16,"K. Duarte, PT",Exam & imaging,kept,13.9,16.7,68.56,Corporate plan,PT-1076
APT-008477,2025-08-25,16:37,16,Dr. Chandra,Exam & imaging,kept,27.1,15.4,100.17,Private,PT-2342
APT-008506,2025-08-25,16:38,16,Dr. Benitez,Crown fit,kept,63.5,15.1,948.77,Private,PT-1811
APT-008446,2025-08-25,16:54,16,Dr. Almeida,Exam & imaging,kept,18.9,17.1,87.2,Insurance,PT-2093
APT-008492,2025-08-25,17:14,17,"K. Duarte, PT",Hygiene recall,kept,38.7,19.6,110.29,Corporate plan,PT-2095
APT-008480,2025-08-25,17:39,17,Dr. Chandra,Root canal,kept,74.2,18.6,645.86,Private,PT-1414
APT-008524,2025-08-26,09:09,9,"K. Duarte, PT",Physio assessment,kept,60.2,17.5,172.51,Private,PT-1827
APT-008516,2025-08-26,09:10,9,"M. Ellis, PT",Hygiene recall,kept,43.9,16.6,132.48,Private,PT-2384
APT-008533,2025-08-26,09:18,9,Dr. Almeida,Physio session,kept,45.6,19.0,97.57,Private,PT-1213
APT-008556,2025-08-26,09:20,9,"K. Duarte, PT",Hygiene recall,kept,39.5,10.4,121.07,Insurance,PT-1256
APT-008553,2025-08-26,09:29,9,Dr. Benitez,Hygiene recall,kept,48.3,13.9,140.24,Private,PT-2816
APT-008515,2025-08-26,09:30,9,"M. Ellis, PT",Hygiene recall,kept,47.9,9.6,102.99,Corporate plan,PT-1060
APT-008517,2025-08-26,09:38,9,Dr. Benitez,Filling,kept,51.8,16.3,213.72,Insurance,PT-2179
APT-008526,2025-08-26,09:39,9,Dr. Chandra,Hygiene recall,kept,39.0,11.3,110.12,Corporate plan,PT-1040
APT-008530,2025-08-26,09:41,9,"K. Duarte, PT",Hygiene recall,kept,57.2,10.6,102.08,Corporate plan,PT-2509
APT-008535,2025-08-26,09:50,9,Dr. Benitez,Physio assessment,kept,53.7,9.5,141.39,Insurance,PT-1153
APT-008529,2025-08-26,10:14,10,"K. Duarte, PT",Root canal,kept,72.5,23.4,598.13,Private,PT-2546
APT-008536,2025-08-26,10:30,10,Dr. Almeida,Physio session,cancelled,34.5,12.7,7.88,Public scheme,PT-1112
APT-008514,2025-08-26,10:35,10,"K. Duarte, PT",Filling,kept,45.3,15.6,155.9,Corporate plan,PT-2677
APT-008538,2025-08-26,10:43,10,Dr. Benitez,Hygiene recall,kept,30.8,17.9,104.65,Corporate plan,PT-2653
APT-008510,2025-08-26,10:44,10,Dr. Almeida,Follow-up consult,kept,24.3,9.4,74.4,Private,PT-1242
APT-008544,2025-08-26,10:53,10,Dr. Benitez,Hygiene recall,kept,45.9,13.0,160.96,Private,PT-1781
APT-008546,2025-08-26,10:54,10,Dr. Benitez,Physio assessment,kept,45.6,11.6,120.54,Insurance,PT-3028
APT-008532,2025-08-26,11:27,11,Dr. Almeida,Follow-up consult,kept,30.4,13.2,58.41,Insurance,PT-2468
APT-008549,2025-08-26,11:42,11,Dr. Benitez,Exam & imaging,kept,25.1,10.6,93.86,Private,PT-1240
APT-008525,2025-08-26,11:44,11,Dr. Chandra,Hygiene recall,kept,50.0,26.0,138.97,Private,PT-2445
APT-008521,2025-08-26,11:45,11,"M. Ellis, PT",Exam & imaging,kept,33.9,11.4,99.37,Private,PT-1486
APT-008561,2025-08-26,11:45,11,Dr. Almeida,Root canal,kept,84.1,24.0,538.38,Insurance,PT-2879
APT-008511,2025-08-26,11:55,11,Dr. Benitez,Follow-up consult,no_show,18.3,18.5,0.0,Corporate plan,PT-3100
APT-008539,2025-08-26,12:17,12,"M. Ellis, PT",Follow-up consult,kept,28.9,11.7,67.45,Private,PT-2974
APT-008527,2025-08-26,12:30,12,Dr. Chandra,Hygiene recall,rescheduled,46.2,12.4,0.0,Corporate plan,PT-1681
APT-008512,2025-08-26,12:36,12,Dr. Chandra,Hygiene recall,kept,44.7,25.2,102.51,Corporate plan,PT-2238
APT-008547,2025-08-26,12:38,12,"K. Duarte, PT",Exam & imaging,cancelled,34.1,12.9,9.85,Private,PT-1617
APT-008540,2025-08-26,12:40,12,"M. Ellis, PT",Hygiene recall,kept,48.6,11.2,120.61,Insurance,PT-1573
APT-008518,2025-08-26,12:45,12,"K. Duarte, PT",Root canal,kept,75.9,18.7,628.71,Private,PT-3032
APT-008557,2025-08-26,12:46,12,Dr. Benitez,Filling,kept,42.3,10.9,196.93,Insurance,PT-1679
APT-008554,2025-08-26,12:53,12,Dr. Chandra,Exam & imaging,kept,29.1,11.2,92.46,Insurance,PT-1622
APT-008552,2025-08-26,13:06,13,"K. Duarte, PT",Hygiene recall,kept,53.4,16.0,123.15,Private,PT-2175
APT-008545,2025-08-26,13:09,13,Dr. Chandra,Hygiene recall,no_show,36.2,16.6,0.0,Insurance,PT-2564
APT-008534,2025-08-26,14:14,14,Dr. Almeida,Hygiene recall,kept,49.9,30.2,99.47,Insurance,PT-1808
APT-008560,2025-08-26,14:15,14,"M. Ellis, PT",Filling,kept,42.7,24.4,172.85,Corporate plan,PT-2928
APT-008550,2025-08-26,14:22,14,Dr. Benitez,Filling,kept,53.7,15.7,216.61,Private,PT-2625
APT-008555,2025-08-26,14:50,14,"K. Duarte, PT",Hygiene recall,kept,34.4,19.5,157.63,Private,PT-3008
APT-008528,2025-08-26,15:25,15,"K. Duarte, PT",Physio session,kept,42.2,15.3,93.74,Insurance,PT-2531
APT-008542,2025-08-26,15:25,15,Dr. Chandra,Physio session,kept,37.3,16.5,66.27,Public scheme,PT-1917
APT-008551,2025-08-26,15:34,15,Dr. Almeida,Hygiene recall,kept,41.2,16.3,129.4,Private,PT-1336
APT-008523,2025-08-26,15:52,15,Dr. Almeida,Exam & imaging,kept,27.8,20.9,81.34,Insurance,PT-2620
APT-008519,2025-08-26,16:17,16,Dr. Chandra,Hygiene recall,kept,39.7,18.9,123.06,Insurance,PT-1480
APT-008559,2025-08-26,16:18,16,Dr. Benitez,Exam & imaging,kept,22.0,17.0,94.09,Private,PT-3106
APT-008543,2025-08-26,16:20,16,Dr. Benitez,Hygiene recall,kept,43.9,28.0,137.75,Private,PT-1348
APT-008537,2025-08-26,16:21,16,Dr. Almeida,Exam & imaging,kept,25.5,20.7,78.47,Insurance,PT-2600
APT-008522,2025-08-26,16:33,16,"M. Ellis, PT",Hygiene recall,kept,44.3,28.4,135.93,Private,PT-2825
APT-008513,2025-08-26,17:03,17,Dr. Benitez,Filling,cancelled,47.5,22.9,22.65,Insurance,PT-3054
APT-008558,2025-08-26,17:07,17,Dr. Benitez,Hygiene recall,kept,52.2,25.6,121.71,Insurance,PT-2310
APT-008531,2025-08-26,17:09,17,Dr. Benitez,Physio assessment,no_show,60.4,22.2,0.0,Private,PT-2542
APT-008548,2025-08-26,17:13,17,Dr. Benitez,Physio assessment,kept,50.3,20.3,147.98,Private,PT-1004
APT-008520,2025-08-26,17:15,17,"K. Duarte, PT",Hygiene recall,kept,52.0,16.5,124.72,Insurance,PT-3128
APT-008541,2025-08-26,17:39,17,"M. Ellis, PT",Physio assessment,kept,51.6,32.5,144.57,Private,PT-1754
APT-008588,2025-08-27,08:20,8,"K. Duarte, PT",Hygiene recall,cancelled,34.4,17.3,14.03,Insurance,PT-2279
APT-008584,2025-08-27,08:23,8,Dr. Faber,Crown fit,kept,69.6,10.7,693.17,Corporate plan,PT-2224
APT-008595,2025-08-27,09:03,9,Dr. Benitez,Physio session,kept,34.4,13.7,79.5,Insurance,PT-1580
APT-008597,2025-08-27,09:06,9,"K. Duarte, PT",Exam & imaging,kept,10.6,9.8,76.1,Insurance,PT-2881
APT-008592,2025-08-27,09:11,9,"M. Ellis, PT",Physio session,kept,41.6,11.2,90.3,Corporate plan,PT-2597
APT-008578,2025-08-27,09:13,9,Dr. Benitez,Physio session,kept,45.0,19.1,99.35,Private,PT-2965
APT-008585,2025-08-27,09:27,9,"K. Duarte, PT",Filling,no_show,49.9,9.9,0.0,Insurance,PT-2178
APT-008609,2025-08-27,09:59,9,"M. Ellis, PT",Exam & imaging,no_show,25.2,20.6,0.0,Corporate plan,PT-1908
APT-008590,2025-08-27,10:02,10,Dr. Almeida,Exam & imaging,kept,29.0,11.7,89.78,Insurance,PT-3116
APT-008598,2025-08-27,10:04,10,Dr. Almeida,Physio session,kept,29.6,9.9,99.96,Private,PT-2013
APT-008604,2025-08-27,10:07,10,Dr. Almeida,Physio assessment,rescheduled,55.5,14.9,0.0,Public scheme,PT-1600
APT-008599,2025-08-27,10:18,10,Dr. Benitez,Exam & imaging,kept,32.2,11.5,73.5,Corporate plan,PT-1038
APT-008605,2025-08-27,10:28,10,"K. Duarte, PT",Physio assessment,kept,54.0,16.3,92.6,Public scheme,PT-3063
APT-008579,2025-08-27,10:37,10,Dr. Almeida,Filling,kept,44.3,13.3,137.3,Corporate plan,PT-1042
APT-008586,2025-08-27,10:39,10,Dr. Almeida,Physio session,kept,38.9,24.8,93.35,Insurance,PT-1313
APT-008575,2025-08-27,10:42,10,Dr. Almeida,Filling,rescheduled,53.2,14.7,0.0,Insurance,PT-2723
APT-008566,2025-08-27,11:03,11,Dr. Benitez,Filling,cancelled,37.7,11.8,21.94,Insurance,PT-1738
APT-008583,2025-08-27,11:07,11,"M. Ellis, PT",Hygiene recall,kept,41.0,15.4,130.88,Private,PT-2009
APT-008606,2025-08-27,11:22,11,"K. Duarte, PT",Physio assessment,kept,32.2,12.2,147.32,Private,PT-1254
APT-008569,2025-08-27,11:23,11,Dr. Benitez,Follow-up consult,kept,8.0,11.4,70.75,Private,PT-1963
APT-008587,2025-08-27,11:24,11,"K. Duarte, PT",Filling,no_show,38.0,13.3,0.0,Public scheme,PT-1319
APT-008600,2025-08-27,11:30,11,Dr. Almeida,Hygiene recall,kept,37.2,15.4,138.74,Private,PT-3083
APT-008563,2025-08-27,11:44,11,"K. Duarte, PT",Hygiene recall,kept,50.3,19.9,133.15,Private,PT-2181
APT-008603,2025-08-27,11:46,11,Dr. Benitez,Physio assessment,kept,50.4,10.7,135.63,Insurance,PT-2067
APT-008562,2025-08-27,11:50,11,"K. Duarte, PT",Exam & imaging,kept,41.0,18.0,77.92,Insurance,PT-2691
APT-008570,2025-08-27,11:52,11,"M. Ellis, PT",Hygiene recall,kept,43.8,17.5,104.21,Corporate plan,PT-1664
APT-008610,2025-08-27,11:58,11,Dr. Faber,Hygiene recall,kept,35.3,10.2,87.3,Public scheme,PT-1421
APT-008612,2025-08-27,12:17,12,"K. Duarte, PT",Filling,kept,43.7,13.7,195.12,Insurance,PT-2608
APT-008573,2025-08-27,12:19,12,Dr. Almeida,Filling,kept,47.6,10.5,204.78,Private,PT-2882
APT-008580,2025-08-27,12:45,12,Dr. Benitez,Hygiene recall,kept,50.8,14.5,84.16,Public scheme,PT-2492
APT-008613,2025-08-27,13:36,13,"K. Duarte, PT",Exam & imaging,kept,37.1,16.8,70.81,Corporate plan,PT-3005
APT-008577,2025-08-27,14:14,14,"M. Ellis, PT",Physio session,kept,38.7,22.5,99.09,Insurance,PT-1647
APT-008589,2025-08-27,14:34,14,"M. Ellis, PT",Filling,kept,34.3,21.1,206.57,Private,PT-1646
APT-008576,2025-08-27,14:40,14,"M. Ellis, PT",Hygiene recall,kept,47.6,25.8,112.34,Private,PT-2537
APT-008611,2025-08-27,14:49,14,Dr. Faber,Filling,kept,54.5,14.7,173.88,Corporate plan,PT-3029
APT-008607,2025-08-27,14:51,14,"M. Ellis, PT",Exam & imaging,kept,32.6,17.3,75.26,Insurance,PT-1091
APT-008596,2025-08-27,14:56,14,Dr. Almeida,Filling,kept,50.8,22.1,214.93,Private,PT-2692
APT-008608,2025-08-27,15:12,15,Dr. Benitez,Hygiene recall,no_show,47.7,17.8,0.0,Private,PT-1424
APT-008565,2025-08-27,15:23,15,Dr. Almeida,Hygiene recall,kept,45.6,17.0,129.64,Insurance,PT-1502
APT-008572,2025-08-27,15:47,15,Dr. Almeida,Hygiene recall,kept,41.5,20.0,134.79,Private,PT-2687
APT-008594,2025-08-27,16:04,16,"K. Duarte, PT",Exam & imaging,kept,24.1,23.5,91.33,Private,PT-2913
APT-008567,2025-08-27,16:10,16,Dr. Benitez,Root canal,kept,84.7,16.1,570.88,Insurance,PT-2132
APT-008564,2025-08-27,16:11,16,"K. Duarte, PT",Exam & imaging,kept,28.5,18.7,89.95,Insurance,PT-1646
APT-008571,2025-08-27,16:25,16,"K. Duarte, PT",Physio assessment,kept,62.5,21.7,124.11,Corporate plan,PT-2721
APT-008593,2025-08-27,16:25,16,Dr. Almeida,Exam & imaging,kept,30.9,20.5,59.51,Public scheme,PT-1309
APT-008574,2025-08-27,16:26,16,Dr. Benitez,Hygiene recall,kept,49.6,15.2,80.42,Public scheme,PT-1148
APT-008614,2025-08-27,16:37,16,"M. Ellis, PT",Hygiene recall,no_show,61.1,21.7,0.0,Public scheme,PT-2756
APT-008601,2025-08-27,16:40,16,Dr. Almeida,Hygiene recall,kept,38.3,19.6,103.46,Insurance,PT-1948
APT-008581,2025-08-27,16:57,16,Dr. Benitez,Exam & imaging,kept,27.7,19.6,77.37,Insurance,PT-1006
APT-008568,2025-08-27,16:58,16,"K. Duarte, PT",Hygiene recall,kept,38.9,16.2,116.09,Insurance,PT-1502
APT-008602,2025-08-27,17:07,17,Dr. Almeida,Physio session,kept,37.9,19.8,81.74,Insurance,PT-2523
APT-008591,2025-08-27,17:21,17,Dr. Benitez,Filling,kept,45.5,23.8,171.42,Corporate plan,PT-1438
APT-008582,2025-08-27,17:54,17,Dr. Almeida,Filling,kept,50.3,29.7,145.37,Public scheme,PT-2573
APT-008616,2025-08-28,08:14,8,"K. Duarte, PT",Physio assessment,kept,69.3,26.5,127.73,Insurance,PT-3016
APT-008646,2025-08-28,09:48,9,Dr. Faber,Crown fit,kept,63.9,12.9,823.62,Private,PT-1434
APT-008644,2025-08-28,09:53,9,"K. Duarte, PT",Root canal,kept,76.9,13.9,440.05,Corporate plan,PT-1811
APT-008618,2025-08-28,09:56,9,Dr. Benitez,Hygiene recall,kept,25.1,9.8,76.88,Public scheme,PT-2663
APT-008651,2025-08-28,10:10,10,Dr. Almeida,Hygiene recall,kept,52.0,11.9,89.02,Public scheme,PT-2690
APT-008656,2025-08-28,10:10,10,Dr. Benitez,Filling,kept,38.5,9.9,194.41,Insurance,PT-1900
APT-008623,2025-08-28,10:25,10,Dr. Benitez,Exam & imaging,kept,32.7,9.9,89.18,Private,PT-3046
APT-008659,2025-08-28,10:30,10,Dr. Benitez,Exam & imaging,cancelled,30.5,12.6,9.33,Insurance,PT-3010
APT-008641,2025-08-28,10:45,10,"K. Duarte, PT",Exam & imaging,kept,25.9,17.7,80.36,Corporate plan,PT-2169
APT-008620,2025-08-28,11:03,11,Dr. Faber,Hygiene recall,kept,54.8,10.1,138.8,Private,PT-2310
APT-008648,2025-08-28,11:04,11,"K. Duarte, PT",Physio assessment,kept,49.1,10.7,112.27,Corporate plan,PT-2246
APT-008658,2025-08-28,11:05,11,Dr. Chandra,Filling,no_show,50.8,13.6,0.0,Public scheme,PT-2650
APT-008655,2025-08-28,11:14,11,Dr. Benitez,Hygiene recall,kept,48.2,11.4,120.63,Insurance,PT-3159
APT-008627,2025-08-28,11:22,11,Dr. Chandra,Physio session,kept,41.0,16.5,92.08,Corporate plan,PT-2473
APT-008629,2025-08-28,11:40,11,"K. Duarte, PT",Filling,kept,39.8,10.8,158.2,Insurance,PT-1044
APT-008634,2025-08-28,11:55,11,Dr. Almeida,Hygiene recall,cancelled,48.5,12.7,14.52,Insurance,PT-2097
APT-008617,2025-08-28,11:56,11,Dr. Chandra,Physio session,no_show,37.0,15.4,0.0,Public scheme,PT-1316
APT-008652,2025-08-28,12:15,12,"M. Ellis, PT",Hygiene recall,kept,44.2,9.7,144.69,Private,PT-2592
APT-008633,2025-08-28,12:16,12,Dr. Faber,Crown fit,kept,60.0,10.5,795.92,Insurance,PT-1620
APT-008653,2025-08-28,12:24,12,"K. Duarte, PT",Physio assessment,kept,53.0,12.4,153.04,Private,PT-2444
APT-008660,2025-08-28,12:24,12,"K. Duarte, PT",Exam & imaging,kept,39.7,16.6,76.63,Corporate plan,PT-1617
APT-008615,2025-08-28,12:30,12,Dr. Benitez,Hygiene recall,kept,55.4,10.9,135.43,Private,PT-3125
APT-008622,2025-08-28,12:35,12,"K. Duarte, PT",Hygiene recall,kept,35.3,9.5,104.47,Insurance,PT-3127
APT-008626,2025-08-28,12:42,12,"K. Duarte, PT",Root canal,kept,77.6,25.7,618.37,Private,PT-2748
APT-008640,2025-08-28,12:59,12,Dr. Faber,Root canal,kept,90.7,9.7,621.69,Private,PT-1857
APT-008649,2025-08-28,13:10,13,Dr. Almeida,Hygiene recall,kept,47.2,16.7,116.58,Insurance,PT-1505
APT-008654,2025-08-28,13:47,13,Dr. Benitez,Physio session,kept,34.1,19.9,90.47,Private,PT-1272
APT-008639,2025-08-28,14:02,14,"M. Ellis, PT",Root canal,kept,73.0,18.9,632.4,Private,PT-2989
APT-008661,2025-08-28,14:29,14,Dr. Almeida,Hygiene recall,kept,59.1,25.4,112.75,Insurance,PT-2793
APT-008625,2025-08-28,14:37,14,"K. Duarte, PT",Filling,kept,47.3,19.7,182.26,Private,PT-1671
APT-008624,2025-08-28,14:51,14,Dr. Almeida,Filling,cancelled,46.2,21.3,21.2,Insurance,PT-1255
APT-008630,2025-08-28,15:04,15,Dr. Chandra,Filling,kept,53.4,20.1,162.6,Corporate plan,PT-1401
APT-008645,2025-08-28,15:10,15,Dr. Chandra,Physio session,kept,43.8,22.7,100.61,Insurance,PT-3069
APT-008636,2025-08-28,15:12,15,Dr. Chandra,Exam & imaging,kept,39.4,27.8,82.05,Insurance,PT-1441
APT-008621,2025-08-28,15:20,15,Dr. Almeida,Physio assessment,kept,59.5,17.4,137.3,Insurance,PT-1176
APT-008657,2025-08-28,15:33,15,Dr. Chandra,Physio session,kept,47.5,18.8,94.63,Insurance,PT-2166
APT-008662,2025-08-28,15:35,15,Dr. Benitez,Exam & imaging,kept,33.7,20.3,78.65,Insurance,PT-1436
APT-008638,2025-08-28,15:39,15,Dr. Benitez,Hygiene recall,cancelled,34.0,18.6,13.06,Insurance,PT-2705
APT-008628,2025-08-28,15:40,15,Dr. Almeida,Exam & imaging,kept,17.0,17.3,88.26,Insurance,PT-2633
APT-008631,2025-08-28,15:41,15,"K. Duarte, PT",Hygiene recall,kept,54.7,18.9,105.58,Insurance,PT-1581
APT-008663,2025-08-28,15:54,15,Dr. Faber,Exam & imaging,kept,25.6,26.4,85.31,Private,PT-2295
APT-008650,2025-08-28,16:22,16,Dr. Chandra,Exam & imaging,kept,34.6,18.7,80.18,Insurance,PT-1927
APT-008642,2025-08-28,16:33,16,Dr. Chandra,Hygiene recall,cancelled,45.8,18.1,15.35,Private,PT-2369
APT-008637,2025-08-28,16:38,16,Dr. Almeida,Hygiene recall,kept,44.2,16.4,113.47,Corporate plan,PT-2533
APT-008632,2025-08-28,17:04,17,"M. Ellis, PT",Physio session,no_show,33.6,16.3,0.0,Private,PT-3084
APT-008647,2025-08-28,17:04,17,"M. Ellis, PT",Physio session,kept,44.0,24.5,90.32,Private,PT-2122
APT-008635,2025-08-28,17:09,17,Dr. Faber,Hygiene recall,kept,45.9,17.7,128.85,Private,PT-2689
APT-008619,2025-08-28,17:15,17,"K. Duarte, PT",Filling,kept,44.6,18.2,166.5,Insurance,PT-3124
APT-008643,2025-08-28,17:15,17,"M. Ellis, PT",Hygiene recall,kept,39.3,16.1,115.37,Insurance,PT-1525
APT-008664,2025-08-29,09:06,9,Dr. Benitez,Root canal,kept,74.0,13.0,585.01,Insurance,PT-1795
APT-008668,2025-08-29,09:08,9,"M. Ellis, PT",Hygiene recall,kept,40.8,10.2,131.58,Private,PT-3156
APT-008688,2025-08-29,09:10,9,Dr. Faber,Physio assessment,no_show,52.9,13.9,0.0,Insurance,PT-1731
APT-008692,2025-08-29,09:17,9,Dr. Almeida,Crown fit,rescheduled,77.5,11.3,0.0,Corporate plan,PT-2047
APT-008689,2025-08-29,09:39,9,"M. Ellis, PT",Hygiene recall,kept,54.0,11.8,78.75,Public scheme,PT-2591
APT-008687,2025-08-29,09:52,9,Dr. Almeida,Exam & imaging,kept,32.4,16.4,93.7,Private,PT-2215
APT-008701,2025-08-29,09:53,9,"M. Ellis, PT",Hygiene recall,cancelled,42.1,13.5,15.53,Private,PT-1268
APT-008672,2025-08-29,09:54,9,Dr. Benitez,Exam & imaging,rescheduled,29.1,14.8,0.0,Public scheme,PT-1679
APT-008675,2025-08-29,10:04,10,Dr. Almeida,Exam & imaging,kept,13.5,12.1,101.97,Private,PT-1398
APT-008694,2025-08-29,10:09,10,Dr. Benitez,Hygiene recall,kept,32.1,12.3,128.78,Private,PT-1868
APT-008695,2025-08-29,10:21,10,"K. Duarte, PT",Root canal,kept,71.9,15.0,592.44,Insurance,PT-1612
APT-008690,2025-08-29,10:25,10,"K. Duarte, PT",Physio session,kept,42.9,12.1,78.63,Insurance,PT-1552
APT-008684,2025-08-29,10:31,10,Dr. Benitez,Hygiene recall,kept,55.7,14.1,111.47,Corporate plan,PT-2529
APT-008693,2025-08-29,10:46,10,Dr. Benitez,Physio session,kept,40.8,9.8,91.09,Private,PT-1141
APT-008670,2025-08-29,10:52,10,Dr. Almeida,Physio session,kept,51.1,15.8,99.21,Private,PT-1749
APT-008679,2025-08-29,10:52,10,Dr. Almeida,Hygiene recall,kept,39.4,10.0,114.34,Insurance,PT-2843
APT-008691,2025-08-29,11:16,11,Dr. Benitez,Hygiene recall,kept,53.5,14.5,129.91,Private,PT-1900
APT-008678,2025-08-29,11:22,11,"M. Ellis, PT",Filling,kept,47.1,12.6,170.37,Corporate plan,PT-1827
APT-008676,2025-08-29,11:39,11,Dr. Benitez,Hygiene recall,kept,46.1,9.9,122.67,Insurance,PT-1321
APT-008665,2025-08-29,12:59,12,Dr. Chandra,Filling,kept,50.0,10.9,193.53,Insurance,PT-1788
APT-008681,2025-08-29,13:42,13,"K. Duarte, PT",Physio session,cancelled,54.7,16.1,11.87,Insurance,PT-2398
APT-008698,2025-08-29,13:42,13,"K. Duarte, PT",Hygiene recall,kept,50.5,17.8,111.61,Insurance,PT-2272
APT-008673,2025-08-29,14:04,14,Dr. Chandra,Physio session,kept,46.4,17.5,84.89,Corporate plan,PT-2914
APT-008702,2025-08-29,14:14,14,Dr. Almeida,Hygiene recall,no_show,42.8,19.3,0.0,Insurance,PT-2289
APT-008683,2025-08-29,14:31,14,"K. Duarte, PT",Hygiene recall,kept,42.3,19.0,126.76,Insurance,PT-2484
APT-008685,2025-08-29,14:34,14,Dr. Benitez,Hygiene recall,cancelled,46.5,21.6,14.64,Private,PT-1434
APT-008667,2025-08-29,14:38,14,Dr. Faber,Crown fit,cancelled,61.2,22.5,94.29,Insurance,PT-2968
APT-008680,2025-08-29,14:41,14,Dr. Benitez,Physio assessment,kept,47.7,16.4,158.09,Private,PT-1443
APT-008696,2025-08-29,14:50,14,Dr. Faber,Hygiene recall,kept,45.6,18.9,112.18,Corporate plan,PT-2865
APT-008677,2025-08-29,15:03,15,Dr. Almeida,Crown fit,kept,60.7,20.5,1024.89,Private,PT-1993
APT-008674,2025-08-29,15:09,15,Dr. Chandra,Physio assessment,rescheduled,67.5,28.9,0.0,Insurance,PT-2336
APT-008697,2025-08-29,15:18,15,"K. Duarte, PT",Filling,kept,45.3,16.4,191.13,Insurance,PT-1256
APT-008700,2025-08-29,15:24,15,"M. Ellis, PT",Exam & imaging,kept,31.6,22.6,90.89,Private,PT-2245
APT-008669,2025-08-29,15:27,15,Dr. Benitez,Hygiene recall,kept,47.9,26.5,104.74,Insurance,PT-1552
APT-008666,2025-08-29,16:12,16,Dr. Benitez,Crown fit,cancelled,62.9,17.2,62.1,Public scheme,PT-1816
APT-008686,2025-08-29,16:17,16,"K. Duarte, PT",Hygiene recall,kept,32.6,18.4,134.69,Private,PT-1469
APT-008671,2025-08-29,16:28,16,Dr. Benitez,Physio session,kept,36.9,19.1,98.69,Insurance,PT-3129
APT-008682,2025-08-29,17:19,17,Dr. Almeida,Hygiene recall,cancelled,46.8,22.4,14.8,Insurance,PT-1573
APT-008699,2025-08-29,17:45,17,Dr. Benitez,Exam & imaging,kept,32.4,22.4,82.08,Insurance,PT-1469
APT-008725,2025-08-30,09:13,9,"M. Ellis, PT",Physio assessment,kept,61.7,14.8,116.51,Insurance,PT-2695
APT-008706,2025-08-30,09:29,9,"K. Duarte, PT",Root canal,kept,79.0,18.3,690.17,Private,PT-2306
APT-008724,2025-08-30,09:32,9,"K. Duarte, PT",Exam & imaging,kept,13.7,21.1,86.96,Insurance,PT-1998
APT-008713,2025-08-30,10:02,10,"M. Ellis, PT",Physio assessment,kept,54.0,18.3,140.02,Insurance,PT-2619
APT-008712,2025-08-30,10:20,10,"M. Ellis, PT",Hygiene recall,kept,41.4,13.7,73.18,Public scheme,PT-1249
APT-008704,2025-08-30,10:29,10,"K. Duarte, PT",Hygiene recall,kept,30.9,13.9,144.93,Private,PT-2484
APT-008715,2025-08-30,10:32,10,"K. Duarte, PT",Physio assessment,kept,49.9,18.4,125.78,Corporate plan,PT-1107
APT-008703,2025-08-30,10:38,10,"K. Duarte, PT",Filling,kept,37.7,17.6,214.73,Private,PT-1343
APT-008711,2025-08-30,10:49,10,"K. Duarte, PT",Exam & imaging,kept,20.1,12.3,62.58,Public scheme,PT-1001
APT-008709,2025-08-30,12:01,12,"K. Duarte, PT",Exam & imaging,kept,18.3,24.6,98.66,Private,PT-2219
APT-008720,2025-08-30,12:11,12,"K. Duarte, PT",Hygiene recall,kept,39.8,14.6,132.52,Private,PT-3136
APT-008722,2025-08-30,12:39,12,"K. Duarte, PT",Crown fit,kept,64.0,12.5,889.07,Private,PT-1943
APT-008717,2025-08-30,12:55,12,"M. Ellis, PT",Root canal,kept,91.7,12.4,478.74,Corporate plan,PT-3046
APT-008721,2025-08-30,14:11,14,"M. Ellis, PT",Exam & imaging,kept,14.5,19.3,91.27,Private,PT-1008
APT-008705,2025-08-30,14:30,14,"K. Duarte, PT",Filling,kept,34.8,16.1,210.8,Private,PT-2019
APT-008710,2025-08-30,14:38,14,"M. Ellis, PT",Filling,rescheduled,46.4,15.5,0.0,Public scheme,PT-2967
APT-008716,2025-08-30,15:08,15,"K. Duarte, PT",Filling,cancelled,48.8,20.1,25.8,Private,PT-2296
APT-008719,2025-08-30,15:15,15,"M. Ellis, PT",Hygiene recall,kept,48.9,23.1,114.0,Private,PT-2599
APT-008723,2025-08-30,15:33,15,"M. Ellis, PT",Exam & imaging,kept,8.0,17.1,90.41,Private,PT-3141
APT-008707,2025-08-30,15:40,15,"K. Duarte, PT",Hygiene recall,kept,43.4,25.8,131.28,Private,PT-2025
APT-008714,2025-08-30,15:42,15,"K. Duarte, PT",Filling,kept,39.9,17.1,213.71,Private,PT-2912
APT-008718,2025-08-30,16:08,16,"M. Ellis, PT",Filling,kept,41.2,17.2,179.03,Insurance,PT-1015
APT-008708,2025-08-30,17:47,17,"M. Ellis, PT",Physio session,kept,56.2,31.1,104.44,Private,PT-2423
APT-008754,2025-09-01,08:10,8,Dr. Benitez,Physio assessment,kept,48.5,12.3,109.73,Insurance,PT-1680
APT-008762,2025-09-01,09:15,9,Dr. Almeida,Hygiene recall,kept,47.5,15.9,90.26,Public scheme,PT-1624
APT-008746,2025-09-01,09:46,9,Dr. Chandra,Filling,kept,39.0,12.5,201.19,Private,PT-1017
APT-008773,2025-09-01,09:46,9,"K. Duarte, PT",Physio session,kept,37.0,11.2,57.14,Public scheme,PT-1847
APT-008760,2025-09-01,09:55,9,"K. Duarte, PT",Exam & imaging,kept,23.3,11.5,89.16,Insurance,PT-2186
APT-008768,2025-09-01,10:01,10,"K. Duarte, PT",Exam & imaging,cancelled,22.5,16.5,10.8,Private,PT-1916
APT-008757,2025-09-01,10:35,10,Dr. Almeida,Root canal,no_show,85.4,23.1,0.0,Insurance,PT-3094
APT-008730,2025-09-01,10:38,10,Dr. Almeida,Physio session,kept,44.9,14.6,107.64,Private,PT-3086
APT-008728,2025-09-01,10:44,10,Dr. Benitez,Hygiene recall,kept,40.1,14.9,107.56,Insurance,PT-1673
APT-008734,2025-09-01,10:51,10,"K. Duarte, PT",Exam & imaging,kept,30.5,10.5,90.84,Insurance,PT-1014
APT-008744,2025-09-01,10:56,10,Dr. Chandra,Hygiene recall,kept,43.3,12.0,126.21,Private,PT-1142
APT-008743,2025-09-01,11:07,11,Dr. Almeida,Crown fit,kept,63.4,11.1,812.16,Corporate plan,PT-1795
APT-008761,2025-09-01,11:23,11,Dr. Chandra,Hygiene recall,kept,45.0,19.9,121.33,Corporate plan,PT-2913
APT-008741,2025-09-01,11:24,11,Dr. Chandra,Physio session,kept,39.5,18.2,92.0,Private,PT-1706
APT-008777,2025-09-01,11:24,11,"K. Duarte, PT",Root canal,kept,83.6,9.7,642.14,Private,PT-1241
APT-008735,2025-09-01,11:26,11,Dr. Benitez,Hygiene recall,kept,49.5,19.0,115.64,Insurance,PT-1219
APT-008727,2025-09-01,11:35,11,Dr. Benitez,Exam & imaging,kept,25.1,17.7,91.14,Insurance,PT-2802
APT-008772,2025-09-01,11:46,11,Dr. Almeida,Physio session,kept,45.5,11.9,113.08,Private,PT-1230
APT-008737,2025-09-01,11:48,11,Dr. Chandra,Physio assessment,kept,63.6,16.5,123.79,Corporate plan,PT-2929
APT-008736,2025-09-01,11:58,11,Dr. Benitez,Filling,kept,42.4,14.5,168.54,Insurance,PT-2155
APT-008764,2025-09-01,12:16,12,Dr. Benitez,Follow-up consult,kept,15.2,17.7,56.04,Insurance,PT-1328
APT-008769,2025-09-01,12:20,12,Dr. Chandra,Physio assessment,rescheduled,67.1,13.4,0.0,Insurance,PT-2978
APT-008756,2025-09-01,12:34,12,Dr. Benitez,Filling,kept,37.8,14.0,182.41,Insurance,PT-2136
APT-008738,2025-09-01,12:35,12,Dr. Benitez,Physio session,kept,40.3,13.3,126.05,Private,PT-2361
APT-008759,2025-09-01,13:32,13,"K. Duarte, PT",Hygiene recall,no_show,38.7,18.6,0.0,Corporate plan,PT-1137
APT-008755,2025-09-01,13:44,13,Dr. Benitez,Hygiene recall,kept,35.2,20.9,113.71,Corporate plan,PT-1653
APT-008775,2025-09-01,13:57,13,Dr. Benitez,Filling,kept,46.2,15.7,164.95,Corporate plan,PT-1530
APT-008731,2025-09-01,14:34,14,Dr. Almeida,Filling,rescheduled,48.1,23.3,0.0,Private,PT-1263
APT-008765,2025-09-01,14:35,14,"K. Duarte, PT",Exam & imaging,kept,20.9,15.7,59.44,Public scheme,PT-2766
APT-008753,2025-09-01,14:41,14,"K. Duarte, PT",Hygiene recall,kept,30.3,16.0,131.88,Private,PT-2262
APT-008733,2025-09-01,14:45,14,"K. Duarte, PT",Hygiene recall,kept,41.6,20.8,116.77,Insurance,PT-1677
APT-008750,2025-09-01,14:50,14,"K. Duarte, PT",Filling,kept,44.5,22.5,160.58,Corporate plan,PT-1705
APT-008771,2025-09-01,14:50,14,Dr. Almeida,Hygiene recall,kept,31.6,15.4,100.32,Insurance,PT-2953
APT-008763,2025-09-01,14:55,14,Dr. Benitez,Hygiene recall,kept,45.9,17.8,128.67,Insurance,PT-3141
APT-008726,2025-09-01,14:57,14,Dr. Benitez,Physio assessment,kept,65.4,16.3,117.37,Corporate plan,PT-2710
APT-008742,2025-09-01,15:00,15,Dr. Almeida,Exam & imaging,kept,19.7,15.3,81.71,Insurance,PT-2157
APT-008774,2025-09-01,15:05,15,Dr. Almeida,Filling,kept,44.9,18.5,195.26,Insurance,PT-2259
APT-008766,2025-09-01,15:33,15,Dr. Chandra,Hygiene recall,kept,35.0,14.9,109.49,Insurance,PT-1863
APT-008767,2025-09-01,15:35,15,Dr. Benitez,Crown fit,kept,70.9,22.3,533.84,Public scheme,PT-1504
APT-008732,2025-09-01,15:36,15,"K. Duarte, PT",Exam & imaging,kept,25.0,38.0,82.08,Corporate plan,PT-1336
APT-008748,2025-09-01,15:39,15,"K. Duarte, PT",Hygiene recall,kept,48.6,16.9,130.11,Private,PT-2139
APT-008749,2025-09-01,15:46,15,Dr. Almeida,Hygiene recall,rescheduled,38.1,17.0,0.0,Public scheme,PT-2804
APT-008729,2025-09-01,15:49,15,"K. Duarte, PT",Physio assessment,cancelled,59.6,16.4,16.92,Insurance,PT-1406
APT-008752,2025-09-01,15:50,15,Dr. Almeida,Root canal,kept,75.2,21.3,631.36,Private,PT-1349
APT-008751,2025-09-01,16:30,16,Dr. Benitez,Hygiene recall,kept,53.5,18.7,136.23,Insurance,PT-2246
APT-008747,2025-09-01,16:33,16,Dr. Chandra,Hygiene recall,no_show,39.7,16.5,0.0,Private,PT-1224
APT-008770,2025-09-01,16:38,16,Dr. Chandra,Filling,kept,44.7,26.6,230.08,Private,PT-1160
APT-008758,2025-09-01,16:43,16,"K. Duarte, PT",Physio assessment,kept,43.2,35.4,142.98,Insurance,PT-2147
APT-008745,2025-09-01,16:44,16,Dr. Benitez,Hygiene recall,kept,46.8,19.2,92.74,Public scheme,PT-2365
APT-008776,2025-09-01,16:44,16,Dr. Benitez,Physio session,kept,31.7,18.3,92.68,Insurance,PT-1325
APT-008739,2025-09-01,16:49,16,Dr. Chandra,Hygiene recall,rescheduled,46.8,19.2,0.0,Private,PT-1000
APT-008740,2025-09-01,17:29,17,"K. Duarte, PT",Exam & imaging,kept,12.6,22.1,81.66,Insurance,PT-1452
APT-008782,2025-09-02,08:26,8,Dr. Almeida,Physio session,kept,44.0,9.8,95.92,Insurance,PT-2936
APT-008812,2025-09-02,08:49,8,"K. Duarte, PT",Exam & imaging,rescheduled,26.8,21.0,0.0,Insurance,PT-1789
APT-008788,2025-09-02,08:50,8,Dr. Benitez,Physio assessment,kept,54.6,12.0,134.36,Insurance,PT-2842
APT-008805,2025-09-02,09:16,9,Dr. Almeida,Physio assessment,kept,58.3,10.7,149.68,Private,PT-1657
APT-008820,2025-09-02,09:20,9,"K. Duarte, PT",Exam & imaging,cancelled,20.4,12.0,9.73,Corporate plan,PT-2961
APT-008817,2025-09-02,09:23,9,Dr. Benitez,Exam & imaging,kept,28.8,16.0,75.06,Insurance,PT-1599
APT-008803,2025-09-02,09:39,9,Dr. Almeida,Root canal,cancelled,72.2,11.2,60.82,Insurance,PT-3198
APT-008787,2025-09-02,09:41,9,"M. Ellis, PT",Exam & imaging,cancelled,17.0,17.6,10.28,Insurance,PT-1262
APT-008818,2025-09-02,09:48,9,Dr. Benitez,Physio assessment,kept,51.1,11.6,168.87,Private,PT-2624
APT-008810,2025-09-02,09:57,9,Dr. Almeida,Physio session,kept,45.1,13.9,111.3,Private,PT-2780
APT-008780,2025-09-02,10:10,10,Dr. Almeida,Root canal,rescheduled,71.7,12.5,0.0,Insurance,PT-1125
APT-008790,2025-09-02,10:18,10,"M. Ellis, PT",Hygiene recall,kept,44.0,15.7,106.12,Corporate plan,PT-1985
APT-008794,2025-09-02,10:38,10,"M. Ellis, PT",Hygiene recall,cancelled,44.6,12.4,12.39,Corporate plan,PT-1137
APT-008823,2025-09-02,10:46,10,"K. Duarte, PT",Hygiene recall,kept,52.5,15.1,108.43,Insurance,PT-1176
APT-008783,2025-09-02,10:47,10,Dr. Benitez,Root canal,kept,74.3,22.2,590.79,Private,PT-1089
APT-008806,2025-09-02,11:07,11,"K. Duarte, PT",Exam & imaging,kept,29.7,12.9,69.98,Corporate plan,PT-1217
APT-008781,2025-09-02,11:11,11,"M. Ellis, PT",Follow-up consult,kept,11.4,10.8,70.54,Private,PT-2707
APT-008809,2025-09-02,11:12,11,Dr. Chandra,Hygiene recall,kept,53.0,13.5,109.81,Insurance,PT-1479
APT-008791,2025-09-02,11:16,11,Dr. Almeida,Hygiene recall,cancelled,41.6,10.2,15.25,Insurance,PT-2029
APT-008786,2025-09-02,11:25,11,"M. Ellis, PT",Physio session,kept,36.3,20.6,85.16,Corporate plan,PT-1613
APT-008779,2025-09-02,11:38,11,"K. Duarte, PT",Filling,no_show,52.8,24.7,0.0,Corporate plan,PT-2711
APT-008778,2025-09-02,11:45,11,"K. Duarte, PT",Hygiene recall,kept,42.3,12.3,116.37,Insurance,PT-2904
APT-008784,2025-09-02,11:51,11,Dr. Benitez,Exam & imaging,kept,23.6,21.9,61.45,Public scheme,PT-2030
APT-008792,2025-09-02,11:52,11,"K. Duarte, PT",Exam & imaging,kept,18.7,12.4,97.42,Private,PT-2811
APT-008816,2025-09-02,11:58,11,Dr. Benitez,Hygiene recall,rescheduled,46.4,12.4,0.0,Insurance,PT-1139
APT-008825,2025-09-02,12:00,12,Dr. Chandra,Physio session,kept,32.6,10.7,91.91,Insurance,PT-1965
APT-008802,2025-09-02,12:13,12,"K. Duarte, PT",Exam & imaging,kept,17.1,10.1,57.86,Public scheme,PT-2010
APT-008785,2025-09-02,12:21,12,Dr. Almeida,Hygiene recall,kept,50.1,10.1,127.43,Insurance,PT-1972
APT-008813,2025-09-02,12:45,12,Dr. Almeida,Filling,kept,55.0,10.0,204.13,Private,PT-2883
APT-008808,2025-09-02,13:21,13,"K. Duarte, PT",Hygiene recall,kept,47.8,22.3,144.02,Private,PT-1346
APT-008801,2025-09-02,14:20,14,Dr. Benitez,Physio session,kept,30.8,21.1,69.22,Public scheme,PT-3010
APT-008793,2025-09-02,14:28,14,Dr. Benitez,Filling,kept,43.6,18.9,231.03,Private,PT-1402
APT-008800,2025-09-02,14:59,14,Dr. Chandra,Follow-up consult,kept,16.6,23.5,60.6,Insurance,PT-1252
APT-008795,2025-09-02,15:05,15,Dr. Almeida,Physio assessment,kept,55.1,21.9,124.53,Corporate plan,PT-2944
APT-008798,2025-09-02,15:12,15,"K. Duarte, PT",Filling,kept,44.5,19.1,169.04,Corporate plan,PT-2130
APT-008811,2025-09-02,15:19,15,Dr. Almeida,Hygiene recall,no_show,49.9,23.0,0.0,Private,PT-1607
APT-008824,2025-09-02,15:34,15,Dr. Chandra,Hygiene recall,kept,41.9,19.2,110.26,Insurance,PT-2545
APT-008797,2025-09-02,15:41,15,Dr. Chandra,Hygiene recall,kept,43.5,21.4,123.19,Insurance,PT-1731
APT-008821,2025-09-02,16:04,16,"M. Ellis, PT",Filling,kept,43.1,18.3,134.66,Public scheme,PT-1383
APT-008807,2025-09-02,16:07,16,Dr. Almeida,Physio session,kept,46.6,20.7,102.55,Insurance,PT-1491
APT-008814,2025-09-02,16:07,16,Dr. Benitez,Hygiene recall,kept,61.6,31.1,128.52,Insurance,PT-1733
APT-008822,2025-09-02,16:38,16,"M. Ellis, PT",Crown fit,no_show,61.4,32.7,0.0,Private,PT-1606
APT-008819,2025-09-02,16:54,16,Dr. Chandra,Filling,kept,43.9,18.0,194.55,Insurance,PT-2339
APT-008789,2025-09-02,16:58,16,"M. Ellis, PT",Filling,kept,44.1,22.8,202.74,Private,PT-2325
APT-008804,2025-09-02,17:20,17,Dr. Almeida,Hygiene recall,kept,46.0,34.2,104.97,Corporate plan,PT-1543
APT-008815,2025-09-02,17:24,17,"K. Duarte, PT",Hygiene recall,kept,33.0,18.3,122.55,Insurance,PT-2229
APT-008796,2025-09-02,17:35,17,Dr. Chandra,Exam & imaging,kept,39.8,17.9,55.6,Public scheme,PT-1459
APT-008799,2025-09-02,17:50,17,"M. Ellis, PT",Root canal,kept,83.5,18.1,679.53,Private,PT-1560
APT-008862,2025-09-03,08:00,8,Dr. Almeida,Physio session,kept,30.1,15.0,71.14,Public scheme,PT-2183
APT-008873,2025-09-03,08:41,8,Dr. Faber,Exam & imaging,kept,36.9,19.4,103.7,Private,PT-1557
APT-008868,2025-09-03,08:52,8,Dr. Almeida,Filling,kept,55.1,15.8,154.13,Public scheme,PT-1862
APT-008869,2025-09-03,09:17,9,Dr. Benitez,Follow-up consult,kept,20.8,14.2,45.87,Public scheme,PT-2790
APT-008847,2025-09-03,09:21,9,"M. Ellis, PT",Hygiene recall,kept,52.2,16.7,110.59,Corporate plan,PT-2657
APT-008834,2025-09-03,09:22,9,"K. Duarte, PT",Filling,kept,56.6,26.2,197.58,Insurance,PT-1184
APT-008883,2025-09-03,09:49,9,Dr. Benitez,Hygiene recall,kept,37.3,12.0,121.81,Insurance,PT-2436
APT-008874,2025-09-03,09:50,9,"M. Ellis, PT",Physio session,kept,36.2,21.1,108.48,Private,PT-2581
APT-008846,2025-09-03,09:54,9,Dr. Almeida,Hygiene recall,cancelled,49.3,13.4,15.31,Private,PT-2868
APT-008863,2025-09-03,10:02,10,"M. Ellis, PT",Hygiene recall,kept,37.7,16.7,102.28,Corporate plan,PT-1580
APT-008871,2025-09-03,10:13,10,Dr. Faber,Filling,kept,51.9,21.8,207.66,Insurance,PT-2720
APT-008854,2025-09-03,10:21,10,Dr. Almeida,Hygiene recall,kept,42.1,16.1,112.22,Insurance,PT-3173
APT-008853,2025-09-03,10:25,10,"M. Ellis, PT",Exam & imaging,no_show,27.2,10.9,0.0,Insurance,PT-2239
APT-008855,2025-09-03,10:27,10,Dr. Almeida,Physio session,kept,45.0,11.5,104.8,Private,PT-1435
APT-008849,2025-09-03,10:28,10,Dr. Benitez,Filling,kept,47.9,12.1,204.17,Insurance,PT-1625
APT-008830,2025-09-03,10:29,10,"M. Ellis, PT",Physio assessment,kept,47.8,14.0,151.32,Private,PT-2229
APT-008865,2025-09-03,10:36,10,"M. Ellis, PT",Hygiene recall,kept,49.6,12.8,142.1,Private,PT-2115
APT-008838,2025-09-03,10:50,10,Dr. Benitez,Hygiene recall,kept,52.7,10.7,111.23,Insurance,PT-1604
APT-008877,2025-09-03,10:56,10,Dr. Benitez,Filling,kept,38.6,12.6,214.56,Private,PT-1011
APT-008881,2025-09-03,11:09,11,Dr. Benitez,Physio session,no_show,38.7,13.5,0.0,Private,PT-3000
APT-008833,2025-09-03,11:13,11,Dr. Benitez,Filling,rescheduled,36.0,10.9,0.0,Private,PT-2082
APT-008858,2025-09-03,11:20,11,Dr. Almeida,Filling,kept,38.5,11.6,179.92,Insurance,PT-2899
APT-008856,2025-09-03,11:35,11,"K. Duarte, PT",Hygiene recall,kept,56.1,17.9,120.73,Insurance,PT-2925
APT-008857,2025-09-03,11:38,11,Dr. Faber,Exam & imaging,kept,22.4,19.5,54.99,Public scheme,PT-2432
APT-008829,2025-09-03,11:52,11,"K. Duarte, PT",Hygiene recall,kept,57.8,10.9,134.8,Private,PT-2934
APT-008851,2025-09-03,11:53,11,Dr. Benitez,Physio session,kept,42.1,14.9,80.38,Insurance,PT-3191
APT-008831,2025-09-03,11:54,11,Dr. Almeida,Hygiene recall,cancelled,52.1,14.2,16.91,Private,PT-2536
APT-008861,2025-09-03,11:58,11,"K. Duarte, PT",Physio assessment,no_show,47.0,17.2,0.0,Private,PT-1481
APT-008872,2025-09-03,12:51,12,Dr. Almeida,Exam & imaging,kept,18.2,17.3,59.34,Public scheme,PT-2917
APT-008843,2025-09-03,13:11,13,Dr. Almeida,Exam & imaging,kept,18.0,21.2,73.56,Insurance,PT-1576
APT-008828,2025-09-03,13:34,13,Dr. Almeida,Physio session,kept,42.7,16.3,70.38,Corporate plan,PT-1431
APT-008876,2025-09-03,13:38,13,Dr. Almeida,Exam & imaging,kept,18.5,23.8,88.0,Insurance,PT-1731
APT-008840,2025-09-03,14:02,14,"K. Duarte, PT",Exam & imaging,kept,30.2,19.0,100.12,Private,PT-1778
APT-008839,2025-09-03,14:12,14,Dr. Almeida,Physio session,kept,43.2,21.2,100.47,Private,PT-2808
APT-008870,2025-09-03,14:12,14,Dr. Benitez,Exam & imaging,kept,36.9,19.2,78.94,Insurance,PT-1228
APT-008852,2025-09-03,14:14,14,"K. Duarte, PT",Exam & imaging,kept,35.1,24.5,72.65,Insurance,PT-3094
APT-008875,2025-09-03,14:29,14,Dr. Almeida,Exam & imaging,kept,20.2,20.3,97.6,Private,PT-1615
APT-008879,2025-09-03,14:30,14,Dr. Faber,Exam & imaging,kept,29.7,17.7,77.1,Insurance,PT-1283
APT-008848,2025-09-03,14:34,14,Dr. Benitez,Hygiene recall,kept,38.6,15.8,142.39,Private,PT-1238
APT-008860,2025-09-03,14:34,14,Dr. Faber,Hygiene recall,kept,49.8,24.2,111.75,Insurance,PT-2725
APT-008826,2025-09-03,14:37,14,Dr. Almeida,Hygiene recall,kept,49.5,19.7,141.37,Private,PT-1092
APT-008827,2025-09-03,15:02,15,"M. Ellis, PT",Physio session,kept,34.8,18.5,88.85,Insurance,PT-2034
APT-008867,2025-09-03,15:05,15,"M. Ellis, PT",Exam & imaging,kept,38.8,18.5,82.71,Insurance,PT-2757
APT-008859,2025-09-03,15:13,15,Dr. Almeida,Hygiene recall,kept,51.6,16.1,114.58,Insurance,PT-2567
APT-008836,2025-09-03,15:26,15,"K. Duarte, PT",Hygiene recall,kept,49.3,17.6,132.14,Private,PT-2941
APT-008832,2025-09-03,15:30,15,"K. Duarte, PT",Hygiene recall,kept,53.2,18.9,136.59,Private,PT-2552
APT-008878,2025-09-03,15:42,15,"K. Duarte, PT",Physio assessment,rescheduled,56.5,16.5,0.0,Private,PT-1552
APT-008842,2025-09-03,15:46,15,Dr. Almeida,Filling,kept,45.2,19.6,187.16,Insurance,PT-1838
APT-008844,2025-09-03,15:47,15,Dr. Faber,Hygiene recall,kept,56.0,17.2,102.81,Corporate plan,PT-2169
APT-008841,2025-09-03,15:54,15,"K. Duarte, PT",Filling,rescheduled,48.2,17.0,0.0,Insurance,PT-3138
APT-008884,2025-09-03,16:07,16,Dr. Faber,Hygiene recall,no_show,48.4,19.6,0.0,Insurance,PT-1549
APT-008837,2025-09-03,16:30,16,Dr. Benitez,Exam & imaging,kept,26.4,19.5,76.88,Insurance,PT-1048
APT-008845,2025-09-03,16:56,16,Dr. Benitez,Exam & imaging,kept,21.8,17.6,82.63,Insurance,PT-3142
APT-008850,2025-09-03,16:56,16,"M. Ellis, PT",Exam & imaging,kept,28.5,19.7,56.05,Public scheme,PT-3037
APT-008866,2025-09-03,17:05,17,Dr. Almeida,Physio session,kept,51.0,22.9,78.62,Insurance,PT-1140
APT-008882,2025-09-03,17:14,17,Dr. Faber,Physio session,kept,49.5,21.1,93.53,Insurance,PT-3025
APT-008835,2025-09-03,17:22,17,Dr. Almeida,Hygiene recall,kept,62.6,24.5,113.95,Insurance,PT-1639
APT-008880,2025-09-03,17:30,17,"M. Ellis, PT",Exam & imaging,cancelled,19.5,17.8,9.82,Insurance,PT-2776
APT-008864,2025-09-03,17:32,17,"M. Ellis, PT",Hygiene recall,kept,43.5,26.1,140.25,Private,PT-1032
APT-008927,2025-09-04,08:05,8,Dr. Chandra,Hygiene recall,cancelled,34.5,22.3,14.7,Insurance,PT-2834
APT-008901,2025-09-04,08:23,8,Dr. Benitez,Crown fit,kept,66.9,18.2,755.26,Insurance,PT-2277
APT-008922,2025-09-04,08:40,8,Dr. Almeida,Hygiene recall,kept,40.3,13.2,115.42,Insurance,PT-1323
APT-008885,2025-09-04,08:42,8,Dr. Almeida,Exam & imaging,kept,17.6,13.4,81.65,Insurance,PT-1751
APT-008888,2025-09-04,09:32,9,Dr. Almeida,Filling,kept,47.6,10.7,238.42,Private,PT-1009
APT-008931,2025-09-04,09:48,9,"M. Ellis, PT",Physio session,cancelled,49.7,12.7,9.38,Corporate plan,PT-1132
APT-008893,2025-09-04,10:03,10,Dr. Almeida,Root canal,kept,78.5,12.9,533.99,Insurance,PT-1966
APT-008897,2025-09-04,10:04,10,Dr. Faber,Hygiene recall,kept,49.0,11.9,81.9,Public scheme,PT-3108
APT-008923,2025-09-04,10:14,10,"M. Ellis, PT",Exam & imaging,kept,19.9,13.1,102.85,Private,PT-1975
APT-008896,2025-09-04,10:19,10,Dr. Almeida,Exam & imaging,kept,27.3,17.0,72.42,Insurance,PT-3034
APT-008928,2025-09-04,10:44,10,"M. Ellis, PT",Exam & imaging,kept,24.0,18.6,74.67,Insurance,PT-1435
APT-008907,2025-09-04,10:49,10,Dr. Almeida,Hygiene recall,kept,51.0,12.5,146.25,Private,PT-2502
APT-008920,2025-09-04,11:16,11,Dr. Chandra,Exam & imaging,kept,19.4,18.4,82.12,Insurance,PT-1932
APT-008911,2025-09-04,11:19,11,Dr. Faber,Hygiene recall,kept,42.4,10.5,135.07,Private,PT-1006
APT-008929,2025-09-04,11:21,11,Dr. Almeida,Hygiene recall,kept,40.0,12.8,101.84,Corporate plan,PT-1785
APT-008916,2025-09-04,11:25,11,Dr. Chandra,Filling,kept,45.9,10.0,231.77,Private,PT-2598
APT-008890,2025-09-04,11:35,11,Dr. Benitez,Root canal,kept,90.4,11.6,378.5,Public scheme,PT-2392
APT-008921,2025-09-04,11:35,11,Dr. Chandra,Hygiene recall,kept,42.7,16.6,124.29,Private,PT-1598
APT-008912,2025-09-04,11:38,11,Dr. Faber,Crown fit,kept,64.1,15.0,733.57,Corporate plan,PT-2329
APT-008903,2025-09-04,11:41,11,"K. Duarte, PT",Hygiene recall,no_show,49.7,12.1,0.0,Public scheme,PT-1790
APT-008889,2025-09-04,11:48,11,Dr. Chandra,Physio session,kept,31.9,15.3,92.29,Insurance,PT-3036
APT-008915,2025-09-04,11:48,11,"M. Ellis, PT",Hygiene recall,kept,33.2,14.1,111.51,Corporate plan,PT-2166
APT-008934,2025-09-04,11:50,11,"M. Ellis, PT",Exam & imaging,kept,27.0,11.6,65.54,Public scheme,PT-1061
APT-008914,2025-09-04,12:31,12,Dr. Almeida,Physio session,kept,35.5,12.1,116.04,Private,PT-1945
APT-008909,2025-09-04,12:41,12,Dr. Faber,Physio assessment,kept,56.7,12.1,143.03,Insurance,PT-2188
APT-008898,2025-09-04,12:47,12,"M. Ellis, PT",Filling,kept,40.7,14.0,242.94,Private,PT-2439
APT-008930,2025-09-04,13:53,13,"M. Ellis, PT",Hygiene recall,kept,43.6,16.7,117.47,Private,PT-1857
APT-008913,2025-09-04,13:56,13,"K. Duarte, PT",Physio assessment,kept,54.6,21.8,138.53,Private,PT-1772
APT-008899,2025-09-04,14:03,14,"K. Duarte, PT",Physio session,kept,32.0,16.7,113.09,Private,PT-2068
APT-008936,2025-09-04,14:07,14,Dr. Chandra,Crown fit,kept,60.1,19.5,705.37,Corporate plan,PT-1578
APT-008938,2025-09-04,14:10,14,Dr. Faber,Hygiene recall,kept,49.7,22.9,105.31,Insurance,PT-1863
APT-008887,2025-09-04,14:19,14,Dr. Almeida,Filling,no_show,46.9,17.6,0.0,Insurance,PT-1482
APT-008905,2025-09-04,14:19,14,"K. Duarte, PT",Filling,kept,52.3,17.6,168.47,Insurance,PT-1578
APT-008894,2025-09-04,14:21,14,Dr. Chandra,Exam & imaging,kept,21.6,21.1,77.4,Insurance,PT-2508
APT-008933,2025-09-04,14:24,14,"K. Duarte, PT",Physio session,kept,41.4,16.6,103.36,Private,PT-1884
APT-008891,2025-09-04,14:29,14,Dr. Almeida,Exam & imaging,kept,29.2,26.4,94.55,Private,PT-2819
APT-008918,2025-09-04,14:40,14,Dr. Almeida,Physio assessment,kept,55.0,20.7,141.47,Insurance,PT-2947
APT-008908,2025-09-04,14:44,14,"M. Ellis, PT",Exam & imaging,kept,31.3,23.4,72.33,Insurance,PT-2558
APT-008937,2025-09-04,14:45,14,Dr. Almeida,Root canal,kept,86.6,15.9,685.4,Private,PT-1211
APT-008939,2025-09-04,14:59,14,"M. Ellis, PT",Exam & imaging,kept,27.1,17.7,99.18,Private,PT-1316
APT-008910,2025-09-04,15:14,15,Dr. Almeida,Physio session,no_show,28.1,21.1,0.0,Private,PT-2062
APT-008926,2025-09-04,15:17,15,Dr. Benitez,Physio session,kept,40.4,22.4,63.25,Public scheme,PT-3128
APT-008906,2025-09-04,15:26,15,Dr. Benitez,Physio assessment,kept,57.9,17.6,159.42,Private,PT-1136
APT-008917,2025-09-04,15:34,15,"M. Ellis, PT",Physio assessment,kept,66.4,18.4,126.52,Insurance,PT-2709
APT-008935,2025-09-04,16:06,16,"M. Ellis, PT",Physio session,no_show,32.4,25.7,0.0,Private,PT-1412
APT-008895,2025-09-04,16:40,16,Dr. Benitez,Physio session,no_show,41.8,27.8,0.0,Private,PT-1587
APT-008892,2025-09-04,16:42,16,Dr. Chandra,Exam & imaging,kept,45.0,20.1,92.79,Private,PT-3051
APT-008924,2025-09-04,16:46,16,"M. Ellis, PT",Physio session,kept,44.3,16.2,58.38,Public scheme,PT-1799
APT-008932,2025-09-04,16:49,16,Dr. Benitez,Physio session,kept,39.3,28.0,99.04,Insurance,PT-1188
APT-008900,2025-09-04,16:50,16,Dr. Almeida,Physio assessment,kept,54.9,32.3,93.02,Public scheme,PT-2741
APT-008902,2025-09-04,16:57,16,Dr. Almeida,Hygiene recall,no_show,49.7,17.1,0.0,Private,PT-3043
APT-008925,2025-09-04,16:59,16,Dr. Chandra,Crown fit,kept,62.5,19.0,854.69,Private,PT-2993
APT-008904,2025-09-04,17:04,17,Dr. Faber,Hygiene recall,kept,68.7,21.0,88.19,Public scheme,PT-1406
APT-008919,2025-09-04,17:26,17,"K. Duarte, PT",Root canal,cancelled,89.3,17.6,84.18,Private,PT-2099
APT-008886,2025-09-04,17:33,17,Dr. Benitez,Physio assessment,kept,63.1,20.3,110.5,Insurance,PT-1272
APT-008965,2025-09-05,08:22,8,Dr. Benitez,Filling,no_show,38.5,11.5,0.0,Insurance,PT-2246
APT-008977,2025-09-05,08:58,8,Dr. Almeida,Root canal,kept,73.4,14.3,563.37,Insurance,PT-1084
APT-008976,2025-09-05,09:03,9,Dr. Benitez,Physio assessment,kept,41.3,13.1,124.69,Insurance,PT-1946
APT-008988,2025-09-05,09:20,9,"M. Ellis, PT",Physio session,kept,43.7,22.4,105.91,Private,PT-2080
APT-008966,2025-09-05,09:22,9,Dr. Chandra,Filling,rescheduled,48.3,12.8,0.0,Private,PT-1203
APT-008941,2025-09-05,09:24,9,"M. Ellis, PT",Physio session,kept,38.3,14.9,77.81,Corporate plan,PT-3008
APT-008984,2025-09-05,09:36,9,"M. Ellis, PT",Follow-up consult,kept,21.7,14.4,76.99,Private,PT-2477
APT-008978,2025-09-05,09:42,9,Dr. Almeida,Hygiene recall,kept,45.3,13.7,76.43,Public scheme,PT-2151
APT-008974,2025-09-05,09:46,9,Dr. Almeida,Hygiene recall,kept,57.9,11.5,124.41,Private,PT-2062
APT-008957,2025-09-05,09:52,9,Dr. Almeida,Hygiene recall,kept,43.4,15.9,140.0,Private,PT-2811
APT-008948,2025-09-05,09:53,9,Dr. Faber,Hygiene recall,kept,51.6,17.3,137.22,Private,PT-1409
APT-008947,2025-09-05,09:58,9,"M. Ellis, PT",Exam & imaging,kept,14.1,17.3,70.57,Insurance,PT-1359
APT-008952,2025-09-05,10:24,10,Dr. Almeida,Exam & imaging,kept,11.8,16.5,83.88,Insurance,PT-2453
APT-008949,2025-09-05,10:30,10,"M. Ellis, PT",Exam & imaging,cancelled,8.0,14.0,11.16,Private,PT-1695
APT-008959,2025-09-05,10:48,10,"K. Duarte, PT",Crown fit,kept,57.0,10.8,863.58,Private,PT-2446
APT-008986,2025-09-05,10:50,10,Dr. Almeida,Hygiene recall,kept,45.1,10.3,99.77,Corporate plan,PT-2512
APT-008987,2025-09-05,10:51,10,Dr. Chandra,Physio session,kept,14.4,23.3,71.54,Public scheme,PT-2824
APT-008981,2025-09-05,11:17,11,"K. Duarte, PT",Filling,kept,34.6,14.2,163.99,Insurance,PT-2678
APT-008990,2025-09-05,11:21,11,"M. Ellis, PT",Hygiene recall,kept,60.7,18.7,108.56,Corporate plan,PT-2458
APT-008944,2025-09-05,11:34,11,Dr. Benitez,Physio assessment,kept,53.8,15.7,98.18,Public scheme,PT-1860
APT-008954,2025-09-05,11:39,11,Dr. Benitez,Hygiene recall,kept,43.7,14.0,125.12,Private,PT-2159
APT-008975,2025-09-05,11:48,11,Dr. Almeida,Exam & imaging,kept,20.0,11.0,105.73,Private,PT-2346
APT-008971,2025-09-05,11:51,11,"K. Duarte, PT",Hygiene recall,kept,42.1,12.4,100.94,Corporate plan,PT-1756
APT-008946,2025-09-05,11:53,11,Dr. Almeida,Hygiene recall,kept,45.5,13.5,120.87,Insurance,PT-1311
APT-008943,2025-09-05,12:10,12,"K. Duarte, PT",Hygiene recall,kept,57.8,12.5,129.35,Insurance,PT-1047
APT-008989,2025-09-05,12:35,12,"M. Ellis, PT",Filling,cancelled,46.4,13.9,20.67,Insurance,PT-1757
APT-008958,2025-09-05,12:45,12,Dr. Benitez,Hygiene recall,kept,43.1,28.6,113.68,Insurance,PT-1567
APT-008960,2025-09-05,12:45,12,"K. Duarte, PT",Exam & imaging,kept,19.1,11.0,66.76,Public scheme,PT-2429
APT-008945,2025-09-05,12:51,12,"K. Duarte, PT",Filling,kept,55.3,13.9,198.65,Private,PT-2006
APT-008964,2025-09-05,13:19,13,Dr. Chandra,Hygiene recall,kept,43.9,18.1,132.75,Private,PT-2504
APT-008968,2025-09-05,13:50,13,Dr. Almeida,Exam & imaging,kept,19.1,28.7,76.05,Corporate plan,PT-2080
APT-008956,2025-09-05,13:54,13,Dr. Benitez,Filling,kept,42.1,27.4,175.24,Corporate plan,PT-1597
APT-008983,2025-09-05,14:23,14,"K. Duarte, PT",Hygiene recall,kept,45.1,18.0,117.7,Insurance,PT-2252
APT-008963,2025-09-05,14:26,14,"M. Ellis, PT",Filling,kept,35.3,17.6,157.13,Insurance,PT-1092
APT-008967,2025-09-05,14:40,14,"K. Duarte, PT",Exam & imaging,kept,32.2,18.1,84.77,Private,PT-1960
APT-008973,2025-09-05,14:55,14,Dr. Faber,Exam & imaging,kept,28.0,16.6,87.05,Insurance,PT-2737
APT-008940,2025-09-05,15:13,15,"K. Duarte, PT",Hygiene recall,no_show,43.1,20.5,0.0,Private,PT-1101
APT-008970,2025-09-05,15:17,15,Dr. Chandra,Hygiene recall,kept,48.2,19.3,110.23,Insurance,PT-2286
APT-008980,2025-09-05,15:23,15,Dr. Benitez,Hygiene recall,kept,36.3,16.3,146.91,Private,PT-1908
APT-008950,2025-09-05,15:30,15,"K. Duarte, PT",Exam & imaging,kept,16.2,20.7,79.59,Insurance,PT-1955
APT-008962,2025-09-05,15:42,15,Dr. Benitez,Physio session,kept,46.3,19.1,89.68,Insurance,PT-2340
APT-008961,2025-09-05,15:46,15,Dr. Almeida,Hygiene recall,kept,31.2,30.1,117.73,Insurance,PT-1318
APT-008955,2025-09-05,16:09,16,"K. Duarte, PT",Hygiene recall,kept,54.8,16.4,129.55,Private,PT-1216
APT-008942,2025-09-05,16:17,16,Dr. Chandra,Physio session,cancelled,34.0,19.4,9.83,Insurance,PT-1396
APT-008982,2025-09-05,16:18,16,Dr. Almeida,Crown fit,cancelled,71.1,16.2,79.82,Corporate plan,PT-1872
APT-008985,2025-09-05,16:20,16,Dr. Faber,Filling,kept,41.4,16.2,237.74,Private,PT-2355
APT-008953,2025-09-05,16:42,16,Dr. Faber,Physio assessment,kept,54.7,18.2,97.44,Public scheme,PT-1728
APT-008969,2025-09-05,16:43,16,Dr. Almeida,Hygiene recall,kept,55.6,18.9,119.9,Insurance,PT-2221
APT-008979,2025-09-05,16:44,16,"M. Ellis, PT",Exam & imaging,kept,20.4,16.6,92.38,Insurance,PT-2499
APT-008972,2025-09-05,16:54,16,"M. Ellis, PT",Exam & imaging,kept,24.1,16.5,91.53,Private,PT-2094
APT-008991,2025-09-05,17:37,17,Dr. Benitez,Hygiene recall,cancelled,44.0,16.9,12.77,Insurance,PT-3059
APT-008951,2025-09-05,17:40,17,Dr. Almeida,Hygiene recall,kept,35.2,22.0,121.27,Private,PT-2134
APT-008999,2025-09-06,09:24,9,"M. Ellis, PT",Root canal,cancelled,78.9,16.2,63.33,Corporate plan,PT-1937
APT-009011,2025-09-06,09:50,9,"K. Duarte, PT",Exam & imaging,kept,21.5,12.5,81.38,Insurance,PT-2918
APT-009007,2025-09-06,09:54,9,"K. Duarte, PT",Hygiene recall,kept,47.5,12.4,125.77,Insurance,PT-1945
APT-008995,2025-09-06,10:12,10,"K. Duarte, PT",Follow-up consult,kept,13.1,12.9,60.89,Insurance,PT-1895
APT-009001,2025-09-06,10:13,10,"K. Duarte, PT",Hygiene recall,kept,43.1,11.6,156.79,Private,PT-2077
APT-009015,2025-09-06,10:20,10,"M. Ellis, PT",Physio assessment,kept,59.3,13.5,155.82,Private,PT-1018
APT-009003,2025-09-06,10:23,10,"K. Duarte, PT",Exam & imaging,kept,22.6,12.6,75.4,Insurance,PT-2410
APT-008996,2025-09-06,10:39,10,"M. Ellis, PT",Crown fit,kept,58.0,13.4,912.04,Private,PT-1145
APT-009013,2025-09-06,10:58,10,"K. Duarte, PT",Hygiene recall,kept,40.6,11.3,119.94,Insurance,PT-1782
APT-008998,2025-09-06,11:10,11,"M. Ellis, PT",Exam & imaging,kept,29.9,22.8,88.1,Private,PT-1823
APT-008997,2025-09-06,11:37,11,"K. Duarte, PT",Physio session,kept,48.5,13.4,112.97,Private,PT-1026
APT-009009,2025-09-06,12:54,12,"K. Duarte, PT",Exam & imaging,cancelled,20.1,12.3,10.11,Insurance,PT-1634
APT-009012,2025-09-06,14:07,14,"M. Ellis, PT",Root canal,kept,77.6,16.2,410.61,Public scheme,PT-1791
APT-009006,2025-09-06,14:08,14,"K. Duarte, PT",Hygiene recall,kept,43.7,20.5,121.61,Private,PT-3040
APT-009000,2025-09-06,14:47,14,"M. Ellis, PT",Root canal,kept,86.6,19.2,525.21,Insurance,PT-1268
APT-009008,2025-09-06,14:59,14,"K. Duarte, PT",Exam & imaging,kept,20.2,15.2,87.18,Insurance,PT-1517
APT-009005,2025-09-06,15:18,15,"K. Duarte, PT",Physio assessment,kept,53.1,31.6,165.11,Private,PT-2302
APT-009002,2025-09-06,15:49,15,"K. Duarte, PT",Crown fit,kept,63.2,20.4,892.68,Private,PT-1015
APT-009010,2025-09-06,15:54,15,"K. Duarte, PT",Hygiene recall,kept,54.0,15.3,118.04,Insurance,PT-1085
APT-009014,2025-09-06,16:00,16,"M. Ellis, PT",Root canal,cancelled,84.3,20.3,48.29,Public scheme,PT-2902
APT-009004,2025-09-06,16:01,16,"M. Ellis, PT",Hygiene recall,kept,33.7,20.3,121.9,Insurance,PT-1662
APT-008994,2025-09-06,16:18,16,"M. Ellis, PT",Filling,kept,39.2,18.9,134.72,Public scheme,PT-2458
APT-009016,2025-09-06,16:35,16,"K. Duarte, PT",Hygiene recall,kept,43.5,23.3,117.32,Corporate plan,PT-1896
APT-008993,2025-09-06,17:12,17,"M. Ellis, PT",Exam & imaging,kept,29.1,17.5,80.16,Insurance,PT-1003
APT-008992,2025-09-06,17:55,17,"K. Duarte, PT",Physio assessment,kept,71.6,20.0,120.19,Insurance,PT-2128
APT-009024,2025-09-08,09:02,9,Dr. Benitez,Physio assessment,kept,52.5,14.9,163.18,Private,PT-1867
APT-009053,2025-09-08,09:35,9,Dr. Chandra,Physio session,kept,33.0,20.0,89.91,Insurance,PT-2074
APT-009067,2025-09-08,09:48,9,"K. Duarte, PT",Exam & imaging,kept,34.1,11.9,83.01,Insurance,PT-2144
APT-009035,2025-09-08,09:50,9,"K. Duarte, PT",Exam & imaging,no_show,33.1,20.2,0.0,Corporate plan,PT-2810
APT-009064,2025-09-08,09:51,9,Dr. Almeida,Exam & imaging,kept,40.0,13.6,98.4,Private,PT-2885
APT-009043,2025-09-08,09:55,9,"K. Duarte, PT",Filling,cancelled,52.2,27.2,24.2,Insurance,PT-2158
APT-009030,2025-09-08,10:03,10,Dr. Benitez,Exam & imaging,rescheduled,17.9,18.1,0.0,Insurance,PT-2124
APT-009040,2025-09-08,10:09,10,Dr. Chandra,Filling,no_show,49.2,14.1,0.0,Private,PT-1226
APT-009046,2025-09-08,10:10,10,"K. Duarte, PT",Hygiene recall,kept,35.9,17.6,144.62,Private,PT-1411
APT-009017,2025-09-08,10:12,10,Dr. Chandra,Exam & imaging,kept,17.4,11.4,97.36,Private,PT-1535
APT-009028,2025-09-08,10:25,10,"K. Duarte, PT",Exam & imaging,kept,22.4,12.0,78.92,Insurance,PT-1853
APT-009056,2025-09-08,10:30,10,Dr. Chandra,Physio session,rescheduled,45.9,11.5,0.0,Insurance,PT-1276
APT-009037,2025-09-08,10:33,10,"K. Duarte, PT",Physio session,kept,46.5,21.7,107.16,Private,PT-1136
APT-009031,2025-09-08,10:37,10,"K. Duarte, PT",Physio assessment,kept,47.9,18.0,106.42,Corporate plan,PT-2420
APT-009022,2025-09-08,10:38,10,"K. Duarte, PT",Physio assessment,kept,61.7,10.5,111.54,Corporate plan,PT-1665
APT-009054,2025-09-08,10:38,10,Dr. Benitez,Filling,kept,50.6,14.4,224.15,Private,PT-1428
APT-009052,2025-09-08,10:48,10,Dr. Chandra,Physio session,kept,43.5,21.7,86.44,Corporate plan,PT-1136
APT-009038,2025-09-08,11:04,11,Dr. Chandra,Root canal,no_show,78.3,19.0,0.0,Insurance,PT-2889
APT-009049,2025-09-08,11:13,11,"K. Duarte, PT",Physio session,kept,38.7,19.8,78.28,Insurance,PT-2657
APT-009018,2025-09-08,11:22,11,Dr. Chandra,Filling,kept,44.0,15.2,184.7,Insurance,PT-2442
APT-009051,2025-09-08,11:24,11,Dr. Almeida,Root canal,kept,96.6,12.3,718.2,Private,PT-1199
APT-009042,2025-09-08,11:25,11,Dr. Almeida,Crown fit,kept,67.7,13.4,666.84,Corporate plan,PT-2955
APT-009047,2025-09-08,11:37,11,"K. Duarte, PT",Physio assessment,kept,54.5,12.0,122.46,Corporate plan,PT-2834
APT-009059,2025-09-08,11:44,11,Dr. Chandra,Exam & imaging,cancelled,29.3,12.5,8.86,Insurance,PT-2116
APT-009060,2025-09-08,11:57,11,Dr. Benitez,Filling,kept,39.0,14.2,193.83,Private,PT-2196
APT-009062,2025-09-08,11:59,11,Dr. Benitez,Crown fit,no_show,70.9,12.7,0.0,Insurance,PT-1816
APT-009033,2025-09-08,12:21,12,Dr. Benitez,Physio assessment,kept,54.5,12.5,143.26,Private,PT-2554
APT-009066,2025-09-08,12:23,12,Dr. Almeida,Follow-up consult,kept,30.0,16.2,53.03,Corporate plan,PT-2131
APT-009048,2025-09-08,12:24,12,Dr. Almeida,Physio session,kept,38.4,12.3,110.48,Private,PT-1761
APT-009050,2025-09-08,12:52,12,Dr. Chandra,Hygiene recall,kept,40.5,15.7,107.18,Insurance,PT-2327
APT-009045,2025-09-08,14:00,14,Dr. Benitez,Hygiene recall,kept,40.9,24.8,119.31,Insurance,PT-2569
APT-009021,2025-09-08,14:03,14,"K. Duarte, PT",Exam & imaging,kept,22.4,35.7,72.83,Insurance,PT-2568
APT-009061,2025-09-08,14:28,14,Dr. Almeida,Hygiene recall,cancelled,43.0,19.6,14.84,Private,PT-1189
APT-009068,2025-09-08,14:46,14,Dr. Almeida,Physio session,kept,43.2,21.4,62.78,Public scheme,PT-2327
APT-009041,2025-09-08,14:50,14,Dr. Almeida,Hygiene recall,no_show,38.1,27.9,0.0,Private,PT-2140
APT-009058,2025-09-08,15:10,15,Dr. Benitez,Hygiene recall,kept,29.6,20.9,106.21,Insurance,PT-2104
APT-009027,2025-09-08,15:17,15,Dr. Chandra,Exam & imaging,cancelled,26.3,31.8,11.38,Private,PT-2790
APT-009069,2025-09-08,15:20,15,Dr. Almeida,Filling,kept,45.6,18.6,175.34,Insurance,PT-1650
APT-009039,2025-09-08,15:23,15,Dr. Chandra,Exam & imaging,kept,29.7,18.6,91.39,Private,PT-1385
APT-009023,2025-09-08,15:34,15,Dr. Benitez,Hygiene recall,kept,50.6,23.1,121.66,Insurance,PT-1558
APT-009029,2025-09-08,15:56,15,Dr. Chandra,Exam & imaging,kept,26.1,25.4,78.27,Corporate plan,PT-2449
APT-009032,2025-09-08,15:56,15,Dr. Chandra,Exam & imaging,kept,35.0,24.6,97.76,Private,PT-2951
APT-009044,2025-09-08,16:00,16,Dr. Almeida,Hygiene recall,kept,40.3,32.3,105.38,Insurance,PT-1398
APT-009020,2025-09-08,16:18,16,"K. Duarte, PT",Filling,kept,40.8,18.5,195.76,Insurance,PT-1417
APT-009065,2025-09-08,16:28,16,"K. Duarte, PT",Filling,kept,40.2,18.0,180.98,Insurance,PT-1880
APT-009026,2025-09-08,16:43,16,"K. Duarte, PT",Hygiene recall,kept,53.9,17.7,122.62,Insurance,PT-2715
APT-009063,2025-09-08,16:43,16,Dr. Chandra,Hygiene recall,kept,37.2,18.7,126.65,Insurance,PT-1963
APT-009055,2025-09-08,16:49,16,Dr. Benitez,Exam & imaging,kept,14.6,17.9,83.58,Corporate plan,PT-3185
APT-009019,2025-09-08,16:50,16,Dr. Benitez,Crown fit,kept,77.9,29.8,932.88,Private,PT-2639
APT-009036,2025-09-08,16:52,16,"K. Duarte, PT",Exam & imaging,cancelled,26.0,25.3,11.27,Private,PT-3031
APT-009034,2025-09-08,17:35,17,Dr. Chandra,Filling,kept,37.4,20.0,200.69,Insurance,PT-3132
APT-009057,2025-09-08,17:38,17,Dr. Chandra,Follow-up consult,cancelled,29.8,17.2,7.55,Insurance,PT-2781
APT-009025,2025-09-08,17:49,17,Dr. Chandra,Hygiene recall,cancelled,40.9,17.8,12.46,Corporate plan,PT-2021
APT-009114,2025-09-09,08:37,8,Dr. Benitez,Filling,rescheduled,42.9,18.3,0.0,Corporate plan,PT-2963
APT-009100,2025-09-09,09:02,9,"M. Ellis, PT",Physio session,kept,38.1,19.6,79.78,Corporate plan,PT-2508
APT-009122,2025-09-09,09:04,9,"M. Ellis, PT",Exam & imaging,kept,20.3,24.0,73.31,Insurance,PT-1797
APT-009112,2025-09-09,09:30,9,Dr. Chandra,Exam & imaging,kept,28.4,11.5,74.62,Insurance,PT-1098
APT-009085,2025-09-09,09:48,9,Dr. Almeida,Exam & imaging,kept,24.2,16.4,95.99,Private,PT-1324
APT-009086,2025-09-09,09:50,9,Dr. Benitez,Exam & imaging,kept,10.5,11.9,78.53,Insurance,PT-1464
APT-009119,2025-09-09,09:56,9,"K. Duarte, PT",Physio assessment,kept,64.8,12.9,145.58,Insurance,PT-1087
APT-009073,2025-09-09,09:57,9,Dr. Almeida,Physio session,kept,25.2,16.9,101.5,Private,PT-1753
APT-009120,2025-09-09,09:58,9,Dr. Almeida,Root canal,kept,85.7,11.1,440.26,Insurance,PT-2954
APT-009098,2025-09-09,10:03,10,"M. Ellis, PT",Exam & imaging,kept,22.2,13.1,81.02,Insurance,PT-2915
APT-009116,2025-09-09,10:06,10,Dr. Benitez,Hygiene recall,kept,37.5,14.8,115.96,Insurance,PT-1103
APT-009103,2025-09-09,10:14,10,"M. Ellis, PT",Filling,kept,50.1,15.9,170.71,Insurance,PT-2470
APT-009083,2025-09-09,10:17,10,"K. Duarte, PT",Exam & imaging,kept,14.6,20.5,76.26,Insurance,PT-1750
APT-009087,2025-09-09,10:26,10,Dr. Benitez,Physio session,kept,48.8,11.4,89.93,Insurance,PT-2279
APT-009110,2025-09-09,10:31,10,Dr. Almeida,Filling,kept,50.4,13.0,173.19,Insurance,PT-2613
APT-009126,2025-09-09,10:37,10,"M. Ellis, PT",Physio session,kept,41.2,15.7,105.65,Private,PT-3035
APT-009090,2025-09-09,10:51,10,Dr. Benitez,Hygiene recall,kept,37.7,11.3,131.68,Private,PT-2434
APT-009081,2025-09-09,10:56,10,"M. Ellis, PT",Root canal,kept,75.4,11.9,603.22,Insurance,PT-1653
APT-009078,2025-09-09,11:33,11,Dr. Almeida,Physio session,kept,43.6,17.4,88.68,Corporate plan,PT-1150
APT-009079,2025-09-09,11:33,11,Dr. Chandra,Filling,kept,32.5,17.6,204.78,Insurance,PT-1555
APT-009091,2025-09-09,11:35,11,"K. Duarte, PT",Crown fit,kept,62.7,10.8,684.45,Corporate plan,PT-2249
APT-009115,2025-09-09,11:35,11,Dr. Chandra,Exam & imaging,kept,17.9,26.4,63.41,Public scheme,PT-2680
APT-009074,2025-09-09,11:38,11,Dr. Benitez,Physio session,kept,41.8,12.2,116.38,Private,PT-2639
APT-009092,2025-09-09,11:39,11,Dr. Benitez,Hygiene recall,kept,54.7,13.6,125.24,Insurance,PT-1009
APT-009123,2025-09-09,11:39,11,"K. Duarte, PT",Exam & imaging,kept,17.3,18.2,80.28,Insurance,PT-1488
APT-009093,2025-09-09,11:40,11,Dr. Almeida,Follow-up consult,kept,15.9,13.5,74.2,Private,PT-2314
APT-009099,2025-09-09,11:54,11,Dr. Benitez,Physio session,kept,48.7,13.0,84.84,Insurance,PT-1371
APT-009108,2025-09-09,12:08,12,Dr. Benitez,Hygiene recall,kept,48.5,12.6,108.82,Insurance,PT-2956
APT-009102,2025-09-09,12:15,12,"K. Duarte, PT",Physio assessment,kept,56.3,11.9,136.76,Insurance,PT-1010
APT-009127,2025-09-09,12:37,12,Dr. Almeida,Hygiene recall,kept,40.0,12.0,73.78,Public scheme,PT-2362
APT-009121,2025-09-09,12:54,12,"K. Duarte, PT",Exam & imaging,kept,8.1,13.7,91.29,Insurance,PT-2708
APT-009095,2025-09-09,12:57,12,Dr. Chandra,Filling,kept,46.7,13.4,159.55,Insurance,PT-1081
APT-009077,2025-09-09,13:06,13,Dr. Benitez,Hygiene recall,kept,44.4,20.1,71.29,Public scheme,PT-2834
APT-009082,2025-09-09,13:11,13,Dr. Benitez,Filling,kept,46.0,17.8,197.13,Private,PT-1586
APT-009097,2025-09-09,13:35,13,Dr. Almeida,Filling,kept,36.5,26.0,179.81,Insurance,PT-1203
APT-009105,2025-09-09,13:42,13,"M. Ellis, PT",Exam & imaging,no_show,21.8,25.3,0.0,Insurance,PT-1370
APT-009088,2025-09-09,13:44,13,"K. Duarte, PT",Hygiene recall,kept,48.1,23.0,136.48,Insurance,PT-1269
APT-009125,2025-09-09,13:44,13,Dr. Chandra,Hygiene recall,kept,50.7,21.9,98.6,Public scheme,PT-1153
APT-009109,2025-09-09,14:14,14,Dr. Almeida,Hygiene recall,kept,44.1,25.1,79.47,Public scheme,PT-2757
APT-009117,2025-09-09,14:19,14,Dr. Almeida,Exam & imaging,kept,20.5,25.4,79.15,Insurance,PT-1293
APT-009124,2025-09-09,14:29,14,Dr. Chandra,Exam & imaging,kept,19.6,20.0,77.56,Insurance,PT-1103
APT-009084,2025-09-09,14:35,14,"M. Ellis, PT",Hygiene recall,kept,49.9,18.2,84.03,Public scheme,PT-2875
APT-009113,2025-09-09,14:49,14,Dr. Benitez,Exam & imaging,kept,23.9,21.7,90.37,Insurance,PT-3151
APT-009076,2025-09-09,14:56,14,"K. Duarte, PT",Exam & imaging,kept,40.1,16.2,101.02,Private,PT-2849
APT-009096,2025-09-09,15:37,15,Dr. Almeida,Exam & imaging,kept,21.9,21.6,71.83,Corporate plan,PT-1089
APT-009128,2025-09-09,15:39,15,Dr. Almeida,Physio session,no_show,39.4,26.6,0.0,Insurance,PT-2395
APT-009072,2025-09-09,15:47,15,Dr. Chandra,Hygiene recall,kept,49.9,16.3,113.05,Insurance,PT-1906
APT-009080,2025-09-09,15:50,15,Dr. Benitez,Filling,no_show,37.9,21.8,0.0,Insurance,PT-2837
APT-009106,2025-09-09,15:53,15,Dr. Benitez,Physio session,kept,27.7,19.6,99.9,Insurance,PT-1457
APT-009089,2025-09-09,15:59,15,"K. Duarte, PT",Hygiene recall,no_show,53.7,27.4,0.0,Corporate plan,PT-2983
APT-009094,2025-09-09,16:30,16,"M. Ellis, PT",Root canal,kept,63.9,16.6,625.9,Private,PT-1329
APT-009071,2025-09-09,16:52,16,"K. Duarte, PT",Physio session,no_show,43.5,16.9,0.0,Private,PT-2881
APT-009118,2025-09-09,17:02,17,"M. Ellis, PT",Physio assessment,kept,62.6,19.0,118.39,Corporate plan,PT-2154
APT-009107,2025-09-09,17:06,17,Dr. Almeida,Physio assessment,cancelled,57.7,18.1,18.78,Private,PT-3072
APT-009075,2025-09-09,17:17,17,Dr. Almeida,Exam & imaging,kept,26.8,18.5,79.15,Insurance,PT-3079
APT-009101,2025-09-09,17:21,17,Dr. Benitez,Exam & imaging,kept,36.1,20.0,86.88,Insurance,PT-1581
APT-009070,2025-09-09,17:29,17,"K. Duarte, PT",Hygiene recall,kept,47.8,19.2,145.31,Private,PT-1760
APT-009111,2025-09-09,17:47,17,Dr. Almeida,Exam & imaging,kept,28.2,20.1,93.81,Private,PT-2070
APT-009104,2025-09-09,17:58,17,"K. Duarte, PT",Hygiene recall,kept,42.2,35.1,102.15,Corporate plan,PT-1185
APT-009139,2025-09-10,08:06,8,"K. Duarte, PT",Physio session,no_show,23.5,18.7,0.0,Corporate plan,PT-2354
APT-009143,2025-09-10,08:17,8,Dr. Almeida,Physio session,kept,48.5,14.6,87.31,Insurance,PT-1028
APT-009141,2025-09-10,08:25,8,Dr. Benitez,Physio session,kept,26.7,13.3,94.66,Private,PT-2314
APT-009154,2025-09-10,08:40,8,Dr. Benitez,Root canal,kept,95.0,13.5,646.12,Private,PT-2156
APT-009165,2025-09-10,09:06,9,"K. Duarte, PT",Exam & imaging,kept,15.8,15.3,75.47,Insurance,PT-3162
APT-009170,2025-09-10,09:06,9,"K. Duarte, PT",Physio assessment,kept,50.0,16.8,134.66,Corporate plan,PT-2946
APT-009172,2025-09-10,09:17,9,"K. Duarte, PT",Hygiene recall,kept,49.7,16.8,138.65,Private,PT-2986
APT-009148,2025-09-10,09:49,9,"M. Ellis, PT",Follow-up consult,no_show,32.5,11.3,0.0,Private,PT-2943
APT-009134,2025-09-10,09:53,9,Dr. Benitez,Hygiene recall,kept,43.5,12.7,104.13,Corporate plan,PT-2541
APT-009179,2025-09-10,09:56,9,"M. Ellis, PT",Physio session,kept,47.0,20.0,78.7,Insurance,PT-1237
APT-009132,2025-09-10,09:58,9,Dr. Benitez,Hygiene recall,cancelled,53.6,17.2,13.62,Corporate plan,PT-1969
APT-009158,2025-09-10,10:00,10,"M. Ellis, PT",Exam & imaging,kept,22.3,15.1,58.1,Public scheme,PT-2667
APT-009166,2025-09-10,10:35,10,"M. Ellis, PT",Hygiene recall,kept,48.7,12.0,72.89,Public scheme,PT-2573
APT-009183,2025-09-10,10:37,10,"K. Duarte, PT",Filling,no_show,36.3,14.2,0.0,Private,PT-2717
APT-009155,2025-09-10,10:56,10,Dr. Benitez,Filling,kept,61.6,25.1,211.61,Insurance,PT-2870
APT-009161,2025-09-10,10:56,10,"K. Duarte, PT",Hygiene recall,kept,34.9,21.6,136.13,Private,PT-2953
APT-009146,2025-09-10,11:01,11,Dr. Almeida,Hygiene recall,kept,43.3,22.2,122.99,Insurance,PT-1010
APT-009169,2025-09-10,11:08,11,"K. Duarte, PT",Exam & imaging,kept,26.7,16.9,86.71,Insurance,PT-1358
APT-009180,2025-09-10,11:23,11,Dr. Benitez,Physio session,kept,41.0,12.5,84.39,Insurance,PT-1415
APT-009137,2025-09-10,11:44,11,Dr. Almeida,Hygiene recall,kept,38.6,19.6,130.19,Insurance,PT-2783
APT-009156,2025-09-10,11:48,11,Dr. Faber,Exam & imaging,kept,32.5,14.6,89.66,Insurance,PT-1103
APT-009164,2025-09-10,11:56,11,Dr. Benitez,Hygiene recall,kept,42.2,26.4,100.95,Corporate plan,PT-3140
APT-009149,2025-09-10,12:07,12,Dr. Almeida,Root canal,kept,80.6,14.7,520.01,Corporate plan,PT-1247
APT-009162,2025-09-10,12:16,12,"M. Ellis, PT",Physio assessment,rescheduled,53.8,18.2,0.0,Corporate plan,PT-1988
APT-009150,2025-09-10,12:32,12,Dr. Benitez,Hygiene recall,kept,49.6,16.7,136.36,Private,PT-1239
APT-009171,2025-09-10,12:37,12,Dr. Benitez,Physio session,kept,39.4,13.7,106.41,Private,PT-1071
APT-009159,2025-09-10,12:43,12,Dr. Benitez,Exam & imaging,kept,17.2,13.1,104.87,Private,PT-3160
APT-009131,2025-09-10,12:57,12,Dr. Faber,Filling,kept,45.6,13.2,166.68,Corporate plan,PT-1323
APT-009138,2025-09-10,13:10,13,Dr. Almeida,Exam & imaging,kept,25.6,22.7,70.99,Insurance,PT-1198
APT-009157,2025-09-10,13:54,13,Dr. Almeida,Physio session,kept,44.9,17.7,99.71,Insurance,PT-2378
APT-009175,2025-09-10,14:05,14,"K. Duarte, PT",Filling,kept,58.3,26.6,209.18,Insurance,PT-2910
APT-009136,2025-09-10,14:06,14,Dr. Faber,Physio session,kept,38.6,20.1,110.29,Private,PT-1362
APT-009163,2025-09-10,14:06,14,Dr. Faber,Physio assessment,cancelled,51.4,19.5,15.41,Insurance,PT-2493
APT-009173,2025-09-10,14:26,14,Dr. Almeida,Filling,cancelled,52.3,19.7,21.04,Insurance,PT-2980
APT-009135,2025-09-10,14:44,14,"K. Duarte, PT",Exam & imaging,kept,29.4,19.1,96.7,Private,PT-1095
APT-009153,2025-09-10,14:51,14,"K. Duarte, PT",Hygiene recall,kept,41.1,18.5,115.31,Insurance,PT-2507
APT-009140,2025-09-10,15:07,15,"M. Ellis, PT",Physio session,kept,38.3,25.5,71.15,Public scheme,PT-1770
APT-009133,2025-09-10,15:21,15,"K. Duarte, PT",Physio session,kept,38.4,16.4,86.89,Insurance,PT-2210
APT-009176,2025-09-10,15:21,15,"K. Duarte, PT",Root canal,kept,86.7,21.7,391.12,Public scheme,PT-1723
APT-009160,2025-09-10,15:27,15,Dr. Almeida,Hygiene recall,kept,47.3,27.8,101.07,Insurance,PT-2787
APT-009130,2025-09-10,15:39,15,Dr. Almeida,Exam & imaging,kept,29.7,19.5,76.44,Corporate plan,PT-1673
APT-009152,2025-09-10,15:44,15,"M. Ellis, PT",Filling,no_show,49.4,21.1,0.0,Public scheme,PT-2597
APT-009174,2025-09-10,16:00,16,"K. Duarte, PT",Exam & imaging,cancelled,33.9,24.6,10.15,Insurance,PT-1817
APT-009144,2025-09-10,16:10,16,Dr. Almeida,Filling,kept,44.5,17.1,212.64,Private,PT-1729
APT-009142,2025-09-10,16:12,16,"M. Ellis, PT",Hygiene recall,kept,43.7,21.8,80.75,Public scheme,PT-1056
APT-009178,2025-09-10,16:20,16,"M. Ellis, PT",Hygiene recall,no_show,45.9,19.5,0.0,Private,PT-2619
APT-009177,2025-09-10,16:28,16,Dr. Benitez,Exam & imaging,rescheduled,24.6,21.3,0.0,Corporate plan,PT-1725
APT-009181,2025-09-10,16:33,16,"M. Ellis, PT",Hygiene recall,kept,55.4,25.2,119.61,Insurance,PT-1192
APT-009145,2025-09-10,16:43,16,Dr. Benitez,Hygiene recall,rescheduled,48.5,20.3,0.0,Private,PT-2831
APT-009147,2025-09-10,16:45,16,Dr. Benitez,Hygiene recall,kept,53.3,19.8,138.46,Insurance,PT-3005
APT-009168,2025-09-10,16:45,16,"K. Duarte, PT",Exam & imaging,kept,17.5,25.2,87.76,Insurance,PT-1526
APT-009167,2025-09-10,17:23,17,"K. Duarte, PT",Hygiene recall,kept,40.1,20.2,123.77,Insurance,PT-1716
APT-009182,2025-09-10,17:23,17,"M. Ellis, PT",Hygiene recall,kept,37.4,22.2,113.81,Insurance,PT-2596
APT-009129,2025-09-10,17:25,17,"K. Duarte, PT",Hygiene recall,cancelled,36.5,26.2,15.69,Private,PT-2540
APT-009151,2025-09-10,17:41,17,"M. Ellis, PT",Exam & imaging,kept,24.6,28.2,84.6,Insurance,PT-2100
APT-009228,2025-09-11,08:00,8,Dr. Faber,Hygiene recall,kept,37.7,14.9,133.42,Private,PT-2717
APT-009206,2025-09-11,08:05,8,Dr. Almeida,Exam & imaging,kept,26.5,20.7,81.65,Corporate plan,PT-1353
APT-009209,2025-09-11,09:08,9,Dr. Benitez,Hygiene recall,kept,40.1,12.7,104.46,Private,PT-1599
APT-009188,2025-09-11,09:22,9,"K. Duarte, PT",Hygiene recall,kept,51.1,19.2,137.09,Private,PT-1807
APT-009212,2025-09-11,09:24,9,Dr. Chandra,Exam & imaging,kept,22.3,14.7,71.12,Corporate plan,PT-2550
APT-009195,2025-09-11,09:41,9,Dr. Benitez,Filling,kept,47.9,14.2,158.43,Corporate plan,PT-1875
APT-009219,2025-09-11,09:57,9,Dr. Faber,Hygiene recall,rescheduled,46.4,17.0,0.0,Private,PT-1756
APT-009201,2025-09-11,10:01,10,"M. Ellis, PT",Physio session,kept,32.2,15.4,101.43,Private,PT-2252
APT-009205,2025-09-11,10:01,10,"K. Duarte, PT",Physio session,kept,42.5,12.3,102.61,Private,PT-1752
APT-009207,2025-09-11,10:19,10,Dr. Benitez,Filling,kept,32.5,11.7,198.38,Private,PT-1948
APT-009208,2025-09-11,10:19,10,Dr. Almeida,Root canal,kept,92.7,36.5,390.42,Public scheme,PT-2585
APT-009190,2025-09-11,10:29,10,Dr. Chandra,Physio session,kept,44.4,14.7,94.49,Insurance,PT-2321
APT-009211,2025-09-11,10:34,10,Dr. Almeida,Physio assessment,kept,54.8,16.2,122.04,Corporate plan,PT-1421
APT-009187,2025-09-11,10:38,10,Dr. Almeida,Hygiene recall,kept,58.8,19.6,94.42,Corporate plan,PT-1702
APT-009220,2025-09-11,10:39,10,"M. Ellis, PT",Physio session,kept,46.1,12.4,77.09,Corporate plan,PT-1043
APT-009221,2025-09-11,10:40,10,Dr. Almeida,Hygiene recall,kept,47.9,12.6,144.53,Private,PT-2407
APT-009224,2025-09-11,10:43,10,Dr. Almeida,Physio assessment,kept,43.2,15.5,143.76,Private,PT-1930
APT-009189,2025-09-11,10:54,10,"M. Ellis, PT",Exam & imaging,cancelled,26.1,12.3,9.63,Insurance,PT-2089
APT-009217,2025-09-11,11:01,11,"K. Duarte, PT",Hygiene recall,no_show,43.1,18.9,0.0,Insurance,PT-2474
APT-009226,2025-09-11,11:15,11,Dr. Almeida,Exam & imaging,kept,33.0,25.7,73.99,Insurance,PT-3105
APT-009213,2025-09-11,11:19,11,"M. Ellis, PT",Exam & imaging,kept,13.9,15.7,69.81,Insurance,PT-2715
APT-009194,2025-09-11,11:26,11,"M. Ellis, PT",Exam & imaging,kept,26.5,16.8,80.43,Private,PT-2949
APT-009227,2025-09-11,11:39,11,Dr. Faber,Filling,kept,41.5,13.2,216.56,Private,PT-2588
APT-009230,2025-09-11,11:51,11,Dr. Faber,Physio assessment,kept,54.3,14.6,138.71,Insurance,PT-2163
APT-009196,2025-09-11,12:22,12,"M. Ellis, PT",Hygiene recall,kept,49.1,18.4,130.89,Private,PT-2737
APT-009222,2025-09-11,13:15,13,Dr. Almeida,Physio assessment,rescheduled,57.9,22.3,0.0,Private,PT-1510
APT-009214,2025-09-11,13:22,13,"K. Duarte, PT",Exam & imaging,rescheduled,30.3,17.1,0.0,Public scheme,PT-3083
APT-009218,2025-09-11,14:02,14,Dr. Benitez,Physio session,kept,25.3,26.4,115.82,Private,PT-1333
APT-009200,2025-09-11,14:08,14,"K. Duarte, PT",Filling,kept,37.6,20.1,136.98,Public scheme,PT-1214
APT-009215,2025-09-11,14:09,14,Dr. Chandra,Exam & imaging,kept,24.8,21.6,75.05,Insurance,PT-2887
APT-009186,2025-09-11,14:26,14,Dr. Almeida,Crown fit,rescheduled,66.0,18.0,0.0,Insurance,PT-2864
APT-009198,2025-09-11,14:29,14,"M. Ellis, PT",Physio assessment,kept,48.2,17.5,153.77,Private,PT-1670
APT-009210,2025-09-11,14:42,14,Dr. Faber,Hygiene recall,rescheduled,48.7,19.7,0.0,Private,PT-2100
APT-009191,2025-09-11,15:12,15,Dr. Almeida,Filling,kept,38.3,19.4,172.53,Corporate plan,PT-1842
APT-009204,2025-09-11,15:24,15,Dr. Almeida,Filling,kept,50.8,21.3,155.79,Corporate plan,PT-1322
APT-009225,2025-09-11,15:30,15,Dr. Almeida,Physio session,kept,41.0,21.1,82.91,Insurance,PT-1650
APT-009202,2025-09-11,15:32,15,"M. Ellis, PT",Physio assessment,kept,60.2,19.6,141.12,Private,PT-1615
APT-009229,2025-09-11,15:47,15,Dr. Chandra,Crown fit,rescheduled,62.9,19.0,0.0,Insurance,PT-1122
APT-009197,2025-09-11,16:15,16,"K. Duarte, PT",Physio session,no_show,40.7,19.5,0.0,Private,PT-2225
APT-009223,2025-09-11,16:19,16,Dr. Faber,Exam & imaging,rescheduled,35.7,26.4,0.0,Corporate plan,PT-1853
APT-009203,2025-09-11,16:31,16,Dr. Faber,Physio assessment,kept,60.0,22.8,142.28,Corporate plan,PT-2470
APT-009199,2025-09-11,16:33,16,Dr. Chandra,Filling,kept,48.8,16.5,181.63,Insurance,PT-2078
APT-009216,2025-09-11,16:43,16,Dr. Almeida,Exam & imaging,cancelled,30.3,17.1,12.44,Private,PT-1937
APT-009192,2025-09-11,16:50,16,"K. Duarte, PT",Crown fit,kept,74.8,20.9,744.44,Insurance,PT-2455
APT-009231,2025-09-11,16:58,16,"K. Duarte, PT",Filling,kept,47.2,25.3,195.46,Insurance,PT-1773
APT-009185,2025-09-11,17:40,17,Dr. Almeida,Root canal,rescheduled,75.6,18.2,0.0,Insurance,PT-1383
APT-009193,2025-09-11,17:40,17,Dr. Chandra,Physio assessment,cancelled,58.2,17.5,17.74,Insurance,PT-2039
APT-009184,2025-09-11,17:50,17,"M. Ellis, PT",Filling,cancelled,44.5,22.3,25.82,Private,PT-1492
APT-009258,2025-09-12,08:03,8,"M. Ellis, PT",Physio session,kept,46.9,12.1,115.97,Private,PT-1267
APT-009247,2025-09-12,08:28,8,Dr. Almeida,Hygiene recall,kept,48.5,15.8,143.9,Private,PT-2303
APT-009237,2025-09-12,09:01,9,Dr. Faber,Follow-up consult,no_show,21.3,15.9,0.0,Private,PT-2090
APT-009264,2025-09-12,09:01,9,"K. Duarte, PT",Filling,kept,48.8,13.8,193.12,Insurance,PT-1109
APT-009266,2025-09-12,09:26,9,"M. Ellis, PT",Physio session,kept,40.3,12.0,75.41,Corporate plan,PT-1347
APT-009248,2025-09-12,09:28,9,Dr. Benitez,Hygiene recall,kept,48.9,12.7,145.82,Private,PT-2094
APT-009261,2025-09-12,09:31,9,Dr. Chandra,Hygiene recall,kept,42.5,20.8,103.04,Insurance,PT-3011
APT-009256,2025-09-12,09:38,9,Dr. Faber,Physio assessment,kept,45.2,14.7,134.22,Private,PT-2274
APT-009267,2025-09-12,09:57,9,"K. Duarte, PT",Hygiene recall,kept,47.7,15.4,118.35,Insurance,PT-1035
APT-009232,2025-09-12,10:04,10,Dr. Benitez,Hygiene recall,kept,49.2,12.4,110.18,Insurance,PT-1605
APT-009252,2025-09-12,10:10,10,Dr. Benitez,Filling,no_show,31.6,16.5,0.0,Private,PT-2684
APT-009263,2025-09-12,10:13,10,Dr. Chandra,Hygiene recall,kept,46.7,12.9,97.01,Corporate plan,PT-2595
APT-009246,2025-09-12,10:36,10,Dr. Chandra,Hygiene recall,no_show,45.5,10.8,0.0,Private,PT-2792
APT-009233,2025-09-12,11:00,11,Dr. Chandra,Hygiene recall,kept,48.3,18.9,122.21,Private,PT-2046
APT-009239,2025-09-12,11:43,11,Dr. Benitez,Hygiene recall,kept,38.6,15.0,130.74,Private,PT-2237
APT-009243,2025-09-12,11:46,11,Dr. Benitez,Physio session,kept,36.4,15.5,89.67,Insurance,PT-3027
APT-009257,2025-09-12,11:47,11,"K. Duarte, PT",Physio assessment,kept,70.6,11.9,115.68,Insurance,PT-1890
APT-009240,2025-09-12,12:00,12,Dr. Benitez,Hygiene recall,rescheduled,54.1,13.9,0.0,Private,PT-1752
APT-009241,2025-09-12,12:01,12,"M. Ellis, PT",Physio session,kept,35.2,14.0,92.56,Private,PT-2614
APT-009238,2025-09-12,12:09,12,"M. Ellis, PT",Filling,kept,43.6,18.5,247.2,Private,PT-1319
APT-009260,2025-09-12,12:21,12,"K. Duarte, PT",Hygiene recall,cancelled,31.0,21.7,9.41,Public scheme,PT-1586
APT-009234,2025-09-12,12:58,12,Dr. Chandra,Physio session,kept,41.7,16.0,84.47,Insurance,PT-3053
APT-009265,2025-09-12,13:42,13,Dr. Almeida,Exam & imaging,kept,20.2,26.2,81.56,Corporate plan,PT-2040
APT-009262,2025-09-12,13:52,13,Dr. Almeida,Physio assessment,kept,56.3,23.2,129.68,Insurance,PT-1721
APT-009251,2025-09-12,13:55,13,Dr. Almeida,Physio session,kept,38.8,21.0,108.77,Private,PT-2737
APT-009245,2025-09-12,14:14,14,Dr. Almeida,Filling,kept,60.5,17.3,192.21,Insurance,PT-2242
APT-009254,2025-09-12,14:21,14,Dr. Benitez,Physio assessment,kept,57.3,16.8,179.96,Private,PT-2609
APT-009255,2025-09-12,14:46,14,Dr. Chandra,Hygiene recall,kept,51.3,19.3,127.3,Private,PT-2971
APT-009249,2025-09-12,14:56,14,Dr. Almeida,Filling,kept,43.2,19.5,190.01,Insurance,PT-2780
APT-009253,2025-09-12,15:11,15,Dr. Chandra,Physio assessment,kept,67.3,24.7,157.5,Private,PT-2534
APT-009259,2025-09-12,15:13,15,"M. Ellis, PT",Follow-up consult,kept,13.3,20.3,68.38,Private,PT-2700
APT-009236,2025-09-12,15:49,15,Dr. Chandra,Hygiene recall,kept,49.1,32.3,113.2,Corporate plan,PT-2324
APT-009250,2025-09-12,16:08,16,"K. Duarte, PT",Physio session,cancelled,41.4,20.0,10.99,Insurance,PT-2973
APT-009244,2025-09-12,16:24,16,Dr. Chandra,Exam & imaging,kept,27.6,21.6,90.27,Private,PT-1251
APT-009235,2025-09-12,16:54,16,Dr. Chandra,Exam & imaging,kept,33.4,20.3,51.17,Public scheme,PT-1776
APT-009268,2025-09-12,17:27,17,"M. Ellis, PT",Filling,no_show,56.2,18.9,0.0,Insurance,PT-2537
APT-009242,2025-09-12,17:35,17,Dr. Almeida,Hygiene recall,cancelled,43.5,28.0,14.88,Private,PT-1884
APT-009283,2025-09-13,09:04,9,"M. Ellis, PT",Physio assessment,kept,55.7,12.9,150.01,Insurance,PT-1685
APT-009277,2025-09-13,09:16,9,"K. Duarte, PT",Root canal,kept,83.4,18.9,533.35,Private,PT-2459
APT-009274,2025-09-13,09:45,9,"K. Duarte, PT",Root canal,kept,90.6,15.2,569.37,Insurance,PT-1957
APT-009291,2025-09-13,09:57,9,"K. Duarte, PT",Exam & imaging,kept,23.0,12.7,94.83,Insurance,PT-2044
APT-009293,2025-09-13,10:18,10,"M. Ellis, PT",Exam & imaging,kept,22.0,13.1,64.04,Insurance,PT-2587
APT-009270,2025-09-13,11:03,11,"K. Duarte, PT",Hygiene recall,kept,43.1,18.0,130.53,Insurance,PT-2463
APT-009288,2025-09-13,11:07,11,"M. Ellis, PT",Exam & imaging,kept,23.2,13.4,101.29,Private,PT-2371
APT-009279,2025-09-13,11:10,11,"M. Ellis, PT",Exam & imaging,kept,30.9,12.9,101.14,Private,PT-2926
APT-009271,2025-09-13,11:16,11,"K. Duarte, PT",Filling,kept,39.0,12.9,145.33,Corporate plan,PT-1698
APT-009290,2025-09-13,11:34,11,"M. Ellis, PT",Hygiene recall,kept,54.6,12.2,110.3,Insurance,PT-1675
APT-009273,2025-09-13,12:03,12,"K. Duarte, PT",Hygiene recall,kept,49.1,15.1,120.9,Insurance,PT-2253
APT-009269,2025-09-13,12:05,12,"K. Duarte, PT",Hygiene recall,kept,42.5,15.6,134.91,Private,PT-2167
APT-009285,2025-09-13,12:15,12,"M. Ellis, PT",Follow-up consult,kept,20.7,15.1,49.39,Corporate plan,PT-2092
APT-009296,2025-09-13,12:27,12,"K. Duarte, PT",Filling,cancelled,35.3,12.8,15.0,Public scheme,PT-2813
APT-009281,2025-09-13,12:54,12,"M. Ellis, PT",Hygiene recall,kept,46.1,24.8,114.98,Corporate plan,PT-1568
APT-009286,2025-09-13,14:12,14,"M. Ellis, PT",Exam & imaging,kept,35.6,22.2,109.38,Private,PT-2343
APT-009284,2025-09-13,14:21,14,"K. Duarte, PT",Filling,kept,52.4,17.8,162.8,Corporate plan,PT-2635
APT-009294,2025-09-13,15:12,15,"K. Duarte, PT",Exam & imaging,kept,37.3,17.1,58.64,Public scheme,PT-1934
APT-009280,2025-09-13,15:24,15,"M. Ellis, PT",Exam & imaging,kept,23.8,19.6,71.36,Corporate plan,PT-1464
APT-009282,2025-09-13,15:42,15,"K. Duarte, PT",Exam & imaging,kept,26.8,23.4,79.43,Insurance,PT-2955
APT-009292,2025-09-13,15:46,15,"M. Ellis, PT",Physio assessment,cancelled,55.4,17.2,16.15,Insurance,PT-2280
APT-009276,2025-09-13,15:56,15,"M. Ellis, PT",Exam & imaging,kept,17.6,28.5,86.1,Insurance,PT-1032
APT-009287,2025-09-13,16:09,16,"M. Ellis, PT",Hygiene recall,kept,49.3,40.3,139.65,Private,PT-2190
APT-009272,2025-09-13,16:10,16,"K. Duarte, PT",Root canal,cancelled,77.8,21.1,74.41,Private,PT-2280
APT-009295,2025-09-13,16:25,16,"M. Ellis, PT",Exam & imaging,cancelled,28.8,23.4,10.81,Private,PT-1712
APT-009278,2025-09-13,16:28,16,"M. Ellis, PT",Hygiene recall,cancelled,43.0,29.1,14.58,Insurance,PT-2000
APT-009289,2025-09-13,16:30,16,"M. Ellis, PT",Exam & imaging,kept,19.2,18.0,66.1,Corporate plan,PT-2749
APT-009275,2025-09-13,17:28,17,"M. Ellis, PT",Exam & imaging,kept,17.7,19.4,79.56,Insurance,PT-1846
APT-009317,2025-09-15,08:19,8,"K. Duarte, PT",Crown fit,kept,66.8,19.5,698.73,Insurance,PT-1799
APT-009299,2025-09-15,08:51,8,"K. Duarte, PT",Exam & imaging,kept,24.3,15.5,96.08,Insurance,PT-2283
APT-009300,2025-09-15,09:23,9,Dr. Benitez,Exam & imaging,kept,24.4,14.1,80.06,Corporate plan,PT-1647
APT-009329,2025-09-15,09:28,9,Dr. Benitez,Hygiene recall,kept,34.5,13.3,123.04,Insurance,PT-2634
APT-009324,2025-09-15,09:32,9,"K. Duarte, PT",Exam & imaging,kept,14.6,12.8,76.16,Corporate plan,PT-2453
APT-009313,2025-09-15,09:38,9,Dr. Chandra,Exam & imaging,kept,23.5,19.0,89.23,Private,PT-1690
APT-009309,2025-09-15,09:43,9,Dr. Almeida,Exam & imaging,kept,13.6,19.2,82.82,Insurance,PT-1391
APT-009321,2025-09-15,10:00,10,"K. Duarte, PT",Exam & imaging,kept,24.1,24.6,85.18,Insurance,PT-2506
APT-009312,2025-09-15,10:09,10,Dr. Chandra,Hygiene recall,rescheduled,59.2,13.1,0.0,Public scheme,PT-1394
APT-009308,2025-09-15,10:15,10,Dr. Almeida,Exam & imaging,kept,27.3,14.0,75.33,Insurance,PT-2392
APT-009318,2025-09-15,10:49,10,Dr. Chandra,Physio assessment,kept,54.1,12.8,149.27,Insurance,PT-2808
APT-009306,2025-09-15,10:52,10,Dr. Almeida,Exam & imaging,no_show,12.6,12.2,0.0,Private,PT-3064
APT-009334,2025-09-15,11:03,11,"K. Duarte, PT",Follow-up consult,kept,21.3,17.0,65.8,Insurance,PT-1625
APT-009310,2025-09-15,11:15,11,Dr. Almeida,Hygiene recall,kept,39.2,12.1,116.59,Corporate plan,PT-2428
APT-009326,2025-09-15,11:20,11,Dr. Almeida,Physio assessment,kept,68.6,14.5,140.9,Insurance,PT-1568
APT-009301,2025-09-15,11:21,11,Dr. Benitez,Hygiene recall,kept,48.8,13.1,82.17,Public scheme,PT-2429
APT-009320,2025-09-15,11:23,11,"K. Duarte, PT",Hygiene recall,kept,53.9,13.1,136.81,Private,PT-1989
APT-009330,2025-09-15,11:59,11,Dr. Benitez,Physio session,kept,52.5,21.9,119.84,Private,PT-1744
APT-009307,2025-09-15,12:29,12,Dr. Benitez,Physio session,kept,48.7,13.2,74.13,Insurance,PT-1982
APT-009331,2025-09-15,12:53,12,Dr. Benitez,Physio assessment,kept,53.8,13.8,162.81,Private,PT-2328
APT-009305,2025-09-15,13:44,13,"K. Duarte, PT",Hygiene recall,kept,46.2,25.9,112.15,Insurance,PT-2115
APT-009298,2025-09-15,14:15,14,"K. Duarte, PT",Hygiene recall,cancelled,37.7,22.9,12.35,Corporate plan,PT-1488
APT-009303,2025-09-15,14:17,14,Dr. Benitez,Exam & imaging,kept,19.8,22.1,75.15,Corporate plan,PT-2988
APT-009319,2025-09-15,14:30,14,Dr. Benitez,Hygiene recall,no_show,40.2,20.9,0.0,Insurance,PT-2165
APT-009322,2025-09-15,14:34,14,Dr. Almeida,Hygiene recall,kept,58.2,22.8,109.95,Insurance,PT-2413
APT-009323,2025-09-15,14:46,14,Dr. Almeida,Exam & imaging,kept,18.4,21.3,84.96,Insurance,PT-1664
APT-009336,2025-09-15,15:12,15,Dr. Benitez,Hygiene recall,kept,35.9,17.8,136.2,Private,PT-2136
APT-009335,2025-09-15,15:28,15,Dr. Almeida,Filling,kept,37.7,21.2,210.67,Private,PT-2678
APT-009304,2025-09-15,15:35,15,Dr. Almeida,Exam & imaging,kept,21.8,20.0,78.1,Corporate plan,PT-2265
APT-009333,2025-09-15,15:47,15,"K. Duarte, PT",Physio assessment,cancelled,69.8,25.9,20.3,Private,PT-2550
APT-009302,2025-09-15,15:57,15,Dr. Benitez,Physio session,kept,36.1,23.3,107.89,Private,PT-1617
APT-009315,2025-09-15,16:13,16,Dr. Almeida,Exam & imaging,kept,28.9,20.2,71.73,Corporate plan,PT-2401
APT-009297,2025-09-15,16:15,16,"K. Duarte, PT",Hygiene recall,rescheduled,42.3,26.5,0.0,Private,PT-1891
APT-009332,2025-09-15,16:19,16,Dr. Benitez,Filling,kept,41.7,19.4,210.49,Insurance,PT-1067
APT-009328,2025-09-15,16:32,16,Dr. Benitez,Hygiene recall,cancelled,58.7,16.9,17.02,Private,PT-1416
APT-009314,2025-09-15,16:33,16,Dr. Almeida,Exam & imaging,kept,26.1,20.7,75.63,Insurance,PT-2557
APT-009325,2025-09-15,17:09,17,Dr. Benitez,Hygiene recall,kept,37.2,21.2,113.93,Insurance,PT-1369
APT-009311,2025-09-15,17:23,17,Dr. Benitez,Physio assessment,kept,64.2,17.1,159.25,Private,PT-2832
APT-009327,2025-09-15,17:55,17,Dr. Benitez,Hygiene recall,no_show,39.1,20.4,0.0,Insurance,PT-1446
APT-009316,2025-09-15,17:59,17,Dr. Chandra,Exam & imaging,kept,20.6,18.5,90.23,Private,PT-2123
APT-009385,2025-09-16,08:04,8,Dr. Chandra,Physio assessment,cancelled,45.6,12.3,20.39,Private,PT-1115
APT-009341,2025-09-16,08:58,8,Dr. Benitez,Follow-up consult,kept,19.4,13.7,78.39,Private,PT-3130
APT-009370,2025-09-16,09:11,9,Dr. Almeida,Exam & imaging,kept,38.4,19.6,81.79,Insurance,PT-1048
APT-009395,2025-09-16,09:29,9,"M. Ellis, PT",Hygiene recall,rescheduled,49.7,14.0,0.0,Private,PT-2785
APT-009377,2025-09-16,09:48,9,Dr. Almeida,Exam & imaging,kept,30.1,12.9,82.95,Insurance,PT-1090
APT-009353,2025-09-16,09:51,9,Dr. Almeida,Exam & imaging,kept,28.2,12.3,84.46,Private,PT-1853
APT-009374,2025-09-16,10:04,10,"K. Duarte, PT",Root canal,kept,81.8,12.5,552.55,Insurance,PT-2761
APT-009342,2025-09-16,10:13,10,Dr. Benitez,Crown fit,rescheduled,55.8,15.6,0.0,Insurance,PT-2742
APT-009376,2025-09-16,10:22,10,Dr. Almeida,Exam & imaging,kept,23.1,15.7,82.84,Insurance,PT-2884
APT-009384,2025-09-16,10:27,10,Dr. Benitez,Physio session,kept,23.4,14.5,71.82,Public scheme,PT-2141
APT-009340,2025-09-16,10:30,10,Dr. Almeida,Physio assessment,rescheduled,52.3,13.0,0.0,Corporate plan,PT-3164
APT-009382,2025-09-16,10:35,10,"K. Duarte, PT",Exam & imaging,cancelled,24.3,13.5,11.07,Insurance,PT-2098
APT-009337,2025-09-16,10:36,10,Dr. Benitez,Filling,kept,41.0,15.3,127.07,Public scheme,PT-3117
APT-009347,2025-09-16,10:38,10,Dr. Almeida,Physio assessment,kept,58.6,12.1,141.91,Insurance,PT-1338
APT-009375,2025-09-16,10:39,10,Dr. Almeida,Filling,kept,39.0,16.8,178.43,Corporate plan,PT-1794
APT-009349,2025-09-16,10:44,10,"K. Duarte, PT",Crown fit,kept,71.0,12.3,513.59,Public scheme,PT-1803
APT-009359,2025-09-16,11:01,11,Dr. Chandra,Hygiene recall,kept,49.7,13.4,112.67,Corporate plan,PT-1306
APT-009378,2025-09-16,11:01,11,Dr. Benitez,Crown fit,kept,68.8,12.5,828.78,Insurance,PT-1245
APT-009393,2025-09-16,11:01,11,Dr. Chandra,Filling,kept,43.6,12.9,169.05,Insurance,PT-2611
APT-009380,2025-09-16,11:03,11,"M. Ellis, PT",Hygiene recall,kept,64.2,12.7,97.93,Corporate plan,PT-1873
APT-009350,2025-09-16,11:16,11,"K. Duarte, PT",Hygiene recall,cancelled,40.7,16.2,12.52,Corporate plan,PT-2902
APT-009360,2025-09-16,11:30,11,"K. Duarte, PT",Hygiene recall,kept,56.0,31.0,97.01,Public scheme,PT-1818
APT-009381,2025-09-16,11:33,11,"M. Ellis, PT",Physio assessment,no_show,58.9,16.2,0.0,Corporate plan,PT-2558
APT-009356,2025-09-16,11:44,11,"K. Duarte, PT",Follow-up consult,kept,8.0,12.5,70.41,Private,PT-2861
APT-009391,2025-09-16,11:46,11,"M. Ellis, PT",Physio assessment,kept,49.7,13.6,156.49,Private,PT-3195
APT-009348,2025-09-16,11:48,11,"M. Ellis, PT",Physio session,kept,45.8,20.1,84.78,Corporate plan,PT-1636
APT-009373,2025-09-16,11:55,11,Dr. Chandra,Physio session,kept,35.5,13.6,87.73,Insurance,PT-2016
APT-009339,2025-09-16,11:57,11,Dr. Benitez,Physio session,kept,31.2,23.1,54.2,Public scheme,PT-1731
APT-009383,2025-09-16,12:04,12,Dr. Chandra,Root canal,kept,87.2,13.7,411.97,Public scheme,PT-3047
APT-009390,2025-09-16,12:06,12,Dr. Benitez,Filling,no_show,43.6,12.8,0.0,Corporate plan,PT-2870
APT-009389,2025-09-16,12:10,12,Dr. Benitez,Physio assessment,kept,46.4,16.2,111.91,Corporate plan,PT-1675
APT-009364,2025-09-16,12:35,12,"K. Duarte, PT",Physio assessment,kept,53.2,28.9,167.84,Private,PT-1322
APT-009366,2025-09-16,12:35,12,"M. Ellis, PT",Physio session,kept,40.3,12.4,107.64,Private,PT-2906
APT-009388,2025-09-16,12:38,12,Dr. Benitez,Hygiene recall,no_show,40.6,13.4,0.0,Private,PT-1868
APT-009371,2025-09-16,12:55,12,"M. Ellis, PT",Hygiene recall,kept,36.2,16.4,111.02,Insurance,PT-1856
APT-009363,2025-09-16,13:13,13,"K. Duarte, PT",Filling,rescheduled,54.5,16.7,0.0,Corporate plan,PT-2232
APT-009344,2025-09-16,13:23,13,"K. Duarte, PT",Physio assessment,no_show,54.4,17.2,0.0,Private,PT-2482
APT-009387,2025-09-16,13:49,13,Dr. Almeida,Hygiene recall,rescheduled,52.5,50.4,0.0,Insurance,PT-2885
APT-009355,2025-09-16,13:55,13,"M. Ellis, PT",Physio session,kept,41.4,29.6,100.84,Private,PT-2028
APT-009367,2025-09-16,14:05,14,Dr. Chandra,Physio session,rescheduled,51.6,20.6,0.0,Insurance,PT-2228
APT-009362,2025-09-16,14:12,14,"K. Duarte, PT",Hygiene recall,no_show,47.6,18.4,0.0,Insurance,PT-2754
APT-009379,2025-09-16,14:13,14,"K. Duarte, PT",Hygiene recall,kept,38.0,16.1,121.5,Private,PT-2414
APT-009361,2025-09-16,14:41,14,Dr. Chandra,Physio session,kept,35.0,22.0,95.92,Insurance,PT-1467
APT-009392,2025-09-16,14:53,14,Dr. Benitez,Hygiene recall,kept,21.0,34.9,125.64,Private,PT-2499
APT-009338,2025-09-16,14:54,14,"M. Ellis, PT",Hygiene recall,rescheduled,45.0,18.5,0.0,Corporate plan,PT-2108
APT-009372,2025-09-16,14:59,14,Dr. Almeida,Exam & imaging,kept,8.0,17.4,89.87,Private,PT-1280
APT-009357,2025-09-16,15:02,15,"K. Duarte, PT",Hygiene recall,kept,45.9,21.1,119.73,Insurance,PT-1395
APT-009345,2025-09-16,15:04,15,Dr. Benitez,Filling,kept,20.9,18.3,205.77,Private,PT-2365
APT-009386,2025-09-16,15:17,15,Dr. Chandra,Follow-up consult,kept,15.8,21.4,56.66,Insurance,PT-2577
APT-009352,2025-09-16,15:21,15,"K. Duarte, PT",Physio assessment,kept,56.5,24.6,120.16,Private,PT-1216
APT-009354,2025-09-16,15:22,15,Dr. Chandra,Filling,no_show,41.0,18.7,0.0,Insurance,PT-1264
APT-009343,2025-09-16,15:36,15,Dr. Benitez,Exam & imaging,kept,44.0,19.1,74.51,Insurance,PT-1573
APT-009358,2025-09-16,15:36,15,Dr. Benitez,Hygiene recall,kept,51.8,19.4,145.44,Private,PT-2013
APT-009365,2025-09-16,15:53,15,"K. Duarte, PT",Physio session,kept,39.6,17.7,90.58,Insurance,PT-2308
APT-009368,2025-09-16,15:55,15,"K. Duarte, PT",Hygiene recall,rescheduled,44.8,17.4,0.0,Corporate plan,PT-2205
APT-009346,2025-09-16,15:59,15,"M. Ellis, PT",Hygiene recall,kept,51.8,18.2,123.6,Insurance,PT-1565
APT-009394,2025-09-16,16:17,16,Dr. Chandra,Hygiene recall,cancelled,51.2,21.0,14.06,Insurance,PT-2742
APT-009369,2025-09-16,16:24,16,Dr. Almeida,Hygiene recall,kept,39.4,19.7,113.69,Insurance,PT-2826
APT-009351,2025-09-16,17:10,17,Dr. Benitez,Filling,rescheduled,44.0,18.6,0.0,Corporate plan,PT-1012
APT-009428,2025-09-17,09:07,9,Dr. Benitez,Exam & imaging,kept,34.1,19.7,76.98,Insurance,PT-1124
APT-009407,2025-09-17,09:11,9,Dr. Faber,Physio session,kept,38.1,13.8,107.3,Private,PT-2341
APT-009414,2025-09-17,09:12,9,"K. Duarte, PT",Hygiene recall,kept,37.3,21.9,103.4,Corporate plan,PT-2694
APT-009409,2025-09-17,09:25,9,Dr. Faber,Root canal,kept,76.4,13.7,611.33,Private,PT-1756
APT-009422,2025-09-17,09:25,9,"K. Duarte, PT",Exam & imaging,kept,19.8,13.0,86.83,Insurance,PT-2652
APT-009401,2025-09-17,09:58,9,"M. Ellis, PT",Hygiene recall,no_show,46.1,13.9,0.0,Corporate plan,PT-3160
APT-009426,2025-09-17,10:07,10,Dr. Almeida,Physio session,kept,44.2,12.7,91.49,Insurance,PT-1162
APT-009431,2025-09-17,10:10,10,Dr. Faber,Filling,kept,48.9,22.7,187.83,Insurance,PT-2521
APT-009416,2025-09-17,10:14,10,Dr. Benitez,Filling,kept,38.2,16.8,189.72,Insurance,PT-2036
APT-009408,2025-09-17,10:18,10,"M. Ellis, PT",Physio session,kept,45.6,12.2,85.62,Insurance,PT-2650
APT-009399,2025-09-17,10:48,10,Dr. Benitez,Exam & imaging,kept,21.6,14.8,111.47,Private,PT-2352
APT-009418,2025-09-17,10:49,10,Dr. Benitez,Physio session,cancelled,35.3,13.6,12.82,Private,PT-1460
APT-009412,2025-09-17,11:56,11,Dr. Benitez,Filling,kept,45.3,21.8,132.54,Public scheme,PT-2206
APT-009427,2025-09-17,11:56,11,Dr. Faber,Physio assessment,kept,52.1,15.4,142.03,Insurance,PT-2010
APT-009430,2025-09-17,12:53,12,"M. Ellis, PT",Physio session,kept,34.9,17.9,90.82,Insurance,PT-1273
APT-009421,2025-09-17,13:06,13,Dr. Faber,Physio session,no_show,32.5,24.6,0.0,Private,PT-2714
APT-009423,2025-09-17,13:34,13,"K. Duarte, PT",Exam & imaging,no_show,22.5,22.3,0.0,Private,PT-2444
APT-009403,2025-09-17,14:07,14,"M. Ellis, PT",Exam & imaging,kept,23.4,20.7,100.86,Private,PT-2036
APT-009410,2025-09-17,14:13,14,Dr. Faber,Root canal,kept,69.0,28.8,604.68,Private,PT-1354
APT-009429,2025-09-17,14:15,14,"M. Ellis, PT",Physio assessment,cancelled,54.6,18.9,19.85,Private,PT-1984
APT-009405,2025-09-17,14:20,14,Dr. Benitez,Hygiene recall,kept,57.9,18.1,119.02,Insurance,PT-2680
APT-009411,2025-09-17,14:33,14,Dr. Faber,Hygiene recall,kept,55.0,20.3,119.4,Insurance,PT-2935
APT-009413,2025-09-17,15:00,15,"K. Duarte, PT",Filling,kept,54.9,26.0,168.27,Insurance,PT-2604
APT-009397,2025-09-17,15:02,15,Dr. Faber,Physio session,kept,49.8,19.0,106.07,Private,PT-2421
APT-009420,2025-09-17,15:09,15,"M. Ellis, PT",Follow-up consult,kept,22.2,29.6,67.35,Private,PT-3018
APT-009402,2025-09-17,15:40,15,Dr. Benitez,Crown fit,kept,62.1,21.2,770.99,Private,PT-2393
APT-009415,2025-09-17,15:41,15,Dr. Almeida,Hygiene recall,kept,48.0,21.9,152.09,Private,PT-1936
APT-009417,2025-09-17,15:46,15,Dr. Almeida,Filling,kept,43.4,20.4,141.95,Insurance,PT-3016
APT-009406,2025-09-17,15:48,15,Dr. Faber,Filling,kept,39.5,20.1,190.98,Insurance,PT-1717
APT-009396,2025-09-17,15:58,15,"K. Duarte, PT",Exam & imaging,no_show,16.8,20.8,0.0,Corporate plan,PT-1431
APT-009404,2025-09-17,16:20,16,Dr. Almeida,Hygiene recall,rescheduled,52.0,22.1,0.0,Private,PT-1049
APT-009424,2025-09-17,16:22,16,"K. Duarte, PT",Follow-up consult,kept,23.3,20.6,54.06,Corporate plan,PT-2971
APT-009400,2025-09-17,16:30,16,Dr. Almeida,Exam & imaging,cancelled,20.0,19.7,8.17,Insurance,PT-1967
APT-009425,2025-09-17,16:43,16,Dr. Faber,Exam & imaging,cancelled,35.2,18.6,10.64,Private,PT-3130
APT-009419,2025-09-17,16:53,16,Dr. Faber,Hygiene recall,kept,56.8,23.1,117.1,Corporate plan,PT-2428
APT-009398,2025-09-17,17:30,17,Dr. Faber,Physio session,cancelled,35.1,18.7,9.74,Insurance,PT-1887
APT-009448,2025-09-18,09:03,9,Dr. Chandra,Hygiene recall,kept,44.3,12.4,143.94,Private,PT-2232
APT-009456,2025-09-18,09:04,9,"K. Duarte, PT",Physio session,kept,34.1,15.7,102.9,Insurance,PT-3181
APT-009460,2025-09-18,09:21,9,Dr. Chandra,Hygiene recall,kept,41.6,14.8,112.08,Insurance,PT-1066
APT-009449,2025-09-18,09:53,9,"M. Ellis, PT",Hygiene recall,kept,33.8,12.3,113.13,Insurance,PT-1621
APT-009444,2025-09-18,09:57,9,Dr. Almeida,Root canal,kept,86.3,17.8,463.63,Insurance,PT-2820
APT-009476,2025-09-18,10:03,10,Dr. Almeida,Physio session,kept,38.7,16.3,98.75,Private,PT-1434
APT-009443,2025-09-18,10:05,10,"M. Ellis, PT",Physio assessment,kept,64.6,25.4,129.05,Insurance,PT-2377
APT-009435,2025-09-18,10:07,10,"K. Duarte, PT",Filling,cancelled,47.6,16.2,23.25,Private,PT-1726
APT-009465,2025-09-18,10:21,10,Dr. Benitez,Hygiene recall,kept,43.2,14.3,141.22,Private,PT-2780
APT-009461,2025-09-18,10:24,10,"K. Duarte, PT",Physio session,cancelled,33.4,12.2,10.47,Insurance,PT-2279
APT-009441,2025-09-18,10:29,10,"K. Duarte, PT",Exam & imaging,cancelled,16.3,15.4,7.0,Public scheme,PT-1676
APT-009442,2025-09-18,11:04,11,Dr. Benitez,Exam & imaging,kept,32.7,14.7,61.2,Public scheme,PT-1619
APT-009459,2025-09-18,11:33,11,Dr. Almeida,Follow-up consult,kept,17.4,15.4,65.11,Insurance,PT-1349
APT-009464,2025-09-18,11:34,11,Dr. Benitez,Physio assessment,kept,63.1,11.3,153.6,Private,PT-3008
APT-009455,2025-09-18,11:38,11,Dr. Chandra,Physio session,no_show,37.3,16.6,0.0,Private,PT-1316
APT-009472,2025-09-18,11:47,11,"K. Duarte, PT",Hygiene recall,rescheduled,57.1,11.3,0.0,Private,PT-2806
APT-009458,2025-09-18,11:53,11,Dr. Almeida,Hygiene recall,kept,41.9,24.4,89.41,Public scheme,PT-1759
APT-009450,2025-09-18,12:15,12,Dr. Chandra,Exam & imaging,no_show,20.7,14.5,0.0,Private,PT-1912
APT-009468,2025-09-18,12:16,12,"M. Ellis, PT",Follow-up consult,kept,23.5,18.0,53.75,Insurance,PT-1259
APT-009467,2025-09-18,12:22,12,Dr. Almeida,Physio assessment,rescheduled,68.7,11.8,0.0,Corporate plan,PT-1110
APT-009451,2025-09-18,12:33,12,"K. Duarte, PT",Filling,rescheduled,49.8,19.7,0.0,Corporate plan,PT-1123
APT-009447,2025-09-18,12:34,12,Dr. Faber,Filling,cancelled,51.8,17.9,27.09,Private,PT-2322
APT-009466,2025-09-18,12:40,12,Dr. Almeida,Hygiene recall,kept,46.2,28.1,114.98,Insurance,PT-2403
APT-009453,2025-09-18,13:25,13,"K. Duarte, PT",Exam & imaging,kept,31.0,22.8,77.28,Insurance,PT-1251
APT-009469,2025-09-18,13:26,13,Dr. Almeida,Physio assessment,no_show,59.9,22.4,0.0,Corporate plan,PT-1159
APT-009432,2025-09-18,14:01,14,Dr. Almeida,Hygiene recall,kept,41.9,17.1,100.98,Insurance,PT-2225
APT-009434,2025-09-18,14:09,14,Dr. Chandra,Crown fit,kept,64.3,28.5,696.0,Insurance,PT-2455
APT-009471,2025-09-18,14:10,14,Dr. Benitez,Hygiene recall,kept,37.1,30.1,127.6,Insurance,PT-2220
APT-009470,2025-09-18,14:13,14,"M. Ellis, PT",Physio session,rescheduled,51.9,17.6,0.0,Corporate plan,PT-1703
APT-009474,2025-09-18,14:19,14,Dr. Faber,Physio session,kept,36.9,20.6,104.65,Private,PT-2295
APT-009462,2025-09-18,14:22,14,"K. Duarte, PT",Exam & imaging,no_show,15.9,18.8,0.0,Private,PT-1980
APT-009439,2025-09-18,14:36,14,Dr. Almeida,Physio assessment,kept,58.5,23.4,97.32,Public scheme,PT-1254
APT-009457,2025-09-18,14:40,14,Dr. Benitez,Filling,kept,45.2,21.9,207.55,Private,PT-1745
APT-009436,2025-09-18,15:12,15,Dr. Faber,Hygiene recall,kept,50.0,32.4,121.14,Insurance,PT-1779
APT-009440,2025-09-18,15:16,15,Dr. Chandra,Crown fit,kept,76.0,18.3,789.71,Insurance,PT-2323
APT-009437,2025-09-18,15:35,15,Dr. Benitez,Physio session,kept,47.8,26.3,79.37,Insurance,PT-1775
APT-009446,2025-09-18,15:50,15,"M. Ellis, PT",Hygiene recall,kept,41.4,23.7,131.37,Insurance,PT-2056
APT-009463,2025-09-18,15:58,15,Dr. Almeida,Hygiene recall,kept,44.7,19.2,142.97,Private,PT-2935
APT-009452,2025-09-18,16:11,16,Dr. Almeida,Physio assessment,kept,60.2,20.0,81.0,Public scheme,PT-1106
APT-009433,2025-09-18,16:38,16,Dr. Almeida,Exam & imaging,kept,19.5,19.3,85.38,Insurance,PT-2167
APT-009454,2025-09-18,16:39,16,Dr. Benitez,Root canal,kept,86.6,28.5,477.56,Insurance,PT-2515
APT-009473,2025-09-18,16:39,16,"M. Ellis, PT",Crown fit,cancelled,69.0,21.3,94.31,Insurance,PT-1136
APT-009438,2025-09-18,16:48,16,Dr. Benitez,Exam & imaging,kept,34.1,20.3,58.91,Public scheme,PT-1242
APT-009475,2025-09-18,17:01,17,Dr. Almeida,Physio session,cancelled,55.6,22.8,7.5,Public scheme,PT-3081
APT-009445,2025-09-18,17:30,17,Dr. Faber,Physio session,kept,49.3,23.6,117.12,Private,PT-3196
APT-009504,2025-09-19,09:01,9,"K. Duarte, PT",Exam & imaging,cancelled,34.4,15.4,12.07,Private,PT-3060
APT-009483,2025-09-19,09:31,9,Dr. Benitez,Filling,cancelled,44.7,20.1,17.92,Public scheme,PT-2117
APT-009514,2025-09-19,09:52,9,Dr. Benitez,Hygiene recall,kept,44.9,12.7,130.74,Private,PT-1937
APT-009489,2025-09-19,10:05,10,Dr. Benitez,Filling,kept,50.4,19.8,182.57,Corporate plan,PT-2002
APT-009495,2025-09-19,10:10,10,"M. Ellis, PT",Filling,kept,44.4,13.6,201.93,Private,PT-1987
APT-009482,2025-09-19,10:11,10,"K. Duarte, PT",Exam & imaging,cancelled,27.7,15.8,12.14,Private,PT-2769
APT-009484,2025-09-19,10:17,10,Dr. Benitez,Hygiene recall,kept,48.9,14.7,128.62,Private,PT-2931
APT-009492,2025-09-19,10:25,10,Dr. Faber,Exam & imaging,kept,36.9,13.3,87.41,Corporate plan,PT-1196
APT-009493,2025-09-19,10:25,10,"M. Ellis, PT",Hygiene recall,cancelled,41.5,21.0,12.94,Insurance,PT-1341
APT-009488,2025-09-19,10:26,10,"K. Duarte, PT",Hygiene recall,rescheduled,49.3,11.8,0.0,Private,PT-2340
APT-009500,2025-09-19,10:38,10,Dr. Benitez,Hygiene recall,rescheduled,65.7,21.8,0.0,Insurance,PT-1275
APT-009503,2025-09-19,10:45,10,Dr. Almeida,Exam & imaging,kept,17.0,16.3,94.64,Private,PT-1932
APT-009496,2025-09-19,10:47,10,Dr. Benitez,Filling,kept,45.6,12.6,185.09,Private,PT-2984
APT-009508,2025-09-19,10:52,10,Dr. Benitez,Follow-up consult,rescheduled,23.3,14.8,0.0,Insurance,PT-1243
APT-009515,2025-09-19,11:20,11,Dr. Benitez,Hygiene recall,kept,45.5,15.1,103.78,Insurance,PT-1756
APT-009516,2025-09-19,11:22,11,"K. Duarte, PT",Hygiene recall,kept,37.6,11.8,89.45,Public scheme,PT-2637
APT-009502,2025-09-19,11:24,11,Dr. Benitez,Filling,kept,53.6,14.2,158.42,Corporate plan,PT-2912
APT-009510,2025-09-19,11:38,11,Dr. Benitez,Exam & imaging,kept,17.1,16.8,72.82,Corporate plan,PT-1814
APT-009497,2025-09-19,11:39,11,"K. Duarte, PT",Exam & imaging,kept,24.4,21.3,96.13,Private,PT-2132
APT-009480,2025-09-19,11:41,11,"M. Ellis, PT",Hygiene recall,kept,34.8,15.4,128.58,Private,PT-1575
APT-009499,2025-09-19,12:09,12,Dr. Almeida,Hygiene recall,cancelled,50.3,11.6,14.46,Insurance,PT-2667
APT-009491,2025-09-19,12:19,12,Dr. Chandra,Exam & imaging,kept,38.7,21.6,75.41,Insurance,PT-2287
APT-009513,2025-09-19,12:46,12,Dr. Chandra,Filling,kept,45.7,15.5,192.56,Insurance,PT-1861
APT-009485,2025-09-19,12:59,12,Dr. Chandra,Physio session,kept,43.4,15.6,83.85,Corporate plan,PT-2528
APT-009517,2025-09-19,13:53,13,Dr. Almeida,Hygiene recall,kept,57.9,18.3,123.35,Insurance,PT-1940
APT-009506,2025-09-19,14:31,14,"K. Duarte, PT",Exam & imaging,kept,22.5,23.3,81.58,Insurance,PT-2634
APT-009507,2025-09-19,14:44,14,"M. Ellis, PT",Hygiene recall,kept,36.6,19.0,96.69,Corporate plan,PT-1622
APT-009511,2025-09-19,14:57,14,Dr. Chandra,Exam & imaging,kept,24.5,24.1,79.23,Corporate plan,PT-3042
APT-009505,2025-09-19,15:10,15,"M. Ellis, PT",Exam & imaging,kept,38.1,17.0,92.29,Private,PT-1569
APT-009479,2025-09-19,15:30,15,Dr. Almeida,Physio session,kept,44.0,18.1,84.41,Insurance,PT-2558
APT-009501,2025-09-19,15:33,15,Dr. Benitez,Exam & imaging,kept,32.1,22.1,80.73,Insurance,PT-1204
APT-009490,2025-09-19,15:51,15,Dr. Benitez,Hygiene recall,no_show,38.4,20.5,0.0,Insurance,PT-1775
APT-009512,2025-09-19,16:41,16,"M. Ellis, PT",Root canal,cancelled,86.4,21.6,75.43,Private,PT-2740
APT-009494,2025-09-19,16:43,16,Dr. Almeida,Filling,kept,35.5,17.5,236.62,Private,PT-2004
APT-009481,2025-09-19,16:49,16,"K. Duarte, PT",Hygiene recall,kept,43.0,18.2,92.21,Public scheme,PT-2638
APT-009486,2025-09-19,16:55,16,Dr. Almeida,Physio assessment,kept,61.4,23.6,120.46,Insurance,PT-2436
APT-009487,2025-09-19,16:57,16,Dr. Chandra,Hygiene recall,kept,42.3,24.4,119.18,Insurance,PT-1115
APT-009478,2025-09-19,17:11,17,"M. Ellis, PT",Physio session,rescheduled,40.7,17.0,0.0,Insurance,PT-1854
APT-009509,2025-09-19,17:18,17,Dr. Chandra,Exam & imaging,kept,29.5,22.3,92.55,Private,PT-2327
APT-009498,2025-09-19,17:22,17,"K. Duarte, PT",Filling,kept,43.2,26.1,201.72,Private,PT-2144
APT-009477,2025-09-19,17:43,17,Dr. Chandra,Hygiene recall,cancelled,44.2,19.7,15.07,Insurance,PT-3002
APT-009523,2025-09-20,10:00,10,"K. Duarte, PT",Hygiene recall,kept,48.2,16.9,110.78,Insurance,PT-2755
APT-009532,2025-09-20,10:23,10,"K. Duarte, PT",Hygiene recall,kept,45.8,19.3,118.25,Insurance,PT-2625
APT-009526,2025-09-20,11:08,11,"K. Duarte, PT",Crown fit,kept,66.8,31.2,709.67,Insurance,PT-2446
APT-009537,2025-09-20,11:15,11,"K. Duarte, PT",Root canal,kept,75.7,12.4,547.25,Insurance,PT-1425
APT-009525,2025-09-20,11:28,11,"M. Ellis, PT",Hygiene recall,kept,41.9,14.2,105.31,Corporate plan,PT-2019
APT-009518,2025-09-20,11:51,11,"K. Duarte, PT",Exam & imaging,kept,35.1,16.1,82.51,Insurance,PT-2727
APT-009531,2025-09-20,12:07,12,"K. Duarte, PT",Hygiene recall,kept,34.6,28.8,99.49,Insurance,PT-1411
APT-009534,2025-09-20,12:55,12,"K. Duarte, PT",Physio assessment,kept,55.2,13.6,139.96,Insurance,PT-1321
APT-009524,2025-09-20,13:29,13,"K. Duarte, PT",Hygiene recall,kept,41.3,23.9,121.56,Private,PT-1018
APT-009527,2025-09-20,13:57,13,"M. Ellis, PT",Filling,kept,53.4,18.1,160.66,Insurance,PT-2334
APT-009535,2025-09-20,14:11,14,"K. Duarte, PT",Physio session,kept,50.9,17.4,83.25,Insurance,PT-2301
APT-009528,2025-09-20,14:25,14,"K. Duarte, PT",Hygiene recall,kept,44.4,17.1,111.55,Insurance,PT-2382
APT-009538,2025-09-20,14:48,14,"K. Duarte, PT",Hygiene recall,kept,45.7,20.5,114.06,Insurance,PT-2326
APT-009519,2025-09-20,15:00,15,"M. Ellis, PT",Physio session,kept,48.9,19.1,58.47,Public scheme,PT-1712
APT-009521,2025-09-20,15:05,15,"K. Duarte, PT",Hygiene recall,kept,55.0,22.9,130.54,Private,PT-1328
APT-009536,2025-09-20,15:09,15,"M. Ellis, PT",Filling,cancelled,56.8,18.8,17.53,Corporate plan,PT-2685
APT-009533,2025-09-20,15:26,15,"K. Duarte, PT",Exam & imaging,kept,24.8,17.9,100.46,Private,PT-2319
APT-009522,2025-09-20,15:53,15,"M. Ellis, PT",Exam & imaging,kept,19.2,18.0,97.55,Private,PT-2566
APT-009520,2025-09-20,15:55,15,"K. Duarte, PT",Crown fit,cancelled,60.8,20.2,93.64,Insurance,PT-2093
APT-009529,2025-09-20,15:56,15,"M. Ellis, PT",Hygiene recall,kept,42.9,17.7,130.0,Private,PT-1677
APT-009530,2025-09-20,16:11,16,"K. Duarte, PT",Physio assessment,kept,56.5,20.1,117.11,Corporate plan,PT-2618
APT-009592,2025-09-22,09:09,9,Dr. Chandra,Hygiene recall,kept,58.6,34.1,111.21,Insurance,PT-3065
APT-009572,2025-09-22,09:26,9,Dr. Chandra,Exam & imaging,kept,30.9,17.0,101.44,Private,PT-1864
APT-009562,2025-09-22,09:30,9,"K. Duarte, PT",Exam & imaging,kept,31.4,15.6,85.02,Insurance,PT-1219
APT-009578,2025-09-22,09:32,9,Dr. Almeida,Physio session,kept,34.7,19.3,98.74,Private,PT-2489
APT-009589,2025-09-22,09:41,9,Dr. Almeida,Hygiene recall,kept,39.7,21.6,113.1,Insurance,PT-2992
APT-009594,2025-09-22,09:52,9,Dr. Chandra,Hygiene recall,kept,55.3,11.5,106.98,Insurance,PT-2645
APT-009557,2025-09-22,09:59,9,"K. Duarte, PT",Hygiene recall,kept,45.8,16.0,109.56,Corporate plan,PT-1196
APT-009587,2025-09-22,10:20,10,Dr. Almeida,Follow-up consult,kept,20.9,17.8,58.06,Corporate plan,PT-2540
APT-009576,2025-09-22,10:49,10,Dr. Benitez,Exam & imaging,kept,32.3,27.1,102.48,Private,PT-2639
APT-009571,2025-09-22,10:51,10,"K. Duarte, PT",Filling,kept,49.1,15.5,193.54,Insurance,PT-1879
APT-009555,2025-09-22,11:09,11,Dr. Almeida,Follow-up consult,kept,15.8,18.0,59.76,Corporate plan,PT-2779
APT-009561,2025-09-22,11:11,11,Dr. Benitez,Physio assessment,rescheduled,43.2,18.2,0.0,Private,PT-1965
APT-009567,2025-09-22,11:11,11,Dr. Almeida,Hygiene recall,kept,46.2,15.3,142.79,Private,PT-1167
APT-009584,2025-09-22,11:12,11,"K. Duarte, PT",Filling,kept,45.0,20.9,183.85,Insurance,PT-3028
APT-009588,2025-09-22,11:14,11,Dr. Chandra,Physio assessment,kept,60.7,24.2,138.35,Insurance,PT-2261
APT-009559,2025-09-22,11:24,11,"K. Duarte, PT",Physio assessment,kept,46.7,15.5,108.58,Public scheme,PT-2313
APT-009563,2025-09-22,11:26,11,Dr. Benitez,Exam & imaging,kept,27.0,16.3,64.9,Public scheme,PT-2908
APT-009546,2025-09-22,11:27,11,"K. Duarte, PT",Exam & imaging,kept,26.3,14.5,81.23,Insurance,PT-1413
APT-009579,2025-09-22,11:32,11,Dr. Chandra,Root canal,kept,85.3,13.1,440.79,Corporate plan,PT-1402
APT-009568,2025-09-22,11:33,11,Dr. Chandra,Exam & imaging,cancelled,22.9,14.3,9.22,Insurance,PT-1125
APT-009549,2025-09-22,11:38,11,Dr. Chandra,Exam & imaging,cancelled,35.0,14.3,6.95,Public scheme,PT-1663
APT-009590,2025-09-22,11:41,11,Dr. Benitez,Physio assessment,kept,47.1,12.4,130.49,Insurance,PT-1664
APT-009545,2025-09-22,11:44,11,Dr. Benitez,Hygiene recall,rescheduled,38.3,12.7,0.0,Insurance,PT-1025
APT-009581,2025-09-22,11:48,11,Dr. Benitez,Filling,kept,41.5,14.8,217.48,Private,PT-2798
APT-009544,2025-09-22,11:59,11,Dr. Benitez,Hygiene recall,cancelled,49.6,19.7,13.96,Insurance,PT-1525
APT-009582,2025-09-22,12:04,12,Dr. Chandra,Hygiene recall,rescheduled,56.7,14.2,0.0,Insurance,PT-3008
APT-009573,2025-09-22,12:18,12,"K. Duarte, PT",Hygiene recall,kept,48.9,14.3,122.51,Insurance,PT-3109
APT-009543,2025-09-22,12:33,12,Dr. Almeida,Filling,kept,36.7,33.5,187.71,Private,PT-1004
APT-009552,2025-09-22,13:09,13,Dr. Almeida,Hygiene recall,cancelled,39.9,24.0,16.49,Private,PT-3194
APT-009580,2025-09-22,13:45,13,"K. Duarte, PT",Exam & imaging,kept,32.6,28.0,96.64,Private,PT-1111
APT-009548,2025-09-22,13:57,13,"K. Duarte, PT",Filling,kept,57.4,25.3,226.91,Private,PT-3050
APT-009539,2025-09-22,14:02,14,Dr. Benitez,Exam & imaging,kept,17.3,23.4,69.95,Insurance,PT-1897
APT-009564,2025-09-22,14:10,14,"K. Duarte, PT",Filling,kept,35.2,21.0,130.52,Public scheme,PT-1534
APT-009570,2025-09-22,14:21,14,Dr. Almeida,Hygiene recall,kept,30.9,19.5,138.58,Private,PT-3047
APT-009583,2025-09-22,14:26,14,"K. Duarte, PT",Physio session,kept,23.8,28.6,90.57,Insurance,PT-2900
APT-009560,2025-09-22,14:35,14,Dr. Almeida,Hygiene recall,kept,44.4,22.7,127.87,Private,PT-3111
APT-009558,2025-09-22,14:40,14,Dr. Chandra,Crown fit,rescheduled,70.4,19.3,0.0,Private,PT-1915
APT-009591,2025-09-22,14:47,14,Dr. Chandra,Hygiene recall,kept,47.5,24.0,118.64,Insurance,PT-3047
APT-009553,2025-09-22,14:58,14,Dr. Chandra,Filling,kept,41.6,21.9,185.78,Insurance,PT-1978
APT-009574,2025-09-22,15:04,15,Dr. Chandra,Exam & imaging,kept,28.7,19.2,78.29,Insurance,PT-1401
APT-009565,2025-09-22,15:17,15,Dr. Chandra,Hygiene recall,no_show,53.0,18.8,0.0,Insurance,PT-1190
APT-009551,2025-09-22,15:22,15,Dr. Chandra,Exam & imaging,no_show,23.8,23.3,0.0,Corporate plan,PT-2818
APT-009554,2025-09-22,15:35,15,"K. Duarte, PT",Physio session,kept,47.9,19.4,91.2,Private,PT-1029
APT-009585,2025-09-22,15:39,15,Dr. Chandra,Exam & imaging,rescheduled,22.9,21.8,0.0,Private,PT-1855
APT-009542,2025-09-22,15:43,15,"K. Duarte, PT",Hygiene recall,kept,56.6,29.3,149.55,Private,PT-3003
APT-009566,2025-09-22,15:48,15,Dr. Benitez,Exam & imaging,kept,18.1,29.0,77.55,Insurance,PT-3055
APT-009547,2025-09-22,15:57,15,Dr. Benitez,Exam & imaging,kept,10.6,17.8,79.75,Insurance,PT-1740
APT-009569,2025-09-22,16:23,16,"K. Duarte, PT",Physio session,kept,36.9,20.3,106.51,Private,PT-2450
APT-009577,2025-09-22,16:34,16,Dr. Almeida,Hygiene recall,kept,45.2,23.2,112.48,Insurance,PT-1255
APT-009556,2025-09-22,16:35,16,Dr. Chandra,Hygiene recall,kept,37.6,20.3,76.21,Public scheme,PT-2911
APT-009540,2025-09-22,16:40,16,Dr. Benitez,Physio session,kept,31.3,22.3,95.53,Private,PT-2745
APT-009593,2025-09-22,16:47,16,"K. Duarte, PT",Filling,no_show,44.5,20.3,0.0,Corporate plan,PT-1694
APT-009575,2025-09-22,16:52,16,"K. Duarte, PT",Exam & imaging,kept,27.9,18.7,88.19,Insurance,PT-2749
APT-009550,2025-09-22,16:54,16,Dr. Chandra,Exam & imaging,cancelled,23.7,19.0,9.74,Insurance,PT-1603
APT-009586,2025-09-22,16:57,16,Dr. Benitez,Hygiene recall,no_show,51.1,19.7,0.0,Private,PT-2755
APT-009541,2025-09-22,16:59,16,Dr. Benitez,Hygiene recall,kept,36.3,18.8,102.51,Corporate plan,PT-1399
